Tracking ID,Tracking Date,Store Number,Product Description,Promotions,Total Sales
3000891,8/16/17,1,BEVERAGES,20,2803
3000893,8/16/17,1,BREAD/BAKERY,12,232.343
3000894,8/16/17,1,CELEBRATION,0,13
3000895,8/16/17,1,CLEANING,25,720
3000896,8/16/17,1,DAIRY,45,710
3000897,8/16/17,1,DELI,18,144.572
3000898,8/16/17,1,EGGS,1,163
3000899,8/16/17,1,FROZEN FOODS,1,97
3000900,8/16/17,1,GROCERY I,64,2327
3000906,8/16/17,1,HOME CARE,10,211
3000908,8/16/17,1,LAWN AND GARDEN,16,20
3000912,8/16/17,1,MEATS,0,712.06
3000913,8/16/17,1,PERSONAL CARE,18,145
3000915,8/16/17,1,PLAYERS AND ELECTRONICS,0,7
3000916,8/16/17,1,POULTRY,0,709.636
3000917,8/16/17,1,PREPARED FOODS,0,127.85
3000918,8/16/17,1,PRODUCE,256,3951.501
3000920,8/16/17,1,SEAFOOD,0,30.559
3000921,8/16/17,10,AUTOMOTIVE,0,5
3000923,8/16/17,10,BEAUTY,2,1
3000924,8/16/17,10,BEVERAGES,43,370
3000926,8/16/17,10,BREAD/BAKERY,15,112
3000928,8/16/17,10,CLEANING,30,776
3000929,8/16/17,10,DAIRY,106,336
3000930,8/16/17,10,DELI,18,205
3000931,8/16/17,10,EGGS,1,11
3000932,8/16/17,10,FROZEN FOODS,1,50.571
3000933,8/16/17,10,GROCERY I,96,2463
3000935,8/16/17,10,HARDWARE,0,2
3000936,8/16/17,10,HOME AND KITCHEN I,2,24
3000939,8/16/17,10,HOME CARE,15,310
3000942,8/16/17,10,LINGERIE,5,6
3000945,8/16/17,10,MEATS,0,205.056
3000946,8/16/17,10,PERSONAL CARE,19,131
3000949,8/16/17,10,POULTRY,0,216.878
3000950,8/16/17,10,PREPARED FOODS,0,19
3000951,8/16/17,10,PRODUCE,230,351.215
3000953,8/16/17,10,SEAFOOD,0,5
3000954,8/16/17,11,AUTOMOTIVE,0,6
3000957,8/16/17,11,BEVERAGES,52,1836
3000959,8/16/17,11,BREAD/BAKERY,16,576
3000960,8/16/17,11,CELEBRATION,0,31
3000961,8/16/17,11,CLEANING,35,1189
3000962,8/16/17,11,DAIRY,145,320
3000963,8/16/17,11,DELI,18,244.813
3000964,8/16/17,11,EGGS,1,88
3000965,8/16/17,11,FROZEN FOODS,1,52
3000966,8/16/17,11,GROCERY I,102,6304.683
3000967,8/16/17,11,GROCERY II,0,21
3000969,8/16/17,11,HOME AND KITCHEN I,4,13
3000970,8/16/17,11,HOME AND KITCHEN II,6,13
3000972,8/16/17,11,HOME CARE,14,933
3000973,8/16/17,11,LADIESWEAR,0,16
3000975,8/16/17,11,LINGERIE,3,14
3000976,8/16/17,11,LIQUOR WINE BEER,8,81
3000978,8/16/17,11,MEATS,0,694.64
3000979,8/16/17,11,PERSONAL CARE,18,234
3000981,8/16/17,11,PLAYERS AND ELECTRONICS,1,10
3000982,8/16/17,11,POULTRY,0,776.195
3000983,8/16/17,11,PREPARED FOODS,0,41
3000984,8/16/17,11,PRODUCE,163,1988.468
3000986,8/16/17,11,SEAFOOD,0,14
3000987,8/16/17,12,AUTOMOTIVE,0,9
3000990,8/16/17,12,BEVERAGES,38,517
3000992,8/16/17,12,BREAD/BAKERY,17,152
3000994,8/16/17,12,CLEANING,29,695
3000995,8/16/17,12,DAIRY,115,272
3000996,8/16/17,12,DELI,18,120
3000997,8/16/17,12,EGGS,1,70
3000998,8/16/17,12,FROZEN FOODS,1,52
3000999,8/16/17,12,GROCERY I,87,2088
3001011,8/16/17,12,MEATS,0,159.299
3001012,8/16/17,12,PERSONAL CARE,15,213
3001014,8/16/17,12,PLAYERS AND ELECTRONICS,0,6
3001015,8/16/17,12,POULTRY,1,305.056
3001017,8/16/17,12,PRODUCE,219,341.653
3001023,8/16/17,13,BEVERAGES,33,453
3001025,8/16/17,13,BREAD/BAKERY,16,103
3001027,8/16/17,13,CLEANING,29,594
3001028,8/16/17,13,DAIRY,107,238
3001029,8/16/17,13,DELI,18,85
3001030,8/16/17,13,EGGS,1,54
3001031,8/16/17,13,FROZEN FOODS,1,15
3001032,8/16/17,13,GROCERY I,90,1654
3001039,8/16/17,13,LADIESWEAR,0,5
3001044,8/16/17,13,MEATS,0,131.586
3001045,8/16/17,13,PERSONAL CARE,20,143
3001048,8/16/17,13,POULTRY,0,135.026
3001049,8/16/17,13,PREPARED FOODS,0,14
3001050,8/16/17,13,PRODUCE,244,299.712
3001053,8/16/17,14,AUTOMOTIVE,0,4
3001056,8/16/17,14,BEVERAGES,38,441
3001058,8/16/17,14,BREAD/BAKERY,15,174
3001059,8/16/17,14,CELEBRATION,0,4
3001060,8/16/17,14,CLEANING,31,816
3001061,8/16/17,14,DAIRY,114,483
3001062,8/16/17,14,DELI,18,131
3001063,8/16/17,14,EGGS,1,41
3001064,8/16/17,14,FROZEN FOODS,1,13
3001065,8/16/17,14,GROCERY I,88,1907
3001068,8/16/17,14,HOME AND KITCHEN I,2,8
3001074,8/16/17,14,LINGERIE,4,5
3001075,8/16/17,14,LIQUOR WINE BEER,9,7
3001077,8/16/17,14,MEATS,0,381.589
3001078,8/16/17,14,PERSONAL CARE,17,194
3001081,8/16/17,14,POULTRY,0,86.333
3001082,8/16/17,14,PREPARED FOODS,0,38
3001083,8/16/17,14,PRODUCE,223,479.677
3001086,8/16/17,15,AUTOMOTIVE,0,8
3001088,8/16/17,15,BEAUTY,2,1
3001089,8/16/17,15,BEVERAGES,45,612
3001091,8/16/17,15,BREAD/BAKERY,17,199
3001092,8/16/17,15,CELEBRATION,0,4
3001093,8/16/17,15,CLEANING,32,620
3001094,8/16/17,15,DAIRY,114,329
3001095,8/16/17,15,DELI,19,262
3001096,8/16/17,15,EGGS,2,55
3001097,8/16/17,15,FROZEN FOODS,1,23
3001098,8/16/17,15,GROCERY I,105,3720
3001104,8/16/17,15,HOME CARE,15,233
3001105,8/16/17,15,LADIESWEAR,0,12
3001107,8/16/17,15,LINGERIE,5,1
3001108,8/16/17,15,LIQUOR WINE BEER,8,35
3001110,8/16/17,15,MEATS,0,149.201
3001111,8/16/17,15,PERSONAL CARE,16,180
3001114,8/16/17,15,POULTRY,0,97.654
3001115,8/16/17,15,PREPARED FOODS,0,20
3001116,8/16/17,15,PRODUCE,208,903.658
3001118,8/16/17,15,SEAFOOD,0,3
3001119,8/16/17,16,AUTOMOTIVE,0,5
3001122,8/16/17,16,BEVERAGES,34,401
3001124,8/16/17,16,BREAD/BAKERY,15,181
3001126,8/16/17,16,CLEANING,31,838
3001127,8/16/17,16,DAIRY,108,508
3001128,8/16/17,16,DELI,18,221
3001129,8/16/17,16,EGGS,1,258
3001130,8/16/17,16,FROZEN FOODS,1,12
3001131,8/16/17,16,GROCERY I,97,2578
3001135,8/16/17,16,HOME AND KITCHEN II,6,9
3001143,8/16/17,16,MEATS,0,68.885
3001144,8/16/17,16,PERSONAL CARE,19,164
3001147,8/16/17,16,POULTRY,1,76.512
3001148,8/16/17,16,PREPARED FOODS,1,62
3001149,8/16/17,16,PRODUCE,211,1062.49
3001151,8/16/17,16,SEAFOOD,0,5
3001152,8/16/17,17,AUTOMOTIVE,0,5
3001155,8/16/17,17,BEVERAGES,34,1173
3001157,8/16/17,17,BREAD/BAKERY,15,204
3001159,8/16/17,17,CLEANING,30,772
3001160,8/16/17,17,DAIRY,139,404
3001161,8/16/17,17,DELI,18,232
3001162,8/16/17,17,EGGS,1,72
3001163,8/16/17,17,FROZEN FOODS,1,29
3001164,8/16/17,17,GROCERY I,91,2576
3001167,8/16/17,17,HOME AND KITCHEN I,2,19
3001170,8/16/17,17,HOME CARE,16,267
3001176,8/16/17,17,MEATS,0,220.509
3001177,8/16/17,17,PERSONAL CARE,16,130
3001180,8/16/17,17,POULTRY,0,348.53
3001181,8/16/17,17,PREPARED FOODS,0,59
3001182,8/16/17,17,PRODUCE,177,1054.232
3001184,8/16/17,17,SEAFOOD,0,20
3001185,8/16/17,18,AUTOMOTIVE,0,2
3001188,8/16/17,18,BEVERAGES,40,952
3001190,8/16/17,18,BREAD/BAKERY,17,656
3001192,8/16/17,18,CLEANING,34,602
3001193,8/16/17,18,DAIRY,161,444
3001194,8/16/17,18,DELI,18,154.771
3001195,8/16/17,18,EGGS,1,112
3001196,8/16/17,18,FROZEN FOODS,1,28
3001197,8/16/17,18,GROCERY I,97,1607.357
3001203,8/16/17,18,HOME CARE,16,204
3001209,8/16/17,18,MEATS,0,162.8255
3001210,8/16/17,18,PERSONAL CARE,21,118
3001213,8/16/17,18,POULTRY,1,165.4432
3001214,8/16/17,18,PREPARED FOODS,1,45
3001215,8/16/17,18,PRODUCE,156,2035.715
3001217,8/16/17,18,SEAFOOD,0,7.6296
3001221,8/16/17,19,BEVERAGES,39,1060
3001223,8/16/17,19,BREAD/BAKERY,15,222
3001225,8/16/17,19,CLEANING,28,1342
3001226,8/16/17,19,DAIRY,116,444
3001227,8/16/17,19,DELI,18,146
3001228,8/16/17,19,EGGS,1,243
3001229,8/16/17,19,FROZEN FOODS,1,31
3001230,8/16/17,19,GROCERY I,89,1987
3001236,8/16/17,19,HOME CARE,14,258
3001242,8/16/17,19,MEATS,0,140.98401
3001243,8/16/17,19,PERSONAL CARE,15,175
3001244,8/16/17,19,PET SUPPLIES,0,1
3001246,8/16/17,19,POULTRY,0,96.194
3001247,8/16/17,19,PREPARED FOODS,0,26
3001248,8/16/17,19,PRODUCE,220,424.717
3001254,8/16/17,2,BEVERAGES,23,1044
3001256,8/16/17,2,BREAD/BAKERY,12,338.022
3001257,8/16/17,2,CELEBRATION,0,10
3001258,8/16/17,2,CLEANING,22,838
3001259,8/16/17,2,DAIRY,41,827
3001260,8/16/17,2,DELI,18,232.299
3001261,8/16/17,2,EGGS,1,187
3001262,8/16/17,2,FROZEN FOODS,1,117
3001263,8/16/17,2,GROCERY I,65,3052
3001269,8/16/17,2,HOME CARE,11,294
3001271,8/16/17,2,LAWN AND GARDEN,16,9
3001274,8/16/17,2,MAGAZINES,0,3
3001275,8/16/17,2,MEATS,1,388.863
3001276,8/16/17,2,PERSONAL CARE,20,242
3001278,8/16/17,2,PLAYERS AND ELECTRONICS,0,8
3001279,8/16/17,2,POULTRY,0,713.881
3001280,8/16/17,2,PREPARED FOODS,0,122.783005
3001281,8/16/17,2,PRODUCE,255,37
3001283,8/16/17,2,SEAFOOD,0,33.77
3001386,8/16/17,23,BEVERAGES,21,397
3001388,8/16/17,23,BREAD/BAKERY,12,226.65
3001390,8/16/17,23,CLEANING,24,589
3001391,8/16/17,23,DAIRY,45,494
3001392,8/16/17,23,DELI,18,102.628
3001393,8/16/17,23,EGGS,1,45
3001394,8/16/17,23,FROZEN FOODS,1,81
3001395,8/16/17,23,GROCERY I,70,1557
3001401,8/16/17,23,HOME CARE,12,178
3001407,8/16/17,23,MEATS,0,555.362
3001408,8/16/17,23,PERSONAL CARE,19,218
3001410,8/16/17,23,PLAYERS AND ELECTRONICS,0,8
3001411,8/16/17,23,POULTRY,0,460.176
3001412,8/16/17,23,PREPARED FOODS,0,53.551
3001413,8/16/17,23,PRODUCE,253,3
3001415,8/16/17,23,SEAFOOD,0,21.391
3001419,8/16/17,24,BEVERAGES,24,2678
3001421,8/16/17,24,BREAD/BAKERY,12,720.787
3001423,8/16/17,24,CLEANING,23,858
3001424,8/16/17,24,DAIRY,41,905
3001425,8/16/17,24,DELI,18,193.168
3001426,8/16/17,24,EGGS,1,181
3001427,8/16/17,24,FROZEN FOODS,1,171.753
3001428,8/16/17,24,GROCERY I,63,2829
3001434,8/16/17,24,HOME CARE,11,294
3001436,8/16/17,24,LAWN AND GARDEN,16,8
3001440,8/16/17,24,MEATS,0,415.47
3001441,8/16/17,24,PERSONAL CARE,16,271
3001444,8/16/17,24,POULTRY,0,541.872
3001445,8/16/17,24,PREPARED FOODS,0,101.526
3001446,8/16/17,24,PRODUCE,254,6300.022
3001448,8/16/17,24,SEAFOOD,0,54.814
3001452,8/16/17,25,BEVERAGES,22,659
3001454,8/16/17,25,BREAD/BAKERY,12,289.614
3001455,8/16/17,25,CELEBRATION,0,9
3001456,8/16/17,25,CLEANING,23,392
3001457,8/16/17,25,DAIRY,44,388
3001458,8/16/17,25,DELI,18,132.409
3001459,8/16/17,25,EGGS,1,130
3001460,8/16/17,25,FROZEN FOODS,1,61
3001461,8/16/17,25,GROCERY I,63,945
3001467,8/16/17,25,HOME CARE,12,82
3001469,8/16/17,25,LAWN AND GARDEN,16,4
3001473,8/16/17,25,MEATS,0,284.116
3001474,8/16/17,25,PERSONAL CARE,18,84
3001477,8/16/17,25,POULTRY,0,244.18
3001478,8/16/17,25,PREPARED FOODS,0,70.653
3001479,8/16/17,25,PRODUCE,253,1920.234
3001481,8/16/17,25,SEAFOOD,0,5
3001485,8/16/17,26,BEVERAGES,23,307
3001487,8/16/17,26,BREAD/BAKERY,12,221
3001488,8/16/17,26,CELEBRATION,0,10
3001489,8/16/17,26,CLEANING,22,361
3001490,8/16/17,26,DAIRY,42,177
3001491,8/16/17,26,DELI,18,110.341
3001492,8/16/17,26,EGGS,1,37
3001493,8/16/17,26,FROZEN FOODS,1,25
3001494,8/16/17,26,GROCERY I,65,1101
3001500,8/16/17,26,HOME CARE,13,154
3001506,8/16/17,26,MEATS,0,328.973
3001507,8/16/17,26,PERSONAL CARE,19,108
3001509,8/16/17,26,PLAYERS AND ELECTRONICS,0,6
3001510,8/16/17,26,POULTRY,1,90.538
3001511,8/16/17,26,PREPARED FOODS,0,5
3001512,8/16/17,26,PRODUCE,252,623.403
3001514,8/16/17,26,SEAFOOD,0,3.53
3001518,8/16/17,27,BEVERAGES,24,2801
3001520,8/16/17,27,BREAD/BAKERY,13,402.836
3001521,8/16/17,27,CELEBRATION,0,18
3001522,8/16/17,27,CLEANING,20,444
3001523,8/16/17,27,DAIRY,41,507
3001524,8/16/17,27,DELI,18,192.817
3001525,8/16/17,27,EGGS,1,127
3001526,8/16/17,27,FROZEN FOODS,1,87
3001527,8/16/17,27,GROCERY I,65,2053
3001533,8/16/17,27,HOME CARE,12,213
3001535,8/16/17,27,LAWN AND GARDEN,16,7
3001539,8/16/17,27,MEATS,0,180.439
3001540,8/16/17,27,PERSONAL CARE,19,134
3001542,8/16/17,27,PLAYERS AND ELECTRONICS,0,3
3001543,8/16/17,27,POULTRY,0,278.428
3001544,8/16/17,27,PREPARED FOODS,0,89.805
3001545,8/16/17,27,PRODUCE,255,5
3001547,8/16/17,27,SEAFOOD,0,26.337
3001548,8/16/17,28,AUTOMOTIVE,0,15
3001551,8/16/17,28,BEVERAGES,47,938
3001553,8/16/17,28,BREAD/BAKERY,18,379
3001555,8/16/17,28,CLEANING,32,742
3001556,8/16/17,28,DAIRY,151,593
3001557,8/16/17,28,DELI,18,207.552
3001558,8/16/17,28,EGGS,1,576
3001559,8/16/17,28,FROZEN FOODS,1,25
3001560,8/16/17,28,GROCERY I,101,3055.992
3001561,8/16/17,28,GROCERY II,0,4
3001563,8/16/17,28,HOME AND KITCHEN I,2,27
3001565,8/16/17,28,HOME APPLIANCES,0,1
3001566,8/16/17,28,HOME CARE,16,247
3001569,8/16/17,28,LINGERIE,3,22
3001570,8/16/17,28,LIQUOR WINE BEER,10,226
3001572,8/16/17,28,MEATS,0,93.684
3001573,8/16/17,28,PERSONAL CARE,18,212
3001574,8/16/17,28,PET SUPPLIES,0,4
3001576,8/16/17,28,POULTRY,0,171.098
3001577,8/16/17,28,PREPARED FOODS,0,38.507
3001578,8/16/17,28,PRODUCE,175,2646.4429
3001580,8/16/17,28,SEAFOOD,0,3
3001617,8/16/17,3,BEVERAGES,21,3384
3001619,8/16/17,3,BREAD/BAKERY,12,877.256
3001620,8/16/17,3,CELEBRATION,0,16
3001621,8/16/17,3,CLEANING,22,1950
3001622,8/16/17,3,DAIRY,37,1697
3001623,8/16/17,3,DELI,18,328.706
3001624,8/16/17,3,EGGS,1,502
3001625,8/16/17,3,FROZEN FOODS,1,286.856
3001626,8/16/17,3,GROCERY I,60,6162
3001632,8/16/17,3,HOME CARE,13,560
3001634,8/16/17,3,LAWN AND GARDEN,16,22
3001638,8/16/17,3,MEATS,0,1135.474
3001639,8/16/17,3,PERSONAL CARE,18,323
3001641,8/16/17,3,PLAYERS AND ELECTRONICS,0,21
3001642,8/16/17,3,POULTRY,0,1613.129
3001643,8/16/17,3,PREPARED FOODS,0,487.036
3001644,8/16/17,3,PRODUCE,254,5
3001646,8/16/17,3,SEAFOOD,0,122.735
3001650,8/16/17,30,BEVERAGES,45,516
3001652,8/16/17,30,BREAD/BAKERY,14,115
3001654,8/16/17,30,CLEANING,30,337
3001655,8/16/17,30,DAIRY,110,207
3001656,8/16/17,30,DELI,18,92
3001657,8/16/17,30,EGGS,1,154
3001658,8/16/17,30,FROZEN FOODS,1,28
3001659,8/16/17,30,GROCERY I,93,1120
3001671,8/16/17,30,MEATS,0,83.821
3001672,8/16/17,30,PERSONAL CARE,16,84
3001675,8/16/17,30,POULTRY,0,123.522995
3001677,8/16/17,30,PRODUCE,205,823.68
3001680,8/16/17,31,AUTOMOTIVE,0,12
3001683,8/16/17,31,BEVERAGES,42,791
3001685,8/16/17,31,BREAD/BAKERY,17,288
3001686,8/16/17,31,CELEBRATION,0,6
3001687,8/16/17,31,CLEANING,32,754
3001688,8/16/17,31,DAIRY,141,877
3001689,8/16/17,31,DELI,18,199.965
3001690,8/16/17,31,EGGS,1,185
3001691,8/16/17,31,FROZEN FOODS,1,47.727
3001692,8/16/17,31,GROCERY I,97,2346.024
3001693,8/16/17,31,GROCERY II,0,7
3001695,8/16/17,31,HOME AND KITCHEN I,2,18
3001696,8/16/17,31,HOME AND KITCHEN II,6,8
3001698,8/16/17,31,HOME CARE,15,304
3001704,8/16/17,31,MEATS,0,399.5386
3001705,8/16/17,31,PERSONAL CARE,19,278
3001708,8/16/17,31,POULTRY,1,146.829
3001709,8/16/17,31,PREPARED FOODS,1,49
3001710,8/16/17,31,PRODUCE,172,2304.033
3001712,8/16/17,31,SEAFOOD,0,1
3001716,8/16/17,32,BEVERAGES,33,208
3001718,8/16/17,32,BREAD/BAKERY,15,101
3001720,8/16/17,32,CLEANING,32,231
3001721,8/16/17,32,DAIRY,98,84
3001722,8/16/17,32,DELI,18,80
3001723,8/16/17,32,EGGS,1,93
3001724,8/16/17,32,FROZEN FOODS,1,5
3001725,8/16/17,32,GROCERY I,94,807
3001728,8/16/17,32,HOME AND KITCHEN I,2,17
3001731,8/16/17,32,HOME CARE,14,81
3001734,8/16/17,32,LINGERIE,5,1
3001737,8/16/17,32,MEATS,0,60.69
3001738,8/16/17,32,PERSONAL CARE,19,64
3001741,8/16/17,32,POULTRY,0,82.32
3001743,8/16/17,32,PRODUCE,225,325.106
3001746,8/16/17,33,AUTOMOTIVE,0,3
3001748,8/16/17,33,BEAUTY,2,1
3001749,8/16/17,33,BEVERAGES,40,431
3001751,8/16/17,33,BREAD/BAKERY,15,231
3001752,8/16/17,33,CELEBRATION,0,5
3001753,8/16/17,33,CLEANING,28,692
3001754,8/16/17,33,DAIRY,126,380
3001755,8/16/17,33,DELI,18,160
3001756,8/16/17,33,EGGS,1,194
3001757,8/16/17,33,FROZEN FOODS,1,39
3001758,8/16/17,33,GROCERY I,95,2189
3001760,8/16/17,33,HARDWARE,0,1
3001761,8/16/17,33,HOME AND KITCHEN I,2,25
3001762,8/16/17,33,HOME AND KITCHEN II,6,5
3001763,8/16/17,33,HOME APPLIANCES,0,1
3001764,8/16/17,33,HOME CARE,15,190
3001767,8/16/17,33,LINGERIE,3,18
3001768,8/16/17,33,LIQUOR WINE BEER,10,111
3001770,8/16/17,33,MEATS,0,291.105
3001771,8/16/17,33,PERSONAL CARE,15,256
3001773,8/16/17,33,PLAYERS AND ELECTRONICS,0,4
3001774,8/16/17,33,POULTRY,0,245.133
3001775,8/16/17,33,PREPARED FOODS,1,31
3001776,8/16/17,33,PRODUCE,197,2103.285
3001778,8/16/17,33,SEAFOOD,0,8
3001779,8/16/17,34,AUTOMOTIVE,0,5
3001782,8/16/17,34,BEVERAGES,41,1064
3001784,8/16/17,34,BREAD/BAKERY,17,470
3001785,8/16/17,34,CELEBRATION,0,28
3001786,8/16/17,34,CLEANING,33,844
3001787,8/16/17,34,DAIRY,138,526
3001788,8/16/17,34,DELI,18,185.98
3001789,8/16/17,34,EGGS,1,135
3001790,8/16/17,34,FROZEN FOODS,1,111.486
3001791,8/16/17,34,GROCERY I,102,2515.524
3001792,8/16/17,34,GROCERY II,0,5
3001794,8/16/17,34,HOME AND KITCHEN I,2,25
3001795,8/16/17,34,HOME AND KITCHEN II,6,44
3001796,8/16/17,34,HOME APPLIANCES,0,1
3001797,8/16/17,34,HOME CARE,14,343
3001800,8/16/17,34,LINGERIE,5,18
3001803,8/16/17,34,MEATS,0,198.817
3001804,8/16/17,34,PERSONAL CARE,20,304
3001807,8/16/17,34,POULTRY,0,157.826
3001808,8/16/17,34,PREPARED FOODS,1,27
3001809,8/16/17,34,PRODUCE,203,1492.19
3001811,8/16/17,34,SEAFOOD,0,9
3001812,8/16/17,35,AUTOMOTIVE,0,1
3001814,8/16/17,35,BEAUTY,2,1
3001815,8/16/17,35,BEVERAGES,40,374
3001817,8/16/17,35,BREAD/BAKERY,16,50
3001818,8/16/17,35,CELEBRATION,0,7
3001819,8/16/17,35,CLEANING,28,205
3001820,8/16/17,35,DAIRY,101,109
3001821,8/16/17,35,DELI,18,26
3001822,8/16/17,35,EGGS,2,108
3001823,8/16/17,35,FROZEN FOODS,1,11.877
3001824,8/16/17,35,GROCERY I,92,862
3001825,8/16/17,35,GROCERY II,0,3
3001826,8/16/17,35,HARDWARE,0,1
3001827,8/16/17,35,HOME AND KITCHEN I,2,11
3001828,8/16/17,35,HOME AND KITCHEN II,6,13
3001829,8/16/17,35,HOME APPLIANCES,0,1
3001830,8/16/17,35,HOME CARE,14,104
3001833,8/16/17,35,LINGERIE,5,7
3001836,8/16/17,35,MEATS,0,193.307
3001837,8/16/17,35,PERSONAL CARE,19,43
3001840,8/16/17,35,POULTRY,0,81.097
3001841,8/16/17,35,PREPARED FOODS,0,19
3001842,8/16/17,35,PRODUCE,212,627.733
3001844,8/16/17,35,SEAFOOD,0,1
3001845,8/16/17,36,AUTOMOTIVE,0,5
3001848,8/16/17,36,BEVERAGES,40,1025
3001850,8/16/17,36,BREAD/BAKERY,16,465
3001851,8/16/17,36,CELEBRATION,0,9
3001852,8/16/17,36,CLEANING,33,859
3001853,8/16/17,36,DAIRY,142,528
3001854,8/16/17,36,DELI,18,154.806
3001855,8/16/17,36,EGGS,1,115
3001856,8/16/17,36,FROZEN FOODS,1,78.06
3001857,8/16/17,36,GROCERY I,99,1881.333
3001860,8/16/17,36,HOME AND KITCHEN I,2,31
3001861,8/16/17,36,HOME AND KITCHEN II,6,5
3001863,8/16/17,36,HOME CARE,16,269
3001865,8/16/17,36,LAWN AND GARDEN,12,4
3001866,8/16/17,36,LINGERIE,5,14
3001869,8/16/17,36,MEATS,0,107.645
3001870,8/16/17,36,PERSONAL CARE,19,169
3001873,8/16/17,36,POULTRY,0,76.678
3001874,8/16/17,36,PREPARED FOODS,0,30.554
3001875,8/16/17,36,PRODUCE,173,2792.749
3001877,8/16/17,36,SEAFOOD,0,1
3001881,8/16/17,37,BEVERAGES,26,1064
3001883,8/16/17,37,BREAD/BAKERY,12,488.135
3001884,8/16/17,37,CELEBRATION,0,11
3001885,8/16/17,37,CLEANING,24,1074
3001886,8/16/17,37,DAIRY,47,938
3001887,8/16/17,37,DELI,18,116.798996
3001888,8/16/17,37,EGGS,1,181
3001889,8/16/17,37,FROZEN FOODS,1,191
3001890,8/16/17,37,GROCERY I,65,3404
3001896,8/16/17,37,HOME CARE,13,376
3001898,8/16/17,37,LAWN AND GARDEN,16,10
3001902,8/16/17,37,MEATS,0,543.763
3001903,8/16/17,37,PERSONAL CARE,18,212
3001905,8/16/17,37,PLAYERS AND ELECTRONICS,0,13
3001906,8/16/17,37,POULTRY,0,264.094
3001907,8/16/17,37,PREPARED FOODS,0,164.836
3001908,8/16/17,37,PRODUCE,253,7
3001910,8/16/17,37,SEAFOOD,0,17.774
3001914,8/16/17,38,BEVERAGES,23,611
3001916,8/16/17,38,BREAD/BAKERY,12,698.825
3001917,8/16/17,38,CELEBRATION,0,14
3001918,8/16/17,38,CLEANING,20,847
3001919,8/16/17,38,DAIRY,45,827
3001920,8/16/17,38,DELI,19,180.008
3001921,8/16/17,38,EGGS,1,98
3001922,8/16/17,38,FROZEN FOODS,1,160
3001923,8/16/17,38,GROCERY I,57,2870
3001929,8/16/17,38,HOME CARE,11,443
3001931,8/16/17,38,LAWN AND GARDEN,16,7
3001933,8/16/17,38,LIQUOR WINE BEER,10,32
3001935,8/16/17,38,MEATS,0,155.259
3001936,8/16/17,38,PERSONAL CARE,17,269
3001938,8/16/17,38,PLAYERS AND ELECTRONICS,1,11
3001939,8/16/17,38,POULTRY,0,172.089
3001940,8/16/17,38,PREPARED FOODS,0,165.418
3001941,8/16/17,38,PRODUCE,253,1
3001943,8/16/17,38,SEAFOOD,0,19.067001
3001944,8/16/17,39,AUTOMOTIVE,0,4
3001946,8/16/17,39,BEAUTY,2,3
3001947,8/16/17,39,BEVERAGES,51,658
3001949,8/16/17,39,BREAD/BAKERY,15,539
3001951,8/16/17,39,CLEANING,34,1056
3001952,8/16/17,39,DAIRY,155,535
3001953,8/16/17,39,DELI,18,134.31
3001954,8/16/17,39,EGGS,1,221
3001955,8/16/17,39,FROZEN FOODS,1,43
3001956,8/16/17,39,GROCERY I,107,3484.952
3001958,8/16/17,39,HARDWARE,0,1
3001960,8/16/17,39,HOME AND KITCHEN II,6,14
3001962,8/16/17,39,HOME CARE,16,292
3001963,8/16/17,39,LADIESWEAR,0,14
3001964,8/16/17,39,LAWN AND GARDEN,13,8
3001965,8/16/17,39,LINGERIE,5,8
3001968,8/16/17,39,MEATS,0,112.365
3001969,8/16/17,39,PERSONAL CARE,19,203
3001972,8/16/17,39,POULTRY,1,167.5024
3001973,8/16/17,39,PREPARED FOODS,0,84.007
3001974,8/16/17,39,PRODUCE,142,2463.323
3001976,8/16/17,39,SEAFOOD,0,11
3001980,8/16/17,4,BEVERAGES,21,1821
3001982,8/16/17,4,BREAD/BAKERY,12,267.395
3001983,8/16/17,4,CELEBRATION,0,5
3001984,8/16/17,4,CLEANING,23,542
3001985,8/16/17,4,DAIRY,43,558
3001986,8/16/17,4,DELI,18,178.768
3001987,8/16/17,4,EGGS,1,135
3001988,8/16/17,4,FROZEN FOODS,1,104.375
3001989,8/16/17,4,GROCERY I,61,2055
3001995,8/16/17,4,HOME CARE,14,364
3001997,8/16/17,4,LAWN AND GARDEN,16,10
3002001,8/16/17,4,MEATS,0,231.781
3002004,8/16/17,4,PLAYERS AND ELECTRONICS,0,8
3002005,8/16/17,4,POULTRY,0,530.02
3002006,8/16/17,4,PREPARED FOODS,0,88.19
3002007,8/16/17,4,PRODUCE,253,3832.635
3002009,8/16/17,4,SEAFOOD,0,41.473
3002010,8/16/17,40,AUTOMOTIVE,0,6
3002013,8/16/17,40,BEVERAGES,46,863
3002015,8/16/17,40,BREAD/BAKERY,18,292
3002016,8/16/17,40,CELEBRATION,0,21
3002017,8/16/17,40,CLEANING,31,807
3002018,8/16/17,40,DAIRY,129,555
3002019,8/16/17,40,DELI,18,216
3002020,8/16/17,40,EGGS,1,102
3002021,8/16/17,40,FROZEN FOODS,1,36.973
3002022,8/16/17,40,GROCERY I,106,3122
3002023,8/16/17,40,GROCERY II,0,12
3002025,8/16/17,40,HOME AND KITCHEN I,2,36
3002026,8/16/17,40,HOME AND KITCHEN II,6,9
3002027,8/16/17,40,HOME APPLIANCES,0,1
3002028,8/16/17,40,HOME CARE,14,210
3002031,8/16/17,40,LINGERIE,4,20
3002034,8/16/17,40,MEATS,0,120.335
3002035,8/16/17,40,PERSONAL CARE,18,144
3002038,8/16/17,40,POULTRY,0,145.491
3002039,8/16/17,40,PREPARED FOODS,0,43
3002040,8/16/17,40,PRODUCE,182,1946.614
3002042,8/16/17,40,SEAFOOD,0,5
3002046,8/16/17,41,BEVERAGES,21,618
3002048,8/16/17,41,BREAD/BAKERY,12,289.626
3002049,8/16/17,41,CELEBRATION,0,4
3002050,8/16/17,41,CLEANING,24,640
3002051,8/16/17,41,DAIRY,42,391
3002052,8/16/17,41,DELI,18,200.048
3002053,8/16/17,41,EGGS,1,94
3002054,8/16/17,41,FROZEN FOODS,1,118.998
3002055,8/16/17,41,GROCERY I,62,1913
3002061,8/16/17,41,HOME CARE,11,222
3002063,8/16/17,41,LAWN AND GARDEN,16,5
3002067,8/16/17,41,MEATS,0,103.837
3002068,8/16/17,41,PERSONAL CARE,17,389
3002069,8/16/17,41,PET SUPPLIES,0,6
3002071,8/16/17,41,POULTRY,1,145.053
3002072,8/16/17,41,PREPARED FOODS,0,46.353
3002073,8/16/17,41,PRODUCE,252,2
3002075,8/16/17,41,SEAFOOD,0,12
3002109,8/16/17,43,AUTOMOTIVE,0,4
3002112,8/16/17,43,BEVERAGES,41,1480
3002114,8/16/17,43,BREAD/BAKERY,16,164
3002116,8/16/17,43,CLEANING,30,611
3002117,8/16/17,43,DAIRY,146,300
3002118,8/16/17,43,DELI,18,127
3002119,8/16/17,43,EGGS,1,92
3002120,8/16/17,43,FROZEN FOODS,1,18.630001
3002121,8/16/17,43,GROCERY I,92,2158
3002125,8/16/17,43,HOME AND KITCHEN II,6,12
3002127,8/16/17,43,HOME CARE,13,228
3002133,8/16/17,43,MEATS,0,80.836
3002134,8/16/17,43,PERSONAL CARE,18,142
3002137,8/16/17,43,POULTRY,0,118.133995
3002138,8/16/17,43,PREPARED FOODS,0,84
3002139,8/16/17,43,PRODUCE,159,890.72
3002142,8/16/17,44,AUTOMOTIVE,0,34
3002145,8/16/17,44,BEVERAGES,23,8783
3002147,8/16/17,44,BREAD/BAKERY,13,1080.753
3002148,8/16/17,44,CELEBRATION,0,11
3002149,8/16/17,44,CLEANING,21,2404
3002150,8/16/17,44,DAIRY,38,2129
3002151,8/16/17,44,DELI,18,605.141
3002152,8/16/17,44,EGGS,1,745
3002153,8/16/17,44,FROZEN FOODS,1,525.873
3002154,8/16/17,44,GROCERY I,56,7764
3002155,8/16/17,44,GROCERY II,0,75
3002160,8/16/17,44,HOME CARE,11,615
3002166,8/16/17,44,MEATS,0,1504.193
3002167,8/16/17,44,PERSONAL CARE,19,416
3002169,8/16/17,44,PLAYERS AND ELECTRONICS,0,36
3002170,8/16/17,44,POULTRY,0,1565.993
3002171,8/16/17,44,PREPARED FOODS,0,613.183
3002172,8/16/17,44,PRODUCE,255,15184.537
3002174,8/16/17,44,SEAFOOD,0,145.82199
3002175,8/16/17,45,AUTOMOTIVE,0,14
3002178,8/16/17,45,BEVERAGES,24,3022
3002180,8/16/17,45,BREAD/BAKERY,12,861.942
3002181,8/16/17,45,CELEBRATION,0,26
3002182,8/16/17,45,CLEANING,22,1790
3002183,8/16/17,45,DAIRY,40,1741
3002184,8/16/17,45,DELI,18,592.109
3002185,8/16/17,45,EGGS,1,363
3002186,8/16/17,45,FROZEN FOODS,1,223.435
3002187,8/16/17,45,GROCERY I,59,6509
3002193,8/16/17,45,HOME CARE,11,789
3002199,8/16/17,45,MEATS,0,1599.408
3002200,8/16/17,45,PERSONAL CARE,19,409
3002202,8/16/17,45,PLAYERS AND ELECTRONICS,1,18
3002203,8/16/17,45,POULTRY,0,1571.412
3002204,8/16/17,45,PREPARED FOODS,0,276.04
3002205,8/16/17,45,PRODUCE,256,16
3002207,8/16/17,45,SEAFOOD,0,121.899
3002208,8/16/17,46,AUTOMOTIVE,0,17
3002211,8/16/17,46,BEVERAGES,19,4793
3002213,8/16/17,46,BREAD/BAKERY,12,748.534
3002214,8/16/17,46,CELEBRATION,0,17
3002215,8/16/17,46,CLEANING,23,1887
3002216,8/16/17,46,DAIRY,35,1540
3002217,8/16/17,46,DELI,18,851.216
3002218,8/16/17,46,EGGS,1,153
3002219,8/16/17,46,FROZEN FOODS,1,257.501
3002220,8/16/17,46,GROCERY I,60,6903
3002223,8/16/17,46,HOME AND KITCHEN I,2,43
3002226,8/16/17,46,HOME CARE,11,757
3002228,8/16/17,46,LAWN AND GARDEN,16,10
3002232,8/16/17,46,MEATS,0,1142.723
3002233,8/16/17,46,PERSONAL CARE,18,555
3002235,8/16/17,46,PLAYERS AND ELECTRONICS,1,38
3002236,8/16/17,46,POULTRY,0,1074.8201
3002237,8/16/17,46,PREPARED FOODS,0,170.36499
3002238,8/16/17,46,PRODUCE,255,2508.452
3002240,8/16/17,46,SEAFOOD,0,47.05
3002241,8/16/17,47,AUTOMOTIVE,0,33
3002244,8/16/17,47,BEVERAGES,22,3052
3002246,8/16/17,47,BREAD/BAKERY,12,1381.06
3002247,8/16/17,47,CELEBRATION,0,16
3002248,8/16/17,47,CLEANING,20,2076
3002249,8/16/17,47,DAIRY,36,2038
3002250,8/16/17,47,DELI,18,715.537
3002251,8/16/17,47,EGGS,1,345
3002252,8/16/17,47,FROZEN FOODS,1,260.854
3002253,8/16/17,47,GROCERY I,56,8134
3002259,8/16/17,47,HOME CARE,12,852
3002261,8/16/17,47,LAWN AND GARDEN,16,25
3002265,8/16/17,47,MEATS,0,1231.028
3002266,8/16/17,47,PERSONAL CARE,19,880
3002268,8/16/17,47,PLAYERS AND ELECTRONICS,0,10
3002269,8/16/17,47,POULTRY,1,1592.196
3002270,8/16/17,47,PREPARED FOODS,0,339.046
3002271,8/16/17,47,PRODUCE,256,8630.106
3002273,8/16/17,47,SEAFOOD,0,96.708
3002274,8/16/17,48,AUTOMOTIVE,0,11
3002277,8/16/17,48,BEVERAGES,22,1390
3002279,8/16/17,48,BREAD/BAKERY,13,437.845
3002280,8/16/17,48,CELEBRATION,0,25
3002281,8/16/17,48,CLEANING,21,1315
3002282,8/16/17,48,DAIRY,35,872
3002283,8/16/17,48,DELI,18,404.964
3002284,8/16/17,48,EGGS,1,62
3002285,8/16/17,48,FROZEN FOODS,1,119.081
3002286,8/16/17,48,GROCERY I,63,4600
3002288,8/16/17,48,HARDWARE,0,3
3002292,8/16/17,48,HOME CARE,11,822
3002298,8/16/17,48,MEATS,0,1003.731
3002299,8/16/17,48,PERSONAL CARE,17,500
3002301,8/16/17,48,PLAYERS AND ELECTRONICS,2,22
3002302,8/16/17,48,POULTRY,1,754.414
3002303,8/16/17,48,PREPARED FOODS,0,117.881
3002304,8/16/17,48,PRODUCE,254,2135.061
3002306,8/16/17,48,SEAFOOD,0,11.071
3002307,8/16/17,49,AUTOMOTIVE,0,12
3002310,8/16/17,49,BEVERAGES,22,6090
3002312,8/16/17,49,BREAD/BAKERY,12,716.128
3002314,8/16/17,49,CLEANING,22,1550
3002315,8/16/17,49,DAIRY,38,1716
3002316,8/16/17,49,DELI,18,313.102
3002317,8/16/17,49,EGGS,1,375
3002318,8/16/17,49,FROZEN FOODS,1,307.788
3002319,8/16/17,49,GROCERY I,60,5463
3002325,8/16/17,49,HOME CARE,10,358
3002327,8/16/17,49,LAWN AND GARDEN,16,15
3002331,8/16/17,49,MEATS,0,983.105
3002332,8/16/17,49,PERSONAL CARE,20,270
3002334,8/16/17,49,PLAYERS AND ELECTRONICS,0,30
3002335,8/16/17,49,POULTRY,0,1041.163
3002336,8/16/17,49,PREPARED FOODS,0,326.18
3002337,8/16/17,49,PRODUCE,255,8248.459
3002339,8/16/17,49,SEAFOOD,0,96.911
3002343,8/16/17,5,BEVERAGES,20,681
3002345,8/16/17,5,BREAD/BAKERY,12,275.637
3002346,8/16/17,5,CELEBRATION,0,27
3002347,8/16/17,5,CLEANING,24,838
3002348,8/16/17,5,DAIRY,42,510
3002349,8/16/17,5,DELI,18,305.384
3002350,8/16/17,5,EGGS,1,117
3002351,8/16/17,5,FROZEN FOODS,1,125.135
3002352,8/16/17,5,GROCERY I,64,2713
3002358,8/16/17,5,HOME CARE,11,337
3002360,8/16/17,5,LAWN AND GARDEN,16,1
3002364,8/16/17,5,MEATS,0,279.986
3002365,8/16/17,5,PERSONAL CARE,17,256
3002368,8/16/17,5,POULTRY,0,241.7
3002369,8/16/17,5,PREPARED FOODS,0,78.573
3002370,8/16/17,5,PRODUCE,255,4
3002372,8/16/17,5,SEAFOOD,0,30.582
3002373,8/16/17,50,AUTOMOTIVE,0,17
3002376,8/16/17,50,BEVERAGES,23,1463
3002378,8/16/17,50,BREAD/BAKERY,12,466.783
3002379,8/16/17,50,CELEBRATION,0,29
3002380,8/16/17,50,CLEANING,20,1421
3002381,8/16/17,50,DAIRY,39,1094
3002382,8/16/17,50,DELI,18,368.328
3002383,8/16/17,50,EGGS,1,103
3002384,8/16/17,50,FROZEN FOODS,1,123
3002385,8/16/17,50,GROCERY I,60,5329
3002389,8/16/17,50,HOME AND KITCHEN II,6,29
3002391,8/16/17,50,HOME CARE,11,505
3002397,8/16/17,50,MEATS,0,521.215
3002398,8/16/17,50,PERSONAL CARE,17,295
3002400,8/16/17,50,PLAYERS AND ELECTRONICS,0,21
3002401,8/16/17,50,POULTRY,1,531.095
3002402,8/16/17,50,PREPARED FOODS,0,116.573
3002403,8/16/17,50,PRODUCE,256,2931.032
3002405,8/16/17,50,SEAFOOD,0,29.085001
3002409,8/16/17,51,BEVERAGES,23,7311
3002411,8/16/17,51,BREAD/BAKERY,12,1148.096
3002412,8/16/17,51,CELEBRATION,0,8
3002413,8/16/17,51,CLEANING,25,2098
3002414,8/16/17,51,DAIRY,40,2104
3002415,8/16/17,51,DELI,18,328.069
3002416,8/16/17,51,EGGS,1,367
3002417,8/16/17,51,FROZEN FOODS,1,628.92
3002418,8/16/17,51,GROCERY I,64,6223
3002421,8/16/17,51,HOME AND KITCHEN I,2,5
3002424,8/16/17,51,HOME CARE,12,400
3002426,8/16/17,51,LAWN AND GARDEN,16,6
3002430,8/16/17,51,MEATS,0,509.478
3002431,8/16/17,51,PERSONAL CARE,18,544
3002433,8/16/17,51,PLAYERS AND ELECTRONICS,0,20
3002434,8/16/17,51,POULTRY,0,694.898
3002435,8/16/17,51,PREPARED FOODS,0,200
3002436,8/16/17,51,PRODUCE,254,9940.145
3002438,8/16/17,51,SEAFOOD,0,111.006
3002475,8/16/17,53,BEVERAGES,21,510
3002477,8/16/17,53,BREAD/BAKERY,12,335.096
3002478,8/16/17,53,CELEBRATION,0,6
3002479,8/16/17,53,CLEANING,21,489
3002480,8/16/17,53,DAIRY,42,335
3002481,8/16/17,53,DELI,18,110.476
3002482,8/16/17,53,EGGS,1,48
3002483,8/16/17,53,FROZEN FOODS,1,141
3002484,8/16/17,53,GROCERY I,65,1557
3002490,8/16/17,53,HOME CARE,13,204
3002496,8/16/17,53,MEATS,0,236.905
3002497,8/16/17,53,PERSONAL CARE,16,136
3002499,8/16/17,53,PLAYERS AND ELECTRONICS,0,12
3002500,8/16/17,53,POULTRY,0,164.829
3002501,8/16/17,53,PREPARED FOODS,0,56.444
3002502,8/16/17,53,PRODUCE,255,2711.263
3002504,8/16/17,53,SEAFOOD,0,5
3002505,8/16/17,54,AUTOMOTIVE,0,2
3002507,8/16/17,54,BEAUTY,2,1
3002508,8/16/17,54,BEVERAGES,37,872
3002510,8/16/17,54,BREAD/BAKERY,13,136
3002511,8/16/17,54,CELEBRATION,0,1
3002512,8/16/17,54,CLEANING,34,611
3002513,8/16/17,54,DAIRY,92,154
3002514,8/16/17,54,DELI,19,143
3002515,8/16/17,54,EGGS,1,30
3002516,8/16/17,54,FROZEN FOODS,1,10.166
3002517,8/16/17,54,GROCERY I,106,1519
3002518,8/16/17,54,GROCERY II,0,6
3002519,8/16/17,54,HARDWARE,0,2
3002520,8/16/17,54,HOME AND KITCHEN I,2,14
3002521,8/16/17,54,HOME AND KITCHEN II,6,11
3002523,8/16/17,54,HOME CARE,15,138
3002526,8/16/17,54,LINGERIE,4,9
3002529,8/16/17,54,MEATS,0,58.312
3002530,8/16/17,54,PERSONAL CARE,17,122
3002533,8/16/17,54,POULTRY,0,34.337
3002534,8/16/17,54,PREPARED FOODS,0,99
3002535,8/16/17,54,PRODUCE,225,653.491
3002537,8/16/17,54,SEAFOOD,0,3
3002540,8/16/17,6,BEAUTY,2,3
3002541,8/16/17,6,BEVERAGES,21,1050
3002543,8/16/17,6,BREAD/BAKERY,12,346.316
3002544,8/16/17,6,CELEBRATION,0,11
3002545,8/16/17,6,CLEANING,23,797
3002546,8/16/17,6,DAIRY,38,715
3002547,8/16/17,6,DELI,18,230.665
3002548,8/16/17,6,EGGS,1,144
3002549,8/16/17,6,FROZEN FOODS,1,135
3002550,8/16/17,6,GROCERY I,60,3073
3002556,8/16/17,6,HOME CARE,10,373
3002558,8/16/17,6,LAWN AND GARDEN,16,7
3002560,8/16/17,6,LIQUOR WINE BEER,10,59
3002562,8/16/17,6,MEATS,0,595.626
3002563,8/16/17,6,PERSONAL CARE,18,401
3002566,8/16/17,6,POULTRY,0,870.827
3002567,8/16/17,6,PREPARED FOODS,0,162.702
3002568,8/16/17,6,PRODUCE,252,29
3002570,8/16/17,6,SEAFOOD,0,40.726
3002574,8/16/17,7,BEVERAGES,23,2272
3002576,8/16/17,7,BREAD/BAKERY,12,518.276
3002577,8/16/17,7,CELEBRATION,0,17
3002578,8/16/17,7,CLEANING,22,1059
3002579,8/16/17,7,DAIRY,46,1025
3002580,8/16/17,7,DELI,18,163.209
3002581,8/16/17,7,EGGS,1,263
3002582,8/16/17,7,FROZEN FOODS,1,208
3002583,8/16/17,7,GROCERY I,64,3906
3002589,8/16/17,7,HOME CARE,12,308
3002591,8/16/17,7,LAWN AND GARDEN,16,24
3002595,8/16/17,7,MEATS,0,696.255
3002596,8/16/17,7,PERSONAL CARE,18,230
3002598,8/16/17,7,PLAYERS AND ELECTRONICS,0,14
3002599,8/16/17,7,POULTRY,0,887.265
3002600,8/16/17,7,PREPARED FOODS,0,212.95801
3002601,8/16/17,7,PRODUCE,254,2
3002603,8/16/17,7,SEAFOOD,0,72.985
3002607,8/16/17,8,BEVERAGES,24,1600
3002609,8/16/17,8,BREAD/BAKERY,12,509.29102
3002611,8/16/17,8,CLEANING,23,1200
3002612,8/16/17,8,DAIRY,37,1376
3002613,8/16/17,8,DELI,18,282.744
3002614,8/16/17,8,EGGS,1,358
3002615,8/16/17,8,FROZEN FOODS,1,170
3002616,8/16/17,8,GROCERY I,60,3998
3002622,8/16/17,8,HOME CARE,12,365
3002624,8/16/17,8,LAWN AND GARDEN,16,15
3002628,8/16/17,8,MEATS,0,1129.43
3002629,8/16/17,8,PERSONAL CARE,18,254
3002631,8/16/17,8,PLAYERS AND ELECTRONICS,0,12
3002632,8/16/17,8,POULTRY,0,588.473
3002633,8/16/17,8,PREPARED FOODS,0,226.95
3002634,8/16/17,8,PRODUCE,252,1
3002636,8/16/17,8,SEAFOOD,0,73.304
3002637,8/16/17,9,AUTOMOTIVE,0,21
3002640,8/16/17,9,BEVERAGES,42,2217
3002642,8/16/17,9,BREAD/BAKERY,13,521
3002644,8/16/17,9,CLEANING,32,1752
3002645,8/16/17,9,DAIRY,154,584
3002646,8/16/17,9,DELI,18,602.9347
3002647,8/16/17,9,EGGS,1,136
3002648,8/16/17,9,FROZEN FOODS,1,61.495
3002649,8/16/17,9,GROCERY I,94,7685
3002650,8/16/17,9,GROCERY II,0,18
3002652,8/16/17,9,HOME AND KITCHEN I,2,44
3002655,8/16/17,9,HOME CARE,15,696
3002656,8/16/17,9,LADIESWEAR,0,14
3002657,8/16/17,9,LAWN AND GARDEN,14,3
3002661,8/16/17,9,MEATS,0,404.3831
3002662,8/16/17,9,PERSONAL CARE,19,334
3002665,8/16/17,9,POULTRY,0,613.71704
3002666,8/16/17,9,PREPARED FOODS,1,56.86
3002667,8/16/17,9,PRODUCE,158,1906.603
3002669,8/16/17,9,SEAFOOD,0,22.9274
3002673,8/17/17,1,BEVERAGES,17,2803
3002675,8/17/17,1,BREAD/BAKERY,7,232.343
3002676,8/17/17,1,CELEBRATION,0,13
3002677,8/17/17,1,CLEANING,7,720
3002678,8/17/17,1,DAIRY,13,710
3002679,8/17/17,1,DELI,7,144.572
3002680,8/17/17,1,EGGS,0,163
3002681,8/17/17,1,FROZEN FOODS,0,97
3002682,8/17/17,1,GROCERY I,33,2327
3002688,8/17/17,1,HOME CARE,7,211
3002690,8/17/17,1,LAWN AND GARDEN,0,20
3002694,8/17/17,1,MEATS,0,712.06
3002695,8/17/17,1,PERSONAL CARE,7,145
3002697,8/17/17,1,PLAYERS AND ELECTRONICS,0,7
3002698,8/17/17,1,POULTRY,1,709.636
3002699,8/17/17,1,PREPARED FOODS,0,127.85
3002700,8/17/17,1,PRODUCE,6,3951.501
3002702,8/17/17,1,SEAFOOD,0,30.559
3002703,8/17/17,10,AUTOMOTIVE,0,5
3002705,8/17/17,10,BEAUTY,1,1
3002706,8/17/17,10,BEVERAGES,16,370
3002708,8/17/17,10,BREAD/BAKERY,4,112
3002710,8/17/17,10,CLEANING,16,776
3002711,8/17/17,10,DAIRY,3,336
3002712,8/17/17,10,DELI,2,205
3002713,8/17/17,10,EGGS,1,11
3002714,8/17/17,10,FROZEN FOODS,0,50.571
3002715,8/17/17,10,GROCERY I,52,2463
3002717,8/17/17,10,HARDWARE,0,2
3002718,8/17/17,10,HOME AND KITCHEN I,0,24
3002721,8/17/17,10,HOME CARE,6,310
3002724,8/17/17,10,LINGERIE,0,6
3002727,8/17/17,10,MEATS,18,205.056
3002728,8/17/17,10,PERSONAL CARE,9,131
3002731,8/17/17,10,POULTRY,0,216.878
3002732,8/17/17,10,PREPARED FOODS,0,19
3002733,8/17/17,10,PRODUCE,1,351.215
3002735,8/17/17,10,SEAFOOD,0,5
3002736,8/17/17,11,AUTOMOTIVE,0,6
3002739,8/17/17,11,BEVERAGES,31,1836
3002741,8/17/17,11,BREAD/BAKERY,8,576
3002742,8/17/17,11,CELEBRATION,0,31
3002743,8/17/17,11,CLEANING,25,1189
3002744,8/17/17,11,DAIRY,11,320
3002745,8/17/17,11,DELI,10,244.813
3002746,8/17/17,11,EGGS,1,88
3002747,8/17/17,11,FROZEN FOODS,0,52
3002748,8/17/17,11,GROCERY I,65,6304.683
3002749,8/17/17,11,GROCERY II,0,21
3002751,8/17/17,11,HOME AND KITCHEN I,2,13
3002752,8/17/17,11,HOME AND KITCHEN II,2,13
3002754,8/17/17,11,HOME CARE,11,933
3002755,8/17/17,11,LADIESWEAR,0,16
3002757,8/17/17,11,LINGERIE,0,14
3002758,8/17/17,11,LIQUOR WINE BEER,1,81
3002760,8/17/17,11,MEATS,20,694.64
3002761,8/17/17,11,PERSONAL CARE,11,234
3002763,8/17/17,11,PLAYERS AND ELECTRONICS,0,10
3002764,8/17/17,11,POULTRY,1,776.195
3002765,8/17/17,11,PREPARED FOODS,0,41
3002766,8/17/17,11,PRODUCE,1,1988.468
3002768,8/17/17,11,SEAFOOD,0,14
3002769,8/17/17,12,AUTOMOTIVE,0,9
3002772,8/17/17,12,BEVERAGES,22,517
3002774,8/17/17,12,BREAD/BAKERY,4,152
3002776,8/17/17,12,CLEANING,14,695
3002777,8/17/17,12,DAIRY,12,272
3002778,8/17/17,12,DELI,6,120
3002779,8/17/17,12,EGGS,1,70
3002780,8/17/17,12,FROZEN FOODS,0,52
3002781,8/17/17,12,GROCERY I,53,2088
3002793,8/17/17,12,MEATS,20,159.299
3002794,8/17/17,12,PERSONAL CARE,6,213
3002796,8/17/17,12,PLAYERS AND ELECTRONICS,0,6
3002797,8/17/17,12,POULTRY,0,305.056
3002799,8/17/17,12,PRODUCE,1,341.653
3002805,8/17/17,13,BEVERAGES,17,453
3002807,8/17/17,13,BREAD/BAKERY,7,103
3002809,8/17/17,13,CLEANING,14,594
3002810,8/17/17,13,DAIRY,3,238
3002811,8/17/17,13,DELI,2,85
3002812,8/17/17,13,EGGS,1,54
3002813,8/17/17,13,FROZEN FOODS,0,15
3002814,8/17/17,13,GROCERY I,45,1654
3002821,8/17/17,13,LADIESWEAR,0,5
3002826,8/17/17,13,MEATS,16,131.586
3002827,8/17/17,13,PERSONAL CARE,7,143
3002830,8/17/17,13,POULTRY,0,135.026
3002831,8/17/17,13,PREPARED FOODS,0,14
3002832,8/17/17,13,PRODUCE,1,299.712
3002835,8/17/17,14,AUTOMOTIVE,0,4
3002838,8/17/17,14,BEVERAGES,21,441
3002840,8/17/17,14,BREAD/BAKERY,7,174
3002841,8/17/17,14,CELEBRATION,0,4
3002842,8/17/17,14,CLEANING,19,816
3002843,8/17/17,14,DAIRY,8,483
3002844,8/17/17,14,DELI,3,131
3002845,8/17/17,14,EGGS,1,41
3002846,8/17/17,14,FROZEN FOODS,1,13
3002847,8/17/17,14,GROCERY I,52,1907
3002850,8/17/17,14,HOME AND KITCHEN I,0,8
3002856,8/17/17,14,LINGERIE,0,5
3002857,8/17/17,14,LIQUOR WINE BEER,0,7
3002859,8/17/17,14,MEATS,12,381.589
3002860,8/17/17,14,PERSONAL CARE,8,194
3002863,8/17/17,14,POULTRY,0,86.333
3002864,8/17/17,14,PREPARED FOODS,0,38
3002865,8/17/17,14,PRODUCE,1,479.677
3002868,8/17/17,15,AUTOMOTIVE,0,8
3002870,8/17/17,15,BEAUTY,1,1
3002871,8/17/17,15,BEVERAGES,27,612
3002873,8/17/17,15,BREAD/BAKERY,7,199
3002874,8/17/17,15,CELEBRATION,0,4
3002875,8/17/17,15,CLEANING,19,620
3002876,8/17/17,15,DAIRY,9,329
3002877,8/17/17,15,DELI,9,262
3002878,8/17/17,15,EGGS,1,55
3002879,8/17/17,15,FROZEN FOODS,1,23
3002880,8/17/17,15,GROCERY I,68,3720
3002886,8/17/17,15,HOME CARE,9,233
3002887,8/17/17,15,LADIESWEAR,0,12
3002889,8/17/17,15,LINGERIE,0,1
3002890,8/17/17,15,LIQUOR WINE BEER,1,35
3002892,8/17/17,15,MEATS,15,149.201
3002893,8/17/17,15,PERSONAL CARE,8,180
3002896,8/17/17,15,POULTRY,0,97.654
3002897,8/17/17,15,PREPARED FOODS,1,20
3002898,8/17/17,15,PRODUCE,0,903.658
3002900,8/17/17,15,SEAFOOD,0,3
3002901,8/17/17,16,AUTOMOTIVE,0,5
3002904,8/17/17,16,BEVERAGES,19,401
3002906,8/17/17,16,BREAD/BAKERY,6,181
3002908,8/17/17,16,CLEANING,16,838
3002909,8/17/17,16,DAIRY,7,508
3002910,8/17/17,16,DELI,4,221
3002911,8/17/17,16,EGGS,1,258
3002912,8/17/17,16,FROZEN FOODS,0,12
3002913,8/17/17,16,GROCERY I,46,2578
3002917,8/17/17,16,HOME AND KITCHEN II,0,9
3002925,8/17/17,16,MEATS,13,68.885
3002926,8/17/17,16,PERSONAL CARE,6,164
3002929,8/17/17,16,POULTRY,0,76.512
3002930,8/17/17,16,PREPARED FOODS,0,62
3002931,8/17/17,16,PRODUCE,0,1062.49
3002933,8/17/17,16,SEAFOOD,0,5
3002934,8/17/17,17,AUTOMOTIVE,0,5
3002937,8/17/17,17,BEVERAGES,19,1173
3002939,8/17/17,17,BREAD/BAKERY,6,204
3002941,8/17/17,17,CLEANING,14,772
3002942,8/17/17,17,DAIRY,15,404
3002943,8/17/17,17,DELI,7,232
3002944,8/17/17,17,EGGS,1,72
3002945,8/17/17,17,FROZEN FOODS,0,29
3002946,8/17/17,17,GROCERY I,53,2576
3002949,8/17/17,17,HOME AND KITCHEN I,0,19
3002952,8/17/17,17,HOME CARE,6,267
3002958,8/17/17,17,MEATS,19,220.509
3002959,8/17/17,17,PERSONAL CARE,9,130
3002962,8/17/17,17,POULTRY,1,348.53
3002963,8/17/17,17,PREPARED FOODS,0,59
3002964,8/17/17,17,PRODUCE,0,1054.232
3002966,8/17/17,17,SEAFOOD,0,20
3002967,8/17/17,18,AUTOMOTIVE,0,2
3002970,8/17/17,18,BEVERAGES,24,952
3002972,8/17/17,18,BREAD/BAKERY,9,656
3002974,8/17/17,18,CLEANING,15,602
3002975,8/17/17,18,DAIRY,20,444
3002976,8/17/17,18,DELI,9,154.771
3002977,8/17/17,18,EGGS,1,112
3002978,8/17/17,18,FROZEN FOODS,0,28
3002979,8/17/17,18,GROCERY I,61,1607.357
3002985,8/17/17,18,HOME CARE,12,204
3002991,8/17/17,18,MEATS,19,162.8255
3002992,8/17/17,18,PERSONAL CARE,8,118
3002995,8/17/17,18,POULTRY,0,165.4432
3002996,8/17/17,18,PREPARED FOODS,0,45
3002997,8/17/17,18,PRODUCE,1,2035.715
3002999,8/17/17,18,SEAFOOD,0,7.6296
3003003,8/17/17,19,BEVERAGES,15,1060
3003005,8/17/17,19,BREAD/BAKERY,6,222
3003007,8/17/17,19,CLEANING,17,1342
3003008,8/17/17,19,DAIRY,8,444
3003009,8/17/17,19,DELI,3,146
3003010,8/17/17,19,EGGS,1,243
3003011,8/17/17,19,FROZEN FOODS,0,31
3003012,8/17/17,19,GROCERY I,47,1987
3003018,8/17/17,19,HOME CARE,3,258
3003024,8/17/17,19,MEATS,13,140.98401
3003025,8/17/17,19,PERSONAL CARE,9,175
3003026,8/17/17,19,PET SUPPLIES,0,1
3003028,8/17/17,19,POULTRY,0,96.194
3003029,8/17/17,19,PREPARED FOODS,0,26
3003030,8/17/17,19,PRODUCE,1,424.717
3003036,8/17/17,2,BEVERAGES,13,1044
3003038,8/17/17,2,BREAD/BAKERY,12,338.022
3003039,8/17/17,2,CELEBRATION,0,10
3003040,8/17/17,2,CLEANING,9,838
3003041,8/17/17,2,DAIRY,15,827
3003042,8/17/17,2,DELI,7,232.299
3003043,8/17/17,2,EGGS,0,187
3003044,8/17/17,2,FROZEN FOODS,0,117
3003045,8/17/17,2,GROCERY I,36,3052
3003051,8/17/17,2,HOME CARE,5,294
3003053,8/17/17,2,LAWN AND GARDEN,0,9
3003056,8/17/17,2,MAGAZINES,0,3
3003057,8/17/17,2,MEATS,0,388.863
3003058,8/17/17,2,PERSONAL CARE,8,242
3003060,8/17/17,2,PLAYERS AND ELECTRONICS,0,8
3003061,8/17/17,2,POULTRY,0,713.881
3003062,8/17/17,2,PREPARED FOODS,0,122.783005
3003063,8/17/17,2,PRODUCE,5,37
3003065,8/17/17,2,SEAFOOD,0,33.77
3003168,8/17/17,23,BEVERAGES,12,397
3003170,8/17/17,23,BREAD/BAKERY,10,226.65
3003172,8/17/17,23,CLEANING,8,589
3003173,8/17/17,23,DAIRY,12,494
3003174,8/17/17,23,DELI,7,102.628
3003175,8/17/17,23,EGGS,0,45
3003176,8/17/17,23,FROZEN FOODS,0,81
3003177,8/17/17,23,GROCERY I,28,1557
3003183,8/17/17,23,HOME CARE,3,178
3003189,8/17/17,23,MEATS,0,555.362
3003190,8/17/17,23,PERSONAL CARE,8,218
3003192,8/17/17,23,PLAYERS AND ELECTRONICS,0,8
3003193,8/17/17,23,POULTRY,0,460.176
3003194,8/17/17,23,PREPARED FOODS,0,53.551
3003195,8/17/17,23,PRODUCE,5,3
3003197,8/17/17,23,SEAFOOD,0,21.391
3003201,8/17/17,24,BEVERAGES,1,2678
3003203,8/17/17,24,BREAD/BAKERY,0,720.787
3003205,8/17/17,24,CLEANING,0,858
3003206,8/17/17,24,DAIRY,0,905
3003207,8/17/17,24,DELI,0,193.168
3003208,8/17/17,24,EGGS,0,181
3003209,8/17/17,24,FROZEN FOODS,0,171.753
3003210,8/17/17,24,GROCERY I,0,2829
3003216,8/17/17,24,HOME CARE,0,294
3003218,8/17/17,24,LAWN AND GARDEN,0,8
3003222,8/17/17,24,MEATS,0,415.47
3003223,8/17/17,24,PERSONAL CARE,0,271
3003226,8/17/17,24,POULTRY,0,541.872
3003227,8/17/17,24,PREPARED FOODS,0,101.526
3003228,8/17/17,24,PRODUCE,0,6300.022
3003230,8/17/17,24,SEAFOOD,0,54.814
3003234,8/17/17,25,BEVERAGES,15,659
3003236,8/17/17,25,BREAD/BAKERY,10,289.614
3003237,8/17/17,25,CELEBRATION,0,9
3003238,8/17/17,25,CLEANING,6,392
3003239,8/17/17,25,DAIRY,12,388
3003240,8/17/17,25,DELI,6,132.409
3003241,8/17/17,25,EGGS,0,130
3003242,8/17/17,25,FROZEN FOODS,0,61
3003243,8/17/17,25,GROCERY I,26,945
3003249,8/17/17,25,HOME CARE,4,82
3003251,8/17/17,25,LAWN AND GARDEN,0,4
3003255,8/17/17,25,MEATS,0,284.116
3003256,8/17/17,25,PERSONAL CARE,9,84
3003259,8/17/17,25,POULTRY,0,244.18
3003260,8/17/17,25,PREPARED FOODS,0,70.653
3003261,8/17/17,25,PRODUCE,1,1920.234
3003263,8/17/17,25,SEAFOOD,0,5
3003267,8/17/17,26,BEVERAGES,14,307
3003269,8/17/17,26,BREAD/BAKERY,9,221
3003270,8/17/17,26,CELEBRATION,0,10
3003271,8/17/17,26,CLEANING,6,361
3003272,8/17/17,26,DAIRY,8,177
3003273,8/17/17,26,DELI,1,110.341
3003274,8/17/17,26,EGGS,0,37
3003275,8/17/17,26,FROZEN FOODS,0,25
3003276,8/17/17,26,GROCERY I,21,1101
3003282,8/17/17,26,HOME CARE,2,154
3003288,8/17/17,26,MEATS,0,328.973
3003289,8/17/17,26,PERSONAL CARE,8,108
3003291,8/17/17,26,PLAYERS AND ELECTRONICS,0,6
3003292,8/17/17,26,POULTRY,0,90.538
3003293,8/17/17,26,PREPARED FOODS,0,5
3003294,8/17/17,26,PRODUCE,2,623.403
3003296,8/17/17,26,SEAFOOD,0,3.53
3003300,8/17/17,27,BEVERAGES,17,2801
3003302,8/17/17,27,BREAD/BAKERY,9,402.836
3003303,8/17/17,27,CELEBRATION,0,18
3003304,8/17/17,27,CLEANING,9,444
3003305,8/17/17,27,DAIRY,16,507
3003306,8/17/17,27,DELI,9,192.817
3003307,8/17/17,27,EGGS,0,127
3003308,8/17/17,27,FROZEN FOODS,0,87
3003309,8/17/17,27,GROCERY I,28,2053
3003315,8/17/17,27,HOME CARE,5,213
3003317,8/17/17,27,LAWN AND GARDEN,0,7
3003321,8/17/17,27,MEATS,0,180.439
3003322,8/17/17,27,PERSONAL CARE,9,134
3003324,8/17/17,27,PLAYERS AND ELECTRONICS,0,3
3003325,8/17/17,27,POULTRY,0,278.428
3003326,8/17/17,27,PREPARED FOODS,0,89.805
3003327,8/17/17,27,PRODUCE,4,5
3003329,8/17/17,27,SEAFOOD,0,26.337
3003330,8/17/17,28,AUTOMOTIVE,0,15
3003333,8/17/17,28,BEVERAGES,31,938
3003335,8/17/17,28,BREAD/BAKERY,9,379
3003337,8/17/17,28,CLEANING,25,742
3003338,8/17/17,28,DAIRY,20,593
3003339,8/17/17,28,DELI,9,207.552
3003340,8/17/17,28,EGGS,1,576
3003341,8/17/17,28,FROZEN FOODS,0,25
3003342,8/17/17,28,GROCERY I,63,3055.992
3003343,8/17/17,28,GROCERY II,0,4
3003345,8/17/17,28,HOME AND KITCHEN I,1,27
3003347,8/17/17,28,HOME APPLIANCES,0,1
3003348,8/17/17,28,HOME CARE,8,247
3003351,8/17/17,28,LINGERIE,0,22
3003352,8/17/17,28,LIQUOR WINE BEER,2,226
3003354,8/17/17,28,MEATS,21,93.684
3003355,8/17/17,28,PERSONAL CARE,10,212
3003356,8/17/17,28,PET SUPPLIES,0,4
3003358,8/17/17,28,POULTRY,1,171.098
3003359,8/17/17,28,PREPARED FOODS,0,38.507
3003360,8/17/17,28,PRODUCE,2,2646.4429
3003362,8/17/17,28,SEAFOOD,0,3
3003399,8/17/17,3,BEVERAGES,16,3384
3003401,8/17/17,3,BREAD/BAKERY,12,877.256
3003402,8/17/17,3,CELEBRATION,0,16
3003403,8/17/17,3,CLEANING,12,1950
3003404,8/17/17,3,DAIRY,18,1697
3003405,8/17/17,3,DELI,10,328.706
3003406,8/17/17,3,EGGS,0,502
3003407,8/17/17,3,FROZEN FOODS,0,286.856
3003408,8/17/17,3,GROCERY I,36,6162
3003414,8/17/17,3,HOME CARE,8,560
3003416,8/17/17,3,LAWN AND GARDEN,0,22
3003420,8/17/17,3,MEATS,0,1135.474
3003421,8/17/17,3,PERSONAL CARE,13,323
3003423,8/17/17,3,PLAYERS AND ELECTRONICS,0,21
3003424,8/17/17,3,POULTRY,0,1613.129
3003425,8/17/17,3,PREPARED FOODS,0,487.036
3003426,8/17/17,3,PRODUCE,4,5
3003428,8/17/17,3,SEAFOOD,0,122.735
3003432,8/17/17,30,BEVERAGES,20,516
3003434,8/17/17,30,BREAD/BAKERY,9,115
3003436,8/17/17,30,CLEANING,14,337
3003437,8/17/17,30,DAIRY,11,207
3003438,8/17/17,30,DELI,2,92
3003439,8/17/17,30,EGGS,1,154
3003440,8/17/17,30,FROZEN FOODS,0,28
3003441,8/17/17,30,GROCERY I,49,1120
3003453,8/17/17,30,MEATS,18,83.821
3003454,8/17/17,30,PERSONAL CARE,8,84
3003457,8/17/17,30,POULTRY,0,123.522995
3003459,8/17/17,30,PRODUCE,0,823.68
3003462,8/17/17,31,AUTOMOTIVE,0,12
3003465,8/17/17,31,BEVERAGES,29,791
3003467,8/17/17,31,BREAD/BAKERY,5,288
3003468,8/17/17,31,CELEBRATION,0,6
3003469,8/17/17,31,CLEANING,25,754
3003470,8/17/17,31,DAIRY,12,877
3003471,8/17/17,31,DELI,5,199.965
3003472,8/17/17,31,EGGS,1,185
3003473,8/17/17,31,FROZEN FOODS,0,47.727
3003474,8/17/17,31,GROCERY I,63,2346.024
3003475,8/17/17,31,GROCERY II,0,7
3003477,8/17/17,31,HOME AND KITCHEN I,0,18
3003478,8/17/17,31,HOME AND KITCHEN II,1,8
3003480,8/17/17,31,HOME CARE,10,304
3003486,8/17/17,31,MEATS,21,399.5386
3003487,8/17/17,31,PERSONAL CARE,7,278
3003490,8/17/17,31,POULTRY,0,146.829
3003491,8/17/17,31,PREPARED FOODS,0,49
3003492,8/17/17,31,PRODUCE,1,2304.033
3003494,8/17/17,31,SEAFOOD,0,1
3003498,8/17/17,32,BEVERAGES,19,208
3003500,8/17/17,32,BREAD/BAKERY,3,101
3003502,8/17/17,32,CLEANING,12,231
3003503,8/17/17,32,DAIRY,2,84
3003504,8/17/17,32,DELI,1,80
3003505,8/17/17,32,EGGS,1,93
3003506,8/17/17,32,FROZEN FOODS,0,5
3003507,8/17/17,32,GROCERY I,50,807
3003510,8/17/17,32,HOME AND KITCHEN I,0,17
3003513,8/17/17,32,HOME CARE,5,81
3003516,8/17/17,32,LINGERIE,0,1
3003519,8/17/17,32,MEATS,18,60.69
3003520,8/17/17,32,PERSONAL CARE,5,64
3003523,8/17/17,32,POULTRY,0,82.32
3003525,8/17/17,32,PRODUCE,0,325.106
3003528,8/17/17,33,AUTOMOTIVE,0,3
3003530,8/17/17,33,BEAUTY,1,1
3003531,8/17/17,33,BEVERAGES,20,431
3003533,8/17/17,33,BREAD/BAKERY,11,231
3003534,8/17/17,33,CELEBRATION,0,5
3003535,8/17/17,33,CLEANING,12,692
3003536,8/17/17,33,DAIRY,11,380
3003537,8/17/17,33,DELI,8,160
3003538,8/17/17,33,EGGS,1,194
3003539,8/17/17,33,FROZEN FOODS,0,39
3003540,8/17/17,33,GROCERY I,48,2189
3003542,8/17/17,33,HARDWARE,0,1
3003543,8/17/17,33,HOME AND KITCHEN I,0,25
3003544,8/17/17,33,HOME AND KITCHEN II,0,5
3003545,8/17/17,33,HOME APPLIANCES,0,1
3003546,8/17/17,33,HOME CARE,7,190
3003549,8/17/17,33,LINGERIE,0,18
3003550,8/17/17,33,LIQUOR WINE BEER,1,111
3003552,8/17/17,33,MEATS,16,291.105
3003553,8/17/17,33,PERSONAL CARE,7,256
3003555,8/17/17,33,PLAYERS AND ELECTRONICS,0,4
3003556,8/17/17,33,POULTRY,0,245.133
3003557,8/17/17,33,PREPARED FOODS,0,31
3003558,8/17/17,33,PRODUCE,1,2103.285
3003560,8/17/17,33,SEAFOOD,0,8
3003561,8/17/17,34,AUTOMOTIVE,0,5
3003564,8/17/17,34,BEVERAGES,28,1064
3003566,8/17/17,34,BREAD/BAKERY,11,470
3003567,8/17/17,34,CELEBRATION,0,28
3003568,8/17/17,34,CLEANING,24,844
3003569,8/17/17,34,DAIRY,12,526
3003570,8/17/17,34,DELI,4,185.98
3003571,8/17/17,34,EGGS,1,135
3003572,8/17/17,34,FROZEN FOODS,0,111.486
3003573,8/17/17,34,GROCERY I,57,2515.524
3003574,8/17/17,34,GROCERY II,0,5
3003576,8/17/17,34,HOME AND KITCHEN I,1,25
3003577,8/17/17,34,HOME AND KITCHEN II,1,44
3003578,8/17/17,34,HOME APPLIANCES,0,1
3003579,8/17/17,34,HOME CARE,6,343
3003582,8/17/17,34,LINGERIE,0,18
3003585,8/17/17,34,MEATS,22,198.817
3003586,8/17/17,34,PERSONAL CARE,6,304
3003589,8/17/17,34,POULTRY,0,157.826
3003590,8/17/17,34,PREPARED FOODS,0,27
3003591,8/17/17,34,PRODUCE,0,1492.19
3003593,8/17/17,34,SEAFOOD,0,9
3003594,8/17/17,35,AUTOMOTIVE,0,1
3003596,8/17/17,35,BEAUTY,0,1
3003597,8/17/17,35,BEVERAGES,30,374
3003599,8/17/17,35,BREAD/BAKERY,5,50
3003600,8/17/17,35,CELEBRATION,0,7
3003601,8/17/17,35,CLEANING,19,205
3003602,8/17/17,35,DAIRY,4,109
3003603,8/17/17,35,DELI,4,26
3003604,8/17/17,35,EGGS,1,108
3003605,8/17/17,35,FROZEN FOODS,0,11.877
3003606,8/17/17,35,GROCERY I,55,862
3003607,8/17/17,35,GROCERY II,0,3
3003608,8/17/17,35,HARDWARE,0,1
3003609,8/17/17,35,HOME AND KITCHEN I,1,11
3003610,8/17/17,35,HOME AND KITCHEN II,0,13
3003611,8/17/17,35,HOME APPLIANCES,0,1
3003612,8/17/17,35,HOME CARE,7,104
3003615,8/17/17,35,LINGERIE,0,7
3003618,8/17/17,35,MEATS,20,193.307
3003619,8/17/17,35,PERSONAL CARE,4,43
3003622,8/17/17,35,POULTRY,0,81.097
3003623,8/17/17,35,PREPARED FOODS,0,19
3003624,8/17/17,35,PRODUCE,1,627.733
3003626,8/17/17,35,SEAFOOD,0,1
3003627,8/17/17,36,AUTOMOTIVE,0,5
3003630,8/17/17,36,BEVERAGES,28,1025
3003632,8/17/17,36,BREAD/BAKERY,11,465
3003633,8/17/17,36,CELEBRATION,0,9
3003634,8/17/17,36,CLEANING,19,859
3003635,8/17/17,36,DAIRY,14,528
3003636,8/17/17,36,DELI,5,154.806
3003637,8/17/17,36,EGGS,1,115
3003638,8/17/17,36,FROZEN FOODS,0,78.06
3003639,8/17/17,36,GROCERY I,63,1881.333
3003642,8/17/17,36,HOME AND KITCHEN I,0,31
3003643,8/17/17,36,HOME AND KITCHEN II,1,5
3003645,8/17/17,36,HOME CARE,6,269
3003647,8/17/17,36,LAWN AND GARDEN,0,4
3003648,8/17/17,36,LINGERIE,0,14
3003651,8/17/17,36,MEATS,21,107.645
3003652,8/17/17,36,PERSONAL CARE,9,169
3003655,8/17/17,36,POULTRY,0,76.678
3003656,8/17/17,36,PREPARED FOODS,0,30.554
3003657,8/17/17,36,PRODUCE,2,2792.749
3003659,8/17/17,36,SEAFOOD,0,1
3003663,8/17/17,37,BEVERAGES,15,1064
3003665,8/17/17,37,BREAD/BAKERY,11,488.135
3003666,8/17/17,37,CELEBRATION,0,11
3003667,8/17/17,37,CLEANING,8,1074
3003668,8/17/17,37,DAIRY,15,938
3003669,8/17/17,37,DELI,9,116.798996
3003670,8/17/17,37,EGGS,0,181
3003671,8/17/17,37,FROZEN FOODS,0,191
3003672,8/17/17,37,GROCERY I,37,3404
3003678,8/17/17,37,HOME CARE,7,376
3003680,8/17/17,37,LAWN AND GARDEN,0,10
3003684,8/17/17,37,MEATS,0,543.763
3003685,8/17/17,37,PERSONAL CARE,13,212
3003687,8/17/17,37,PLAYERS AND ELECTRONICS,0,13
3003688,8/17/17,37,POULTRY,0,264.094
3003689,8/17/17,37,PREPARED FOODS,0,164.836
3003690,8/17/17,37,PRODUCE,5,7
3003692,8/17/17,37,SEAFOOD,0,17.774
3003696,8/17/17,38,BEVERAGES,15,611
3003698,8/17/17,38,BREAD/BAKERY,10,698.825
3003699,8/17/17,38,CELEBRATION,0,14
3003700,8/17/17,38,CLEANING,10,847
3003701,8/17/17,38,DAIRY,11,827
3003702,8/17/17,38,DELI,8,180.008
3003703,8/17/17,38,EGGS,0,98
3003704,8/17/17,38,FROZEN FOODS,0,160
3003705,8/17/17,38,GROCERY I,36,2870
3003711,8/17/17,38,HOME CARE,8,443
3003713,8/17/17,38,LAWN AND GARDEN,1,7
3003715,8/17/17,38,LIQUOR WINE BEER,6,32
3003717,8/17/17,38,MEATS,0,155.259
3003718,8/17/17,38,PERSONAL CARE,12,269
3003720,8/17/17,38,PLAYERS AND ELECTRONICS,0,11
3003721,8/17/17,38,POULTRY,0,172.089
3003722,8/17/17,38,PREPARED FOODS,0,165.418
3003723,8/17/17,38,PRODUCE,3,1
3003725,8/17/17,38,SEAFOOD,0,19.067001
3003726,8/17/17,39,AUTOMOTIVE,0,4
3003728,8/17/17,39,BEAUTY,1,3
3003729,8/17/17,39,BEVERAGES,28,658
3003731,8/17/17,39,BREAD/BAKERY,11,539
3003733,8/17/17,39,CLEANING,22,1056
3003734,8/17/17,39,DAIRY,19,535
3003735,8/17/17,39,DELI,8,134.31
3003736,8/17/17,39,EGGS,1,221
3003737,8/17/17,39,FROZEN FOODS,0,43
3003738,8/17/17,39,GROCERY I,65,3484.952
3003740,8/17/17,39,HARDWARE,0,1
3003742,8/17/17,39,HOME AND KITCHEN II,1,14
3003744,8/17/17,39,HOME CARE,11,292
3003745,8/17/17,39,LADIESWEAR,0,14
3003746,8/17/17,39,LAWN AND GARDEN,0,8
3003747,8/17/17,39,LINGERIE,0,8
3003750,8/17/17,39,MEATS,19,112.365
3003751,8/17/17,39,PERSONAL CARE,10,203
3003754,8/17/17,39,POULTRY,1,167.5024
3003755,8/17/17,39,PREPARED FOODS,0,84.007
3003756,8/17/17,39,PRODUCE,0,2463.323
3003758,8/17/17,39,SEAFOOD,0,11
3003762,8/17/17,4,BEVERAGES,12,1821
3003764,8/17/17,4,BREAD/BAKERY,8,267.395
3003765,8/17/17,4,CELEBRATION,0,5
3003766,8/17/17,4,CLEANING,8,542
3003767,8/17/17,4,DAIRY,17,558
3003768,8/17/17,4,DELI,10,178.768
3003769,8/17/17,4,EGGS,0,135
3003770,8/17/17,4,FROZEN FOODS,0,104.375
3003771,8/17/17,4,GROCERY I,34,2055
3003777,8/17/17,4,HOME CARE,7,364
3003779,8/17/17,4,LAWN AND GARDEN,0,10
3003783,8/17/17,4,MEATS,0,231.781
3003786,8/17/17,4,PLAYERS AND ELECTRONICS,0,8
3003787,8/17/17,4,POULTRY,0,530.02
3003788,8/17/17,4,PREPARED FOODS,0,88.19
3003789,8/17/17,4,PRODUCE,4,3832.635
3003791,8/17/17,4,SEAFOOD,0,41.473
3003792,8/17/17,40,AUTOMOTIVE,0,6
3003795,8/17/17,40,BEVERAGES,19,863
3003797,8/17/17,40,BREAD/BAKERY,9,292
3003798,8/17/17,40,CELEBRATION,0,21
3003799,8/17/17,40,CLEANING,14,807
3003800,8/17/17,40,DAIRY,11,555
3003801,8/17/17,40,DELI,6,216
3003802,8/17/17,40,EGGS,1,102
3003803,8/17/17,40,FROZEN FOODS,0,36.973
3003804,8/17/17,40,GROCERY I,56,3122
3003805,8/17/17,40,GROCERY II,0,12
3003807,8/17/17,40,HOME AND KITCHEN I,0,36
3003808,8/17/17,40,HOME AND KITCHEN II,0,9
3003809,8/17/17,40,HOME APPLIANCES,0,1
3003810,8/17/17,40,HOME CARE,7,210
3003813,8/17/17,40,LINGERIE,0,20
3003816,8/17/17,40,MEATS,18,120.335
3003817,8/17/17,40,PERSONAL CARE,8,144
3003820,8/17/17,40,POULTRY,0,145.491
3003821,8/17/17,40,PREPARED FOODS,0,43
3003822,8/17/17,40,PRODUCE,1,1946.614
3003824,8/17/17,40,SEAFOOD,0,5
3003828,8/17/17,41,BEVERAGES,15,618
3003830,8/17/17,41,BREAD/BAKERY,10,289.626
3003831,8/17/17,41,CELEBRATION,0,4
3003832,8/17/17,41,CLEANING,11,640
3003833,8/17/17,41,DAIRY,15,391
3003834,8/17/17,41,DELI,8,200.048
3003835,8/17/17,41,EGGS,0,94
3003836,8/17/17,41,FROZEN FOODS,0,118.998
3003837,8/17/17,41,GROCERY I,35,1913
3003843,8/17/17,41,HOME CARE,5,222
3003845,8/17/17,41,LAWN AND GARDEN,0,5
3003849,8/17/17,41,MEATS,0,103.837
3003850,8/17/17,41,PERSONAL CARE,13,389
3003851,8/17/17,41,PET SUPPLIES,1,6
3003853,8/17/17,41,POULTRY,0,145.053
3003854,8/17/17,41,PREPARED FOODS,0,46.353
3003855,8/17/17,41,PRODUCE,5,2
3003857,8/17/17,41,SEAFOOD,0,12
3003891,8/17/17,43,AUTOMOTIVE,0,4
3003894,8/17/17,43,BEVERAGES,23,1480
3003896,8/17/17,43,BREAD/BAKERY,8,164
3003898,8/17/17,43,CLEANING,19,611
3003899,8/17/17,43,DAIRY,17,300
3003900,8/17/17,43,DELI,8,127
3003901,8/17/17,43,EGGS,1,92
3003902,8/17/17,43,FROZEN FOODS,0,18.630001
3003903,8/17/17,43,GROCERY I,57,2158
3003907,8/17/17,43,HOME AND KITCHEN II,0,12
3003909,8/17/17,43,HOME CARE,6,228
3003915,8/17/17,43,MEATS,19,80.836
3003916,8/17/17,43,PERSONAL CARE,9,142
3003919,8/17/17,43,POULTRY,0,118.133995
3003920,8/17/17,43,PREPARED FOODS,0,84
3003921,8/17/17,43,PRODUCE,0,890.72
3003924,8/17/17,44,AUTOMOTIVE,0,34
3003927,8/17/17,44,BEVERAGES,19,8783
3003929,8/17/17,44,BREAD/BAKERY,12,1080.753
3003930,8/17/17,44,CELEBRATION,0,11
3003931,8/17/17,44,CLEANING,11,2404
3003932,8/17/17,44,DAIRY,19,2129
3003933,8/17/17,44,DELI,10,605.141
3003934,8/17/17,44,EGGS,0,745
3003935,8/17/17,44,FROZEN FOODS,0,525.873
3003936,8/17/17,44,GROCERY I,40,7764
3003937,8/17/17,44,GROCERY II,0,75
3003942,8/17/17,44,HOME CARE,9,615
3003948,8/17/17,44,MEATS,0,1504.193
3003949,8/17/17,44,PERSONAL CARE,15,416
3003951,8/17/17,44,PLAYERS AND ELECTRONICS,0,36
3003952,8/17/17,44,POULTRY,0,1565.993
3003953,8/17/17,44,PREPARED FOODS,0,613.183
3003954,8/17/17,44,PRODUCE,5,15184.537
3003956,8/17/17,44,SEAFOOD,0,145.82199
3003957,8/17/17,45,AUTOMOTIVE,0,14
3003960,8/17/17,45,BEVERAGES,18,3022
3003962,8/17/17,45,BREAD/BAKERY,10,861.942
3003963,8/17/17,45,CELEBRATION,0,26
3003964,8/17/17,45,CLEANING,12,1790
3003965,8/17/17,45,DAIRY,16,1741
3003966,8/17/17,45,DELI,10,592.109
3003967,8/17/17,45,EGGS,0,363
3003968,8/17/17,45,FROZEN FOODS,0,223.435
3003969,8/17/17,45,GROCERY I,41,6509
3003975,8/17/17,45,HOME CARE,7,789
3003981,8/17/17,45,MEATS,1,1599.408
3003982,8/17/17,45,PERSONAL CARE,15,409
3003984,8/17/17,45,PLAYERS AND ELECTRONICS,0,18
3003985,8/17/17,45,POULTRY,0,1571.412
3003986,8/17/17,45,PREPARED FOODS,0,276.04
3003987,8/17/17,45,PRODUCE,5,16
3003989,8/17/17,45,SEAFOOD,0,121.899
3003990,8/17/17,46,AUTOMOTIVE,0,17
3003993,8/17/17,46,BEVERAGES,16,4793
3003995,8/17/17,46,BREAD/BAKERY,12,748.534
3003996,8/17/17,46,CELEBRATION,1,17
3003997,8/17/17,46,CLEANING,12,1887
3003998,8/17/17,46,DAIRY,17,1540
3003999,8/17/17,46,DELI,9,851.216
3004000,8/17/17,46,EGGS,0,153
3004001,8/17/17,46,FROZEN FOODS,0,257.501
3004002,8/17/17,46,GROCERY I,44,6903
3004005,8/17/17,46,HOME AND KITCHEN I,4,43
3004008,8/17/17,46,HOME CARE,8,757
3004010,8/17/17,46,LAWN AND GARDEN,0,10
3004014,8/17/17,46,MEATS,0,1142.723
3004015,8/17/17,46,PERSONAL CARE,12,555
3004017,8/17/17,46,PLAYERS AND ELECTRONICS,1,38
3004018,8/17/17,46,POULTRY,0,1074.8201
3004019,8/17/17,46,PREPARED FOODS,0,170.36499
3004020,8/17/17,46,PRODUCE,5,2508.452
3004022,8/17/17,46,SEAFOOD,0,47.05
3004023,8/17/17,47,AUTOMOTIVE,0,33
3004026,8/17/17,47,BEVERAGES,18,3052
3004028,8/17/17,47,BREAD/BAKERY,11,1381.06
3004029,8/17/17,47,CELEBRATION,0,16
3004030,8/17/17,47,CLEANING,12,2076
3004031,8/17/17,47,DAIRY,18,2038
3004032,8/17/17,47,DELI,9,715.537
3004033,8/17/17,47,EGGS,0,345
3004034,8/17/17,47,FROZEN FOODS,0,260.854
3004035,8/17/17,47,GROCERY I,41,8134
3004041,8/17/17,47,HOME CARE,9,852
3004043,8/17/17,47,LAWN AND GARDEN,0,25
3004047,8/17/17,47,MEATS,0,1231.028
3004048,8/17/17,47,PERSONAL CARE,12,880
3004050,8/17/17,47,PLAYERS AND ELECTRONICS,0,10
3004051,8/17/17,47,POULTRY,0,1592.196
3004052,8/17/17,47,PREPARED FOODS,0,339.046
3004053,8/17/17,47,PRODUCE,4,8630.106
3004055,8/17/17,47,SEAFOOD,0,96.708
3004056,8/17/17,48,AUTOMOTIVE,0,11
3004059,8/17/17,48,BEVERAGES,14,1390
3004061,8/17/17,48,BREAD/BAKERY,11,437.845
3004062,8/17/17,48,CELEBRATION,0,25
3004063,8/17/17,48,CLEANING,12,1315
3004064,8/17/17,48,DAIRY,15,872
3004065,8/17/17,48,DELI,9,404.964
3004066,8/17/17,48,EGGS,1,62
3004067,8/17/17,48,FROZEN FOODS,0,119.081
3004068,8/17/17,48,GROCERY I,40,4600
3004070,8/17/17,48,HARDWARE,0,3
3004074,8/17/17,48,HOME CARE,8,822
3004080,8/17/17,48,MEATS,0,1003.731
3004081,8/17/17,48,PERSONAL CARE,12,500
3004083,8/17/17,48,PLAYERS AND ELECTRONICS,0,22
3004084,8/17/17,48,POULTRY,0,754.414
3004085,8/17/17,48,PREPARED FOODS,0,117.881
3004086,8/17/17,48,PRODUCE,5,2135.061
3004088,8/17/17,48,SEAFOOD,0,11.071
3004089,8/17/17,49,AUTOMOTIVE,0,12
3004092,8/17/17,49,BEVERAGES,20,6090
3004094,8/17/17,49,BREAD/BAKERY,10,716.128
3004096,8/17/17,49,CLEANING,10,1550
3004097,8/17/17,49,DAIRY,19,1716
3004098,8/17/17,49,DELI,8,313.102
3004099,8/17/17,49,EGGS,0,375
3004100,8/17/17,49,FROZEN FOODS,0,307.788
3004101,8/17/17,49,GROCERY I,40,5463
3004107,8/17/17,49,HOME CARE,8,358
3004109,8/17/17,49,LAWN AND GARDEN,0,15
3004113,8/17/17,49,MEATS,0,983.105
3004114,8/17/17,49,PERSONAL CARE,12,270
3004116,8/17/17,49,PLAYERS AND ELECTRONICS,0,30
3004117,8/17/17,49,POULTRY,0,1041.163
3004118,8/17/17,49,PREPARED FOODS,0,326.18
3004119,8/17/17,49,PRODUCE,5,8248.459
3004121,8/17/17,49,SEAFOOD,0,96.911
3004125,8/17/17,5,BEVERAGES,13,681
3004127,8/17/17,5,BREAD/BAKERY,8,275.637
3004128,8/17/17,5,CELEBRATION,0,27
3004129,8/17/17,5,CLEANING,8,838
3004130,8/17/17,5,DAIRY,15,510
3004131,8/17/17,5,DELI,7,305.384
3004132,8/17/17,5,EGGS,0,117
3004133,8/17/17,5,FROZEN FOODS,0,125.135
3004134,8/17/17,5,GROCERY I,32,2713
3004140,8/17/17,5,HOME CARE,6,337
3004142,8/17/17,5,LAWN AND GARDEN,0,1
3004146,8/17/17,5,MEATS,0,279.986
3004147,8/17/17,5,PERSONAL CARE,12,256
3004150,8/17/17,5,POULTRY,0,241.7
3004151,8/17/17,5,PREPARED FOODS,0,78.573
3004152,8/17/17,5,PRODUCE,3,4
3004154,8/17/17,5,SEAFOOD,0,30.582
3004155,8/17/17,50,AUTOMOTIVE,0,17
3004158,8/17/17,50,BEVERAGES,16,1463
3004160,8/17/17,50,BREAD/BAKERY,11,466.783
3004161,8/17/17,50,CELEBRATION,0,29
3004162,8/17/17,50,CLEANING,7,1421
3004163,8/17/17,50,DAIRY,17,1094
3004164,8/17/17,50,DELI,9,368.328
3004165,8/17/17,50,EGGS,0,103
3004166,8/17/17,50,FROZEN FOODS,0,123
3004167,8/17/17,50,GROCERY I,36,5329
3004171,8/17/17,50,HOME AND KITCHEN II,0,29
3004173,8/17/17,50,HOME CARE,5,505
3004179,8/17/17,50,MEATS,0,521.215
3004180,8/17/17,50,PERSONAL CARE,12,295
3004182,8/17/17,50,PLAYERS AND ELECTRONICS,0,21
3004183,8/17/17,50,POULTRY,0,531.095
3004184,8/17/17,50,PREPARED FOODS,0,116.573
3004185,8/17/17,50,PRODUCE,3,2931.032
3004187,8/17/17,50,SEAFOOD,0,29.085001
3004191,8/17/17,51,BEVERAGES,17,7311
3004193,8/17/17,51,BREAD/BAKERY,12,1148.096
3004194,8/17/17,51,CELEBRATION,0,8
3004195,8/17/17,51,CLEANING,8,2098
3004196,8/17/17,51,DAIRY,16,2104
3004197,8/17/17,51,DELI,8,328.069
3004198,8/17/17,51,EGGS,0,367
3004199,8/17/17,51,FROZEN FOODS,0,628.92
3004200,8/17/17,51,GROCERY I,33,6223
3004203,8/17/17,51,HOME AND KITCHEN I,0,5
3004206,8/17/17,51,HOME CARE,4,400
3004208,8/17/17,51,LAWN AND GARDEN,0,6
3004212,8/17/17,51,MEATS,0,509.478
3004213,8/17/17,51,PERSONAL CARE,10,544
3004215,8/17/17,51,PLAYERS AND ELECTRONICS,1,20
3004216,8/17/17,51,POULTRY,0,694.898
3004217,8/17/17,51,PREPARED FOODS,0,200
3004218,8/17/17,51,PRODUCE,6,9940.145
3004220,8/17/17,51,SEAFOOD,0,111.006
3004257,8/17/17,53,BEVERAGES,12,510
3004259,8/17/17,53,BREAD/BAKERY,10,335.096
3004260,8/17/17,53,CELEBRATION,0,6
3004261,8/17/17,53,CLEANING,7,489
3004262,8/17/17,53,DAIRY,16,335
3004263,8/17/17,53,DELI,8,110.476
3004264,8/17/17,53,EGGS,0,48
3004265,8/17/17,53,FROZEN FOODS,0,141
3004266,8/17/17,53,GROCERY I,28,1557
3004272,8/17/17,53,HOME CARE,7,204
3004278,8/17/17,53,MEATS,0,236.905
3004279,8/17/17,53,PERSONAL CARE,7,136
3004281,8/17/17,53,PLAYERS AND ELECTRONICS,0,12
3004282,8/17/17,53,POULTRY,0,164.829
3004283,8/17/17,53,PREPARED FOODS,0,56.444
3004284,8/17/17,53,PRODUCE,1,2711.263
3004286,8/17/17,53,SEAFOOD,0,5
3004287,8/17/17,54,AUTOMOTIVE,0,2
3004289,8/17/17,54,BEAUTY,0,1
3004290,8/17/17,54,BEVERAGES,31,872
3004292,8/17/17,54,BREAD/BAKERY,6,136
3004293,8/17/17,54,CELEBRATION,0,1
3004294,8/17/17,54,CLEANING,16,611
3004295,8/17/17,54,DAIRY,3,154
3004296,8/17/17,54,DELI,6,143
3004297,8/17/17,54,EGGS,1,30
3004298,8/17/17,54,FROZEN FOODS,0,10.166
3004299,8/17/17,54,GROCERY I,51,1519
3004300,8/17/17,54,GROCERY II,0,6
3004301,8/17/17,54,HARDWARE,0,2
3004302,8/17/17,54,HOME AND KITCHEN I,1,14
3004303,8/17/17,54,HOME AND KITCHEN II,0,11
3004305,8/17/17,54,HOME CARE,11,138
3004308,8/17/17,54,LINGERIE,0,9
3004311,8/17/17,54,MEATS,10,58.312
3004312,8/17/17,54,PERSONAL CARE,8,122
3004315,8/17/17,54,POULTRY,0,34.337
3004316,8/17/17,54,PREPARED FOODS,0,99
3004317,8/17/17,54,PRODUCE,0,653.491
3004319,8/17/17,54,SEAFOOD,0,3
3004322,8/17/17,6,BEAUTY,1,3
3004323,8/17/17,6,BEVERAGES,19,1050
3004325,8/17/17,6,BREAD/BAKERY,11,346.316
3004326,8/17/17,6,CELEBRATION,0,11
3004327,8/17/17,6,CLEANING,11,797
3004328,8/17/17,6,DAIRY,18,715
3004329,8/17/17,6,DELI,9,230.665
3004330,8/17/17,6,EGGS,0,144
3004331,8/17/17,6,FROZEN FOODS,0,135
3004332,8/17/17,6,GROCERY I,32,3073
3004338,8/17/17,6,HOME CARE,6,373
3004340,8/17/17,6,LAWN AND GARDEN,0,7
3004342,8/17/17,6,LIQUOR WINE BEER,3,59
3004344,8/17/17,6,MEATS,0,595.626
3004345,8/17/17,6,PERSONAL CARE,13,401
3004348,8/17/17,6,POULTRY,0,870.827
3004349,8/17/17,6,PREPARED FOODS,0,162.702
3004350,8/17/17,6,PRODUCE,3,29
3004352,8/17/17,6,SEAFOOD,0,40.726
3004356,8/17/17,7,BEVERAGES,1,2272
3004358,8/17/17,7,BREAD/BAKERY,0,518.276
3004359,8/17/17,7,CELEBRATION,0,17
3004360,8/17/17,7,CLEANING,0,1059
3004361,8/17/17,7,DAIRY,0,1025
3004362,8/17/17,7,DELI,0,163.209
3004363,8/17/17,7,EGGS,0,263
3004364,8/17/17,7,FROZEN FOODS,0,208
3004365,8/17/17,7,GROCERY I,0,3906
3004371,8/17/17,7,HOME CARE,0,308
3004373,8/17/17,7,LAWN AND GARDEN,0,24
3004377,8/17/17,7,MEATS,0,696.255
3004378,8/17/17,7,PERSONAL CARE,0,230
3004380,8/17/17,7,PLAYERS AND ELECTRONICS,0,14
3004381,8/17/17,7,POULTRY,0,887.265
3004382,8/17/17,7,PREPARED FOODS,0,212.95801
3004383,8/17/17,7,PRODUCE,0,2
3004385,8/17/17,7,SEAFOOD,0,72.985
3004389,8/17/17,8,BEVERAGES,1,1600
3004391,8/17/17,8,BREAD/BAKERY,0,509.29102
3004393,8/17/17,8,CLEANING,0,1200
3004394,8/17/17,8,DAIRY,0,1376
3004395,8/17/17,8,DELI,0,282.744
3004396,8/17/17,8,EGGS,0,358
3004397,8/17/17,8,FROZEN FOODS,0,170
3004398,8/17/17,8,GROCERY I,0,3998
3004404,8/17/17,8,HOME CARE,0,365
3004406,8/17/17,8,LAWN AND GARDEN,0,15
3004410,8/17/17,8,MEATS,0,1129.43
3004411,8/17/17,8,PERSONAL CARE,0,254
3004413,8/17/17,8,PLAYERS AND ELECTRONICS,0,12
3004414,8/17/17,8,POULTRY,0,588.473
3004415,8/17/17,8,PREPARED FOODS,0,226.95
3004416,8/17/17,8,PRODUCE,0,1
3004418,8/17/17,8,SEAFOOD,0,73.304
3004419,8/17/17,9,AUTOMOTIVE,0,21
3004422,8/17/17,9,BEVERAGES,29,2217
3004424,8/17/17,9,BREAD/BAKERY,7,521
3004426,8/17/17,9,CLEANING,27,1752
3004427,8/17/17,9,DAIRY,17,584
3004428,8/17/17,9,DELI,8,602.9347
3004429,8/17/17,9,EGGS,1,136
3004430,8/17/17,9,FROZEN FOODS,0,61.495
3004431,8/17/17,9,GROCERY I,65,7685
3004432,8/17/17,9,GROCERY II,0,18
3004434,8/17/17,9,HOME AND KITCHEN I,0,44
3004437,8/17/17,9,HOME CARE,9,696
3004438,8/17/17,9,LADIESWEAR,0,14
3004439,8/17/17,9,LAWN AND GARDEN,0,3
3004443,8/17/17,9,MEATS,21,404.3831
3004444,8/17/17,9,PERSONAL CARE,10,334
3004447,8/17/17,9,POULTRY,0,613.71704
3004448,8/17/17,9,PREPARED FOODS,0,56.86
3004449,8/17/17,9,PRODUCE,1,1906.603
3004451,8/17/17,9,SEAFOOD,0,22.9274
3004455,8/18/17,1,BEVERAGES,12,2803
3004457,8/18/17,1,BREAD/BAKERY,10,232.343
3004458,8/18/17,1,CELEBRATION,0,13
3004459,8/18/17,1,CLEANING,6,720
3004460,8/18/17,1,DAIRY,18,710
3004461,8/18/17,1,DELI,52,144.572
3004462,8/18/17,1,EGGS,25,163
3004463,8/18/17,1,FROZEN FOODS,0,97
3004464,8/18/17,1,GROCERY I,31,2327
3004470,8/18/17,1,HOME CARE,5,211
3004472,8/18/17,1,LAWN AND GARDEN,0,20
3004476,8/18/17,1,MEATS,48,712.06
3004477,8/18/17,1,PERSONAL CARE,9,145
3004479,8/18/17,1,PLAYERS AND ELECTRONICS,1,7
3004480,8/18/17,1,POULTRY,41,709.636
3004481,8/18/17,1,PREPARED FOODS,0,127.85
3004482,8/18/17,1,PRODUCE,5,3951.501
3004484,8/18/17,1,SEAFOOD,7,30.559
3004485,8/18/17,10,AUTOMOTIVE,0,5
3004487,8/18/17,10,BEAUTY,0,1
3004488,8/18/17,10,BEVERAGES,17,370
3004490,8/18/17,10,BREAD/BAKERY,4,112
3004492,8/18/17,10,CLEANING,14,776
3004493,8/18/17,10,DAIRY,10,336
3004494,8/18/17,10,DELI,37,205
3004495,8/18/17,10,EGGS,1,11
3004496,8/18/17,10,FROZEN FOODS,0,50.571
3004497,8/18/17,10,GROCERY I,45,2463
3004499,8/18/17,10,HARDWARE,0,2
3004500,8/18/17,10,HOME AND KITCHEN I,0,24
3004503,8/18/17,10,HOME CARE,8,310
3004506,8/18/17,10,LINGERIE,0,6
3004509,8/18/17,10,MEATS,0,205.056
3004510,8/18/17,10,PERSONAL CARE,9,131
3004513,8/18/17,10,POULTRY,9,216.878
3004514,8/18/17,10,PREPARED FOODS,0,19
3004515,8/18/17,10,PRODUCE,1,351.215
3004517,8/18/17,10,SEAFOOD,0,5
3004518,8/18/17,11,AUTOMOTIVE,0,6
3004521,8/18/17,11,BEVERAGES,36,1836
3004523,8/18/17,11,BREAD/BAKERY,8,576
3004524,8/18/17,11,CELEBRATION,0,31
3004525,8/18/17,11,CLEANING,24,1189
3004526,8/18/17,11,DAIRY,19,320
3004527,8/18/17,11,DELI,61,244.813
3004528,8/18/17,11,EGGS,1,88
3004529,8/18/17,11,FROZEN FOODS,0,52
3004530,8/18/17,11,GROCERY I,66,6304.683
3004531,8/18/17,11,GROCERY II,0,21
3004533,8/18/17,11,HOME AND KITCHEN I,2,13
3004534,8/18/17,11,HOME AND KITCHEN II,1,13
3004536,8/18/17,11,HOME CARE,10,933
3004537,8/18/17,11,LADIESWEAR,0,16
3004539,8/18/17,11,LINGERIE,0,14
3004540,8/18/17,11,LIQUOR WINE BEER,2,81
3004542,8/18/17,11,MEATS,0,694.64
3004543,8/18/17,11,PERSONAL CARE,11,234
3004545,8/18/17,11,PLAYERS AND ELECTRONICS,0,10
3004546,8/18/17,11,POULTRY,19,776.195
3004547,8/18/17,11,PREPARED FOODS,2,41
3004548,8/18/17,11,PRODUCE,2,1988.468
3004550,8/18/17,11,SEAFOOD,0,14
3004551,8/18/17,12,AUTOMOTIVE,0,9
3004554,8/18/17,12,BEVERAGES,16,517
3004556,8/18/17,12,BREAD/BAKERY,4,152
3004558,8/18/17,12,CLEANING,14,695
3004559,8/18/17,12,DAIRY,8,272
3004560,8/18/17,12,DELI,46,120
3004561,8/18/17,12,EGGS,1,70
3004562,8/18/17,12,FROZEN FOODS,0,52
3004563,8/18/17,12,GROCERY I,50,2088
3004575,8/18/17,12,MEATS,0,159.299
3004576,8/18/17,12,PERSONAL CARE,8,213
3004578,8/18/17,12,PLAYERS AND ELECTRONICS,0,6
3004579,8/18/17,12,POULTRY,12,305.056
3004581,8/18/17,12,PRODUCE,1,341.653
3004587,8/18/17,13,BEVERAGES,18,453
3004589,8/18/17,13,BREAD/BAKERY,5,103
3004591,8/18/17,13,CLEANING,17,594
3004592,8/18/17,13,DAIRY,7,238
3004593,8/18/17,13,DELI,39,85
3004594,8/18/17,13,EGGS,1,54
3004595,8/18/17,13,FROZEN FOODS,0,15
3004596,8/18/17,13,GROCERY I,44,1654
3004603,8/18/17,13,LADIESWEAR,0,5
3004608,8/18/17,13,MEATS,0,131.586
3004609,8/18/17,13,PERSONAL CARE,9,143
3004612,8/18/17,13,POULTRY,7,135.026
3004613,8/18/17,13,PREPARED FOODS,0,14
3004614,8/18/17,13,PRODUCE,1,299.712
3004617,8/18/17,14,AUTOMOTIVE,0,4
3004620,8/18/17,14,BEVERAGES,17,441
3004622,8/18/17,14,BREAD/BAKERY,6,174
3004623,8/18/17,14,CELEBRATION,0,4
3004624,8/18/17,14,CLEANING,20,816
3004625,8/18/17,14,DAIRY,10,483
3004626,8/18/17,14,DELI,46,131
3004627,8/18/17,14,EGGS,1,41
3004628,8/18/17,14,FROZEN FOODS,0,13
3004629,8/18/17,14,GROCERY I,52,1907
3004632,8/18/17,14,HOME AND KITCHEN I,0,8
3004638,8/18/17,14,LINGERIE,0,5
3004639,8/18/17,14,LIQUOR WINE BEER,2,7
3004641,8/18/17,14,MEATS,0,381.589
3004642,8/18/17,14,PERSONAL CARE,9,194
3004645,8/18/17,14,POULTRY,12,86.333
3004646,8/18/17,14,PREPARED FOODS,0,38
3004647,8/18/17,14,PRODUCE,1,479.677
3004650,8/18/17,15,AUTOMOTIVE,0,8
3004652,8/18/17,15,BEAUTY,0,1
3004653,8/18/17,15,BEVERAGES,31,612
3004655,8/18/17,15,BREAD/BAKERY,7,199
3004656,8/18/17,15,CELEBRATION,0,4
3004657,8/18/17,15,CLEANING,22,620
3004658,8/18/17,15,DAIRY,9,329
3004659,8/18/17,15,DELI,47,262
3004660,8/18/17,15,EGGS,1,55
3004661,8/18/17,15,FROZEN FOODS,0,23
3004662,8/18/17,15,GROCERY I,61,3720
3004668,8/18/17,15,HOME CARE,9,233
3004669,8/18/17,15,LADIESWEAR,1,12
3004671,8/18/17,15,LINGERIE,0,1
3004672,8/18/17,15,LIQUOR WINE BEER,1,35
3004674,8/18/17,15,MEATS,0,149.201
3004675,8/18/17,15,PERSONAL CARE,13,180
3004678,8/18/17,15,POULTRY,13,97.654
3004679,8/18/17,15,PREPARED FOODS,1,20
3004680,8/18/17,15,PRODUCE,4,903.658
3004682,8/18/17,15,SEAFOOD,0,3
3004683,8/18/17,16,AUTOMOTIVE,0,5
3004686,8/18/17,16,BEVERAGES,15,401
3004688,8/18/17,16,BREAD/BAKERY,6,181
3004690,8/18/17,16,CLEANING,20,838
3004691,8/18/17,16,DAIRY,7,508
3004692,8/18/17,16,DELI,36,221
3004693,8/18/17,16,EGGS,1,258
3004694,8/18/17,16,FROZEN FOODS,0,12
3004695,8/18/17,16,GROCERY I,41,2578
3004699,8/18/17,16,HOME AND KITCHEN II,0,9
3004707,8/18/17,16,MEATS,0,68.885
3004708,8/18/17,16,PERSONAL CARE,4,164
3004711,8/18/17,16,POULTRY,10,76.512
3004712,8/18/17,16,PREPARED FOODS,0,62
3004713,8/18/17,16,PRODUCE,0,1062.49
3004715,8/18/17,16,SEAFOOD,0,5
3004716,8/18/17,17,AUTOMOTIVE,0,5
3004719,8/18/17,17,BEVERAGES,15,1173
3004721,8/18/17,17,BREAD/BAKERY,10,204
3004723,8/18/17,17,CLEANING,14,772
3004724,8/18/17,17,DAIRY,13,404
3004725,8/18/17,17,DELI,63,232
3004726,8/18/17,17,EGGS,1,72
3004727,8/18/17,17,FROZEN FOODS,0,29
3004728,8/18/17,17,GROCERY I,52,2576
3004731,8/18/17,17,HOME AND KITCHEN I,1,19
3004734,8/18/17,17,HOME CARE,8,267
3004740,8/18/17,17,MEATS,0,220.509
3004741,8/18/17,17,PERSONAL CARE,11,130
3004744,8/18/17,17,POULTRY,16,348.53
3004745,8/18/17,17,PREPARED FOODS,0,59
3004746,8/18/17,17,PRODUCE,0,1054.232
3004748,8/18/17,17,SEAFOOD,0,20
3004749,8/18/17,18,AUTOMOTIVE,0,2
3004752,8/18/17,18,BEVERAGES,22,952
3004754,8/18/17,18,BREAD/BAKERY,8,656
3004756,8/18/17,18,CLEANING,16,602
3004757,8/18/17,18,DAIRY,23,444
3004758,8/18/17,18,DELI,60,154.771
3004759,8/18/17,18,EGGS,1,112
3004760,8/18/17,18,FROZEN FOODS,0,28
3004761,8/18/17,18,GROCERY I,60,1607.357
3004767,8/18/17,18,HOME CARE,9,204
3004773,8/18/17,18,MEATS,0,162.8255
3004774,8/18/17,18,PERSONAL CARE,11,118
3004777,8/18/17,18,POULTRY,19,165.4432
3004778,8/18/17,18,PREPARED FOODS,2,45
3004779,8/18/17,18,PRODUCE,1,2035.715
3004781,8/18/17,18,SEAFOOD,0,7.6296
3004785,8/18/17,19,BEVERAGES,15,1060
3004787,8/18/17,19,BREAD/BAKERY,6,222
3004789,8/18/17,19,CLEANING,17,1342
3004790,8/18/17,19,DAIRY,10,444
3004791,8/18/17,19,DELI,48,146
3004792,8/18/17,19,EGGS,1,243
3004793,8/18/17,19,FROZEN FOODS,0,31
3004794,8/18/17,19,GROCERY I,54,1987
3004800,8/18/17,19,HOME CARE,4,258
3004806,8/18/17,19,MEATS,0,140.98401
3004807,8/18/17,19,PERSONAL CARE,11,175
3004808,8/18/17,19,PET SUPPLIES,0,1
3004810,8/18/17,19,POULTRY,11,96.194
3004811,8/18/17,19,PREPARED FOODS,0,26
3004812,8/18/17,19,PRODUCE,1,424.717
3004818,8/18/17,2,BEVERAGES,11,1044
3004820,8/18/17,2,BREAD/BAKERY,13,338.022
3004821,8/18/17,2,CELEBRATION,0,10
3004822,8/18/17,2,CLEANING,9,838
3004823,8/18/17,2,DAIRY,21,827
3004824,8/18/17,2,DELI,66,232.299
3004825,8/18/17,2,EGGS,30,187
3004826,8/18/17,2,FROZEN FOODS,0,117
3004827,8/18/17,2,GROCERY I,37,3052
3004833,8/18/17,2,HOME CARE,6,294
3004835,8/18/17,2,LAWN AND GARDEN,0,9
3004838,8/18/17,2,MAGAZINES,0,3
3004839,8/18/17,2,MEATS,48,388.863
3004840,8/18/17,2,PERSONAL CARE,10,242
3004842,8/18/17,2,PLAYERS AND ELECTRONICS,0,8
3004843,8/18/17,2,POULTRY,43,713.881
3004844,8/18/17,2,PREPARED FOODS,0,122.783005
3004845,8/18/17,2,PRODUCE,5,37
3004847,8/18/17,2,SEAFOOD,7,33.77
3004950,8/18/17,23,BEVERAGES,9,397
3004952,8/18/17,23,BREAD/BAKERY,7,226.65
3004954,8/18/17,23,CLEANING,6,589
3004955,8/18/17,23,DAIRY,16,494
3004956,8/18/17,23,DELI,52,102.628
3004957,8/18/17,23,EGGS,18,45
3004958,8/18/17,23,FROZEN FOODS,0,81
3004959,8/18/17,23,GROCERY I,28,1557
3004965,8/18/17,23,HOME CARE,5,178
3004971,8/18/17,23,MEATS,41,555.362
3004972,8/18/17,23,PERSONAL CARE,9,218
3004974,8/18/17,23,PLAYERS AND ELECTRONICS,0,8
3004975,8/18/17,23,POULTRY,33,460.176
3004976,8/18/17,23,PREPARED FOODS,0,53.551
3004977,8/18/17,23,PRODUCE,5,3
3004979,8/18/17,23,SEAFOOD,4,21.391
3004983,8/18/17,24,BEVERAGES,16,2678
3004985,8/18/17,24,BREAD/BAKERY,12,720.787
3004987,8/18/17,24,CLEANING,12,858
3004988,8/18/17,24,DAIRY,22,905
3004989,8/18/17,24,DELI,68,193.168
3004990,8/18/17,24,EGGS,28,181
3004991,8/18/17,24,FROZEN FOODS,1,171.753
3004992,8/18/17,24,GROCERY I,35,2829
3004998,8/18/17,24,HOME CARE,3,294
3005000,8/18/17,24,LAWN AND GARDEN,0,8
3005004,8/18/17,24,MEATS,49,415.47
3005005,8/18/17,24,PERSONAL CARE,12,271
3005008,8/18/17,24,POULTRY,40,541.872
3005009,8/18/17,24,PREPARED FOODS,0,101.526
3005010,8/18/17,24,PRODUCE,5,6300.022
3005012,8/18/17,24,SEAFOOD,6,54.814
3005016,8/18/17,25,BEVERAGES,14,659
3005018,8/18/17,25,BREAD/BAKERY,12,289.614
3005019,8/18/17,25,CELEBRATION,0,9
3005020,8/18/17,25,CLEANING,7,392
3005021,8/18/17,25,DAIRY,18,388
3005022,8/18/17,25,DELI,56,132.409
3005023,8/18/17,25,EGGS,26,130
3005024,8/18/17,25,FROZEN FOODS,0,61
3005025,8/18/17,25,GROCERY I,32,945
3005031,8/18/17,25,HOME CARE,5,82
3005033,8/18/17,25,LAWN AND GARDEN,0,4
3005037,8/18/17,25,MEATS,41,284.116
3005038,8/18/17,25,PERSONAL CARE,9,84
3005041,8/18/17,25,POULTRY,33,244.18
3005042,8/18/17,25,PREPARED FOODS,0,70.653
3005043,8/18/17,25,PRODUCE,1,1920.234
3005045,8/18/17,25,SEAFOOD,2,5
3005049,8/18/17,26,BEVERAGES,11,307
3005051,8/18/17,26,BREAD/BAKERY,11,221
3005052,8/18/17,26,CELEBRATION,0,10
3005053,8/18/17,26,CLEANING,8,361
3005054,8/18/17,26,DAIRY,9,177
3005055,8/18/17,26,DELI,31,110.341
3005056,8/18/17,26,EGGS,11,37
3005057,8/18/17,26,FROZEN FOODS,0,25
3005058,8/18/17,26,GROCERY I,22,1101
3005064,8/18/17,26,HOME CARE,5,154
3005070,8/18/17,26,MEATS,36,328.973
3005071,8/18/17,26,PERSONAL CARE,9,108
3005073,8/18/17,26,PLAYERS AND ELECTRONICS,0,6
3005074,8/18/17,26,POULTRY,23,90.538
3005075,8/18/17,26,PREPARED FOODS,0,5
3005076,8/18/17,26,PRODUCE,3,623.403
3005078,8/18/17,26,SEAFOOD,2,3.53
3005082,8/18/17,27,BEVERAGES,17,2801
3005084,8/18/17,27,BREAD/BAKERY,13,402.836
3005085,8/18/17,27,CELEBRATION,0,18
3005086,8/18/17,27,CLEANING,10,444
3005087,8/18/17,27,DAIRY,21,507
3005088,8/18/17,27,DELI,58,192.817
3005089,8/18/17,27,EGGS,26,127
3005090,8/18/17,27,FROZEN FOODS,0,87
3005091,8/18/17,27,GROCERY I,32,2053
3005097,8/18/17,27,HOME CARE,6,213
3005099,8/18/17,27,LAWN AND GARDEN,0,7
3005103,8/18/17,27,MEATS,48,180.439
3005104,8/18/17,27,PERSONAL CARE,10,134
3005106,8/18/17,27,PLAYERS AND ELECTRONICS,0,3
3005107,8/18/17,27,POULTRY,38,278.428
3005108,8/18/17,27,PREPARED FOODS,0,89.805
3005109,8/18/17,27,PRODUCE,3,5
3005111,8/18/17,27,SEAFOOD,6,26.337
3005112,8/18/17,28,AUTOMOTIVE,0,15
3005115,8/18/17,28,BEVERAGES,26,938
3005117,8/18/17,28,BREAD/BAKERY,10,379
3005119,8/18/17,28,CLEANING,23,742
3005120,8/18/17,28,DAIRY,19,593
3005121,8/18/17,28,DELI,66,207.552
3005122,8/18/17,28,EGGS,1,576
3005123,8/18/17,28,FROZEN FOODS,0,25
3005124,8/18/17,28,GROCERY I,61,3055.992
3005125,8/18/17,28,GROCERY II,0,4
3005127,8/18/17,28,HOME AND KITCHEN I,1,27
3005129,8/18/17,28,HOME APPLIANCES,0,1
3005130,8/18/17,28,HOME CARE,8,247
3005133,8/18/17,28,LINGERIE,0,22
3005134,8/18/17,28,LIQUOR WINE BEER,2,226
3005136,8/18/17,28,MEATS,0,93.684
3005137,8/18/17,28,PERSONAL CARE,9,212
3005138,8/18/17,28,PET SUPPLIES,0,4
3005140,8/18/17,28,POULTRY,15,171.098
3005141,8/18/17,28,PREPARED FOODS,2,38.507
3005142,8/18/17,28,PRODUCE,0,2646.4429
3005144,8/18/17,28,SEAFOOD,0,3
3005181,8/18/17,3,BEVERAGES,15,3384
3005183,8/18/17,3,BREAD/BAKERY,12,877.256
3005184,8/18/17,3,CELEBRATION,0,16
3005185,8/18/17,3,CLEANING,10,1950
3005186,8/18/17,3,DAIRY,22,1697
3005187,8/18/17,3,DELI,70,328.706
3005188,8/18/17,3,EGGS,31,502
3005189,8/18/17,3,FROZEN FOODS,0,286.856
3005190,8/18/17,3,GROCERY I,40,6162
3005196,8/18/17,3,HOME CARE,9,560
3005198,8/18/17,3,LAWN AND GARDEN,0,22
3005202,8/18/17,3,MEATS,53,1135.474
3005203,8/18/17,3,PERSONAL CARE,13,323
3005205,8/18/17,3,PLAYERS AND ELECTRONICS,0,21
3005206,8/18/17,3,POULTRY,45,1613.129
3005207,8/18/17,3,PREPARED FOODS,0,487.036
3005208,8/18/17,3,PRODUCE,5,5
3005210,8/18/17,3,SEAFOOD,7,122.735
3005214,8/18/17,30,BEVERAGES,20,516
3005216,8/18/17,30,BREAD/BAKERY,10,115
3005218,8/18/17,30,CLEANING,13,337
3005219,8/18/17,30,DAIRY,10,207
3005220,8/18/17,30,DELI,32,92
3005221,8/18/17,30,EGGS,1,154
3005222,8/18/17,30,FROZEN FOODS,0,28
3005223,8/18/17,30,GROCERY I,50,1120
3005235,8/18/17,30,MEATS,0,83.821
3005236,8/18/17,30,PERSONAL CARE,7,84
3005239,8/18/17,30,POULTRY,11,123.522995
3005241,8/18/17,30,PRODUCE,0,823.68
3005244,8/18/17,31,AUTOMOTIVE,0,12
3005247,8/18/17,31,BEVERAGES,27,791
3005249,8/18/17,31,BREAD/BAKERY,7,288
3005250,8/18/17,31,CELEBRATION,0,6
3005251,8/18/17,31,CLEANING,25,754
3005252,8/18/17,31,DAIRY,15,877
3005253,8/18/17,31,DELI,51,199.965
3005254,8/18/17,31,EGGS,1,185
3005255,8/18/17,31,FROZEN FOODS,0,47.727
3005256,8/18/17,31,GROCERY I,51,2346.024
3005257,8/18/17,31,GROCERY II,0,7
3005259,8/18/17,31,HOME AND KITCHEN I,1,18
3005260,8/18/17,31,HOME AND KITCHEN II,0,8
3005262,8/18/17,31,HOME CARE,10,304
3005268,8/18/17,31,MEATS,0,399.5386
3005269,8/18/17,31,PERSONAL CARE,10,278
3005272,8/18/17,31,POULTRY,16,146.829
3005273,8/18/17,31,PREPARED FOODS,1,49
3005274,8/18/17,31,PRODUCE,1,2304.033
3005276,8/18/17,31,SEAFOOD,1,1
3005280,8/18/17,32,BEVERAGES,19,208
3005282,8/18/17,32,BREAD/BAKERY,5,101
3005284,8/18/17,32,CLEANING,15,231
3005285,8/18/17,32,DAIRY,3,84
3005286,8/18/17,32,DELI,22,80
3005287,8/18/17,32,EGGS,1,93
3005288,8/18/17,32,FROZEN FOODS,0,5
3005289,8/18/17,32,GROCERY I,49,807
3005292,8/18/17,32,HOME AND KITCHEN I,0,17
3005295,8/18/17,32,HOME CARE,3,81
3005298,8/18/17,32,LINGERIE,0,1
3005301,8/18/17,32,MEATS,0,60.69
3005302,8/18/17,32,PERSONAL CARE,4,64
3005305,8/18/17,32,POULTRY,8,82.32
3005307,8/18/17,32,PRODUCE,1,325.106
3005310,8/18/17,33,AUTOMOTIVE,0,3
3005312,8/18/17,33,BEAUTY,0,1
3005313,8/18/17,33,BEVERAGES,18,431
3005315,8/18/17,33,BREAD/BAKERY,10,231
3005316,8/18/17,33,CELEBRATION,0,5
3005317,8/18/17,33,CLEANING,12,692
3005318,8/18/17,33,DAIRY,12,380
3005319,8/18/17,33,DELI,44,160
3005320,8/18/17,33,EGGS,1,194
3005321,8/18/17,33,FROZEN FOODS,0,39
3005322,8/18/17,33,GROCERY I,56,2189
3005324,8/18/17,33,HARDWARE,0,1
3005325,8/18/17,33,HOME AND KITCHEN I,1,25
3005326,8/18/17,33,HOME AND KITCHEN II,0,5
3005327,8/18/17,33,HOME APPLIANCES,0,1
3005328,8/18/17,33,HOME CARE,5,190
3005331,8/18/17,33,LINGERIE,0,18
3005332,8/18/17,33,LIQUOR WINE BEER,1,111
3005334,8/18/17,33,MEATS,0,291.105
3005335,8/18/17,33,PERSONAL CARE,9,256
3005337,8/18/17,33,PLAYERS AND ELECTRONICS,0,4
3005338,8/18/17,33,POULTRY,16,245.133
3005339,8/18/17,33,PREPARED FOODS,0,31
3005340,8/18/17,33,PRODUCE,2,2103.285
3005342,8/18/17,33,SEAFOOD,0,8
3005343,8/18/17,34,AUTOMOTIVE,0,5
3005346,8/18/17,34,BEVERAGES,27,1064
3005348,8/18/17,34,BREAD/BAKERY,10,470
3005349,8/18/17,34,CELEBRATION,0,28
3005350,8/18/17,34,CLEANING,24,844
3005351,8/18/17,34,DAIRY,12,526
3005352,8/18/17,34,DELI,56,185.98
3005353,8/18/17,34,EGGS,1,135
3005354,8/18/17,34,FROZEN FOODS,0,111.486
3005355,8/18/17,34,GROCERY I,63,2515.524
3005356,8/18/17,34,GROCERY II,0,5
3005358,8/18/17,34,HOME AND KITCHEN I,0,25
3005359,8/18/17,34,HOME AND KITCHEN II,1,44
3005360,8/18/17,34,HOME APPLIANCES,0,1
3005361,8/18/17,34,HOME CARE,8,343
3005364,8/18/17,34,LINGERIE,0,18
3005367,8/18/17,34,MEATS,0,198.817
3005368,8/18/17,34,PERSONAL CARE,12,304
3005371,8/18/17,34,POULTRY,12,157.826
3005372,8/18/17,34,PREPARED FOODS,1,27
3005373,8/18/17,34,PRODUCE,0,1492.19
3005375,8/18/17,34,SEAFOOD,0,9
3005376,8/18/17,35,AUTOMOTIVE,0,1
3005378,8/18/17,35,BEAUTY,0,1
3005379,8/18/17,35,BEVERAGES,21,374
3005381,8/18/17,35,BREAD/BAKERY,3,50
3005382,8/18/17,35,CELEBRATION,0,7
3005383,8/18/17,35,CLEANING,16,205
3005384,8/18/17,35,DAIRY,3,109
3005385,8/18/17,35,DELI,22,26
3005386,8/18/17,35,EGGS,1,108
3005387,8/18/17,35,FROZEN FOODS,0,11.877
3005388,8/18/17,35,GROCERY I,54,862
3005389,8/18/17,35,GROCERY II,0,3
3005390,8/18/17,35,HARDWARE,0,1
3005391,8/18/17,35,HOME AND KITCHEN I,0,11
3005392,8/18/17,35,HOME AND KITCHEN II,0,13
3005393,8/18/17,35,HOME APPLIANCES,0,1
3005394,8/18/17,35,HOME CARE,5,104
3005397,8/18/17,35,LINGERIE,0,7
3005400,8/18/17,35,MEATS,0,193.307
3005401,8/18/17,35,PERSONAL CARE,6,43
3005404,8/18/17,35,POULTRY,9,81.097
3005405,8/18/17,35,PREPARED FOODS,0,19
3005406,8/18/17,35,PRODUCE,1,627.733
3005408,8/18/17,35,SEAFOOD,0,1
3005409,8/18/17,36,AUTOMOTIVE,0,5
3005412,8/18/17,36,BEVERAGES,23,1025
3005414,8/18/17,36,BREAD/BAKERY,6,465
3005415,8/18/17,36,CELEBRATION,0,9
3005416,8/18/17,36,CLEANING,23,859
3005417,8/18/17,36,DAIRY,14,528
3005418,8/18/17,36,DELI,51,154.806
3005419,8/18/17,36,EGGS,1,115
3005420,8/18/17,36,FROZEN FOODS,0,78.06
3005421,8/18/17,36,GROCERY I,64,1881.333
3005424,8/18/17,36,HOME AND KITCHEN I,1,31
3005425,8/18/17,36,HOME AND KITCHEN II,2,5
3005427,8/18/17,36,HOME CARE,7,269
3005429,8/18/17,36,LAWN AND GARDEN,0,4
3005430,8/18/17,36,LINGERIE,0,14
3005433,8/18/17,36,MEATS,0,107.645
3005434,8/18/17,36,PERSONAL CARE,10,169
3005437,8/18/17,36,POULTRY,15,76.678
3005438,8/18/17,36,PREPARED FOODS,1,30.554
3005439,8/18/17,36,PRODUCE,2,2792.749
3005441,8/18/17,36,SEAFOOD,0,1
3005445,8/18/17,37,BEVERAGES,11,1064
3005447,8/18/17,37,BREAD/BAKERY,11,488.135
3005448,8/18/17,37,CELEBRATION,0,11
3005449,8/18/17,37,CLEANING,11,1074
3005450,8/18/17,37,DAIRY,19,938
3005451,8/18/17,37,DELI,48,116.798996
3005452,8/18/17,37,EGGS,23,181
3005453,8/18/17,37,FROZEN FOODS,0,191
3005454,8/18/17,37,GROCERY I,34,3404
3005460,8/18/17,37,HOME CARE,9,376
3005462,8/18/17,37,LAWN AND GARDEN,0,10
3005466,8/18/17,37,MEATS,33,543.763
3005467,8/18/17,37,PERSONAL CARE,10,212
3005469,8/18/17,37,PLAYERS AND ELECTRONICS,0,13
3005470,8/18/17,37,POULTRY,31,264.094
3005471,8/18/17,37,PREPARED FOODS,0,164.836
3005472,8/18/17,37,PRODUCE,5,7
3005474,8/18/17,37,SEAFOOD,5,17.774
3005478,8/18/17,38,BEVERAGES,21,611
3005480,8/18/17,38,BREAD/BAKERY,7,698.825
3005481,8/18/17,38,CELEBRATION,0,14
3005482,8/18/17,38,CLEANING,9,847
3005483,8/18/17,38,DAIRY,18,827
3005484,8/18/17,38,DELI,49,180.008
3005485,8/18/17,38,EGGS,24,98
3005486,8/18/17,38,FROZEN FOODS,0,160
3005487,8/18/17,38,GROCERY I,31,2870
3005493,8/18/17,38,HOME CARE,6,443
3005495,8/18/17,38,LAWN AND GARDEN,0,7
3005497,8/18/17,38,LIQUOR WINE BEER,7,32
3005499,8/18/17,38,MEATS,37,155.259
3005500,8/18/17,38,PERSONAL CARE,11,269
3005502,8/18/17,38,PLAYERS AND ELECTRONICS,0,11
3005503,8/18/17,38,POULTRY,28,172.089
3005504,8/18/17,38,PREPARED FOODS,0,165.418
3005505,8/18/17,38,PRODUCE,4,1
3005507,8/18/17,38,SEAFOOD,5,19.067001
3005508,8/18/17,39,AUTOMOTIVE,0,4
3005510,8/18/17,39,BEAUTY,0,3
3005511,8/18/17,39,BEVERAGES,29,658
3005513,8/18/17,39,BREAD/BAKERY,9,539
3005515,8/18/17,39,CLEANING,23,1056
3005516,8/18/17,39,DAIRY,22,535
3005517,8/18/17,39,DELI,53,134.31
3005518,8/18/17,39,EGGS,1,221
3005519,8/18/17,39,FROZEN FOODS,0,43
3005520,8/18/17,39,GROCERY I,62,3484.952
3005522,8/18/17,39,HARDWARE,0,1
3005524,8/18/17,39,HOME AND KITCHEN II,2,14
3005526,8/18/17,39,HOME CARE,10,292
3005527,8/18/17,39,LADIESWEAR,0,14
3005528,8/18/17,39,LAWN AND GARDEN,0,8
3005529,8/18/17,39,LINGERIE,3,8
3005532,8/18/17,39,MEATS,0,112.365
3005533,8/18/17,39,PERSONAL CARE,9,203
3005536,8/18/17,39,POULTRY,15,167.5024
3005537,8/18/17,39,PREPARED FOODS,2,84.007
3005538,8/18/17,39,PRODUCE,1,2463.323
3005540,8/18/17,39,SEAFOOD,0,11
3005544,8/18/17,4,BEVERAGES,11,1821
3005546,8/18/17,4,BREAD/BAKERY,12,267.395
3005547,8/18/17,4,CELEBRATION,0,5
3005548,8/18/17,4,CLEANING,7,542
3005549,8/18/17,4,DAIRY,20,558
3005550,8/18/17,4,DELI,55,178.768
3005551,8/18/17,4,EGGS,30,135
3005552,8/18/17,4,FROZEN FOODS,0,104.375
3005553,8/18/17,4,GROCERY I,35,2055
3005559,8/18/17,4,HOME CARE,6,364
3005561,8/18/17,4,LAWN AND GARDEN,0,10
3005565,8/18/17,4,MEATS,46,231.781
3005568,8/18/17,4,PLAYERS AND ELECTRONICS,0,8
3005569,8/18/17,4,POULTRY,41,530.02
3005570,8/18/17,4,PREPARED FOODS,0,88.19
3005571,8/18/17,4,PRODUCE,5,3832.635
3005573,8/18/17,4,SEAFOOD,4,41.473
3005574,8/18/17,40,AUTOMOTIVE,0,6
3005577,8/18/17,40,BEVERAGES,24,863
3005579,8/18/17,40,BREAD/BAKERY,9,292
3005580,8/18/17,40,CELEBRATION,0,21
3005581,8/18/17,40,CLEANING,17,807
3005582,8/18/17,40,DAIRY,12,555
3005583,8/18/17,40,DELI,54,216
3005584,8/18/17,40,EGGS,1,102
3005585,8/18/17,40,FROZEN FOODS,0,36.973
3005586,8/18/17,40,GROCERY I,63,3122
3005587,8/18/17,40,GROCERY II,0,12
3005589,8/18/17,40,HOME AND KITCHEN I,0,36
3005590,8/18/17,40,HOME AND KITCHEN II,2,9
3005591,8/18/17,40,HOME APPLIANCES,0,1
3005592,8/18/17,40,HOME CARE,10,210
3005595,8/18/17,40,LINGERIE,0,20
3005598,8/18/17,40,MEATS,0,120.335
3005599,8/18/17,40,PERSONAL CARE,11,144
3005602,8/18/17,40,POULTRY,14,145.491
3005603,8/18/17,40,PREPARED FOODS,0,43
3005604,8/18/17,40,PRODUCE,1,1946.614
3005606,8/18/17,40,SEAFOOD,0,5
3005610,8/18/17,41,BEVERAGES,16,618
3005612,8/18/17,41,BREAD/BAKERY,11,289.626
3005613,8/18/17,41,CELEBRATION,0,4
3005614,8/18/17,41,CLEANING,8,640
3005615,8/18/17,41,DAIRY,17,391
3005616,8/18/17,41,DELI,52,200.048
3005617,8/18/17,41,EGGS,21,94
3005618,8/18/17,41,FROZEN FOODS,0,118.998
3005619,8/18/17,41,GROCERY I,34,1913
3005625,8/18/17,41,HOME CARE,4,222
3005627,8/18/17,41,LAWN AND GARDEN,0,5
3005631,8/18/17,41,MEATS,40,103.837
3005632,8/18/17,41,PERSONAL CARE,12,389
3005633,8/18/17,41,PET SUPPLIES,0,6
3005635,8/18/17,41,POULTRY,26,145.053
3005636,8/18/17,41,PREPARED FOODS,0,46.353
3005637,8/18/17,41,PRODUCE,5,2
3005639,8/18/17,41,SEAFOOD,3,12
3005673,8/18/17,43,AUTOMOTIVE,0,4
3005676,8/18/17,43,BEVERAGES,24,1480
3005678,8/18/17,43,BREAD/BAKERY,9,164
3005680,8/18/17,43,CLEANING,22,611
3005681,8/18/17,43,DAIRY,12,300
3005682,8/18/17,43,DELI,64,127
3005683,8/18/17,43,EGGS,1,92
3005684,8/18/17,43,FROZEN FOODS,0,18.630001
3005685,8/18/17,43,GROCERY I,60,2158
3005689,8/18/17,43,HOME AND KITCHEN II,0,12
3005691,8/18/17,43,HOME CARE,10,228
3005697,8/18/17,43,MEATS,0,80.836
3005698,8/18/17,43,PERSONAL CARE,8,142
3005701,8/18/17,43,POULTRY,14,118.133995
3005702,8/18/17,43,PREPARED FOODS,2,84
3005703,8/18/17,43,PRODUCE,0,890.72
3005706,8/18/17,44,AUTOMOTIVE,0,34
3005709,8/18/17,44,BEVERAGES,19,8783
3005711,8/18/17,44,BREAD/BAKERY,12,1080.753
3005712,8/18/17,44,CELEBRATION,0,11
3005713,8/18/17,44,CLEANING,14,2404
3005714,8/18/17,44,DAIRY,22,2129
3005715,8/18/17,44,DELI,74,605.141
3005716,8/18/17,44,EGGS,32,745
3005717,8/18/17,44,FROZEN FOODS,0,525.873
3005718,8/18/17,44,GROCERY I,40,7764
3005719,8/18/17,44,GROCERY II,0,75
3005724,8/18/17,44,HOME CARE,8,615
3005730,8/18/17,44,MEATS,52,1504.193
3005731,8/18/17,44,PERSONAL CARE,13,416
3005733,8/18/17,44,PLAYERS AND ELECTRONICS,0,36
3005734,8/18/17,44,POULTRY,46,1565.993
3005735,8/18/17,44,PREPARED FOODS,0,613.183
3005736,8/18/17,44,PRODUCE,5,15184.537
3005738,8/18/17,44,SEAFOOD,7,145.82199
3005739,8/18/17,45,AUTOMOTIVE,0,14
3005742,8/18/17,45,BEVERAGES,18,3022
3005744,8/18/17,45,BREAD/BAKERY,12,861.942
3005745,8/18/17,45,CELEBRATION,0,26
3005746,8/18/17,45,CLEANING,13,1790
3005747,8/18/17,45,DAIRY,21,1741
3005748,8/18/17,45,DELI,72,592.109
3005749,8/18/17,45,EGGS,32,363
3005750,8/18/17,45,FROZEN FOODS,0,223.435
3005751,8/18/17,45,GROCERY I,41,6509
3005757,8/18/17,45,HOME CARE,9,789
3005763,8/18/17,45,MEATS,54,1599.408
3005764,8/18/17,45,PERSONAL CARE,12,409
3005766,8/18/17,45,PLAYERS AND ELECTRONICS,0,18
3005767,8/18/17,45,POULTRY,43,1571.412
3005768,8/18/17,45,PREPARED FOODS,0,276.04
3005769,8/18/17,45,PRODUCE,5,16
3005771,8/18/17,45,SEAFOOD,7,121.899
3005772,8/18/17,46,AUTOMOTIVE,0,17
3005775,8/18/17,46,BEVERAGES,15,4793
3005777,8/18/17,46,BREAD/BAKERY,13,748.534
3005778,8/18/17,46,CELEBRATION,0,17
3005779,8/18/17,46,CLEANING,12,1887
3005780,8/18/17,46,DAIRY,22,1540
3005781,8/18/17,46,DELI,78,851.216
3005782,8/18/17,46,EGGS,24,153
3005783,8/18/17,46,FROZEN FOODS,0,257.501
3005784,8/18/17,46,GROCERY I,39,6903
3005787,8/18/17,46,HOME AND KITCHEN I,1,43
3005790,8/18/17,46,HOME CARE,8,757
3005792,8/18/17,46,LAWN AND GARDEN,0,10
3005796,8/18/17,46,MEATS,51,1142.723
3005797,8/18/17,46,PERSONAL CARE,11,555
3005799,8/18/17,46,PLAYERS AND ELECTRONICS,2,38
3005800,8/18/17,46,POULTRY,38,1074.8201
3005801,8/18/17,46,PREPARED FOODS,0,170.36499
3005802,8/18/17,46,PRODUCE,5,2508.452
3005804,8/18/17,46,SEAFOOD,6,47.05
3005805,8/18/17,47,AUTOMOTIVE,0,33
3005808,8/18/17,47,BEVERAGES,19,3052
3005810,8/18/17,47,BREAD/BAKERY,12,1381.06
3005811,8/18/17,47,CELEBRATION,0,16
3005812,8/18/17,47,CLEANING,12,2076
3005813,8/18/17,47,DAIRY,22,2038
3005814,8/18/17,47,DELI,77,715.537
3005815,8/18/17,47,EGGS,32,345
3005816,8/18/17,47,FROZEN FOODS,0,260.854
3005817,8/18/17,47,GROCERY I,40,8134
3005823,8/18/17,47,HOME CARE,8,852
3005825,8/18/17,47,LAWN AND GARDEN,0,25
3005829,8/18/17,47,MEATS,49,1231.028
3005830,8/18/17,47,PERSONAL CARE,12,880
3005832,8/18/17,47,PLAYERS AND ELECTRONICS,0,10
3005833,8/18/17,47,POULTRY,45,1592.196
3005834,8/18/17,47,PREPARED FOODS,0,339.046
3005835,8/18/17,47,PRODUCE,5,8630.106
3005837,8/18/17,47,SEAFOOD,6,96.708
3005838,8/18/17,48,AUTOMOTIVE,0,11
3005841,8/18/17,48,BEVERAGES,11,1390
3005843,8/18/17,48,BREAD/BAKERY,12,437.845
3005844,8/18/17,48,CELEBRATION,0,25
3005845,8/18/17,48,CLEANING,13,1315
3005846,8/18/17,48,DAIRY,21,872
3005847,8/18/17,48,DELI,74,404.964
3005848,8/18/17,48,EGGS,28,62
3005849,8/18/17,48,FROZEN FOODS,0,119.081
3005850,8/18/17,48,GROCERY I,39,4600
3005852,8/18/17,48,HARDWARE,0,3
3005856,8/18/17,48,HOME CARE,7,822
3005862,8/18/17,48,MEATS,48,1003.731
3005863,8/18/17,48,PERSONAL CARE,14,500
3005865,8/18/17,48,PLAYERS AND ELECTRONICS,2,22
3005866,8/18/17,48,POULTRY,39,754.414
3005867,8/18/17,48,PREPARED FOODS,0,117.881
3005868,8/18/17,48,PRODUCE,4,2135.061
3005870,8/18/17,48,SEAFOOD,6,11.071
3005871,8/18/17,49,AUTOMOTIVE,0,12
3005874,8/18/17,49,BEVERAGES,20,6090
3005876,8/18/17,49,BREAD/BAKERY,11,716.128
3005878,8/18/17,49,CLEANING,10,1550
3005879,8/18/17,49,DAIRY,22,1716
3005880,8/18/17,49,DELI,73,313.102
3005881,8/18/17,49,EGGS,32,375
3005882,8/18/17,49,FROZEN FOODS,1,307.788
3005883,8/18/17,49,GROCERY I,41,5463
3005889,8/18/17,49,HOME CARE,9,358
3005891,8/18/17,49,LAWN AND GARDEN,0,15
3005895,8/18/17,49,MEATS,52,983.105
3005896,8/18/17,49,PERSONAL CARE,12,270
3005898,8/18/17,49,PLAYERS AND ELECTRONICS,0,30
3005899,8/18/17,49,POULTRY,47,1041.163
3005900,8/18/17,49,PREPARED FOODS,0,326.18
3005901,8/18/17,49,PRODUCE,5,8248.459
3005903,8/18/17,49,SEAFOOD,7,96.911
3005907,8/18/17,5,BEVERAGES,18,681
3005909,8/18/17,5,BREAD/BAKERY,9,275.637
3005910,8/18/17,5,CELEBRATION,0,27
3005911,8/18/17,5,CLEANING,11,838
3005912,8/18/17,5,DAIRY,18,510
3005913,8/18/17,5,DELI,64,305.384
3005914,8/18/17,5,EGGS,25,117
3005915,8/18/17,5,FROZEN FOODS,1,125.135
3005916,8/18/17,5,GROCERY I,33,2713
3005922,8/18/17,5,HOME CARE,8,337
3005924,8/18/17,5,LAWN AND GARDEN,0,1
3005928,8/18/17,5,MEATS,32,279.986
3005929,8/18/17,5,PERSONAL CARE,10,256
3005932,8/18/17,5,POULTRY,25,241.7
3005933,8/18/17,5,PREPARED FOODS,0,78.573
3005934,8/18/17,5,PRODUCE,3,4
3005936,8/18/17,5,SEAFOOD,5,30.582
3005937,8/18/17,50,AUTOMOTIVE,0,17
3005940,8/18/17,50,BEVERAGES,15,1463
3005942,8/18/17,50,BREAD/BAKERY,10,466.783
3005943,8/18/17,50,CELEBRATION,0,29
3005944,8/18/17,50,CLEANING,9,1421
3005945,8/18/17,50,DAIRY,17,1094
3005946,8/18/17,50,DELI,65,368.328
3005947,8/18/17,50,EGGS,26,103
3005948,8/18/17,50,FROZEN FOODS,0,123
3005949,8/18/17,50,GROCERY I,36,5329
3005953,8/18/17,50,HOME AND KITCHEN II,2,29
3005955,8/18/17,50,HOME CARE,5,505
3005961,8/18/17,50,MEATS,51,521.215
3005962,8/18/17,50,PERSONAL CARE,11,295
3005964,8/18/17,50,PLAYERS AND ELECTRONICS,0,21
3005965,8/18/17,50,POULTRY,44,531.095
3005966,8/18/17,50,PREPARED FOODS,0,116.573
3005967,8/18/17,50,PRODUCE,5,2931.032
3005969,8/18/17,50,SEAFOOD,4,29.085001
3005973,8/18/17,51,BEVERAGES,17,7311
3005975,8/18/17,51,BREAD/BAKERY,11,1148.096
3005976,8/18/17,51,CELEBRATION,0,8
3005977,8/18/17,51,CLEANING,10,2098
3005978,8/18/17,51,DAIRY,19,2104
3005979,8/18/17,51,DELI,59,328.069
3005980,8/18/17,51,EGGS,31,367
3005981,8/18/17,51,FROZEN FOODS,1,628.92
3005982,8/18/17,51,GROCERY I,35,6223
3005985,8/18/17,51,HOME AND KITCHEN I,0,5
3005988,8/18/17,51,HOME CARE,7,400
3005990,8/18/17,51,LAWN AND GARDEN,0,6
3005994,8/18/17,51,MEATS,49,509.478
3005995,8/18/17,51,PERSONAL CARE,11,544
3005997,8/18/17,51,PLAYERS AND ELECTRONICS,0,20
3005998,8/18/17,51,POULTRY,36,694.898
3005999,8/18/17,51,PREPARED FOODS,0,200
3006000,8/18/17,51,PRODUCE,5,9940.145
3006002,8/18/17,51,SEAFOOD,6,111.006
3006039,8/18/17,53,BEVERAGES,11,510
3006041,8/18/17,53,BREAD/BAKERY,9,335.096
3006042,8/18/17,53,CELEBRATION,0,6
3006043,8/18/17,53,CLEANING,10,489
3006044,8/18/17,53,DAIRY,18,335
3006045,8/18/17,53,DELI,57,110.476
3006046,8/18/17,53,EGGS,23,48
3006047,8/18/17,53,FROZEN FOODS,0,141
3006048,8/18/17,53,GROCERY I,28,1557
3006054,8/18/17,53,HOME CARE,6,204
3006060,8/18/17,53,MEATS,43,236.905
3006061,8/18/17,53,PERSONAL CARE,9,136
3006063,8/18/17,53,PLAYERS AND ELECTRONICS,0,12
3006064,8/18/17,53,POULTRY,28,164.829
3006065,8/18/17,53,PREPARED FOODS,0,56.444
3006066,8/18/17,53,PRODUCE,1,2711.263
3006068,8/18/17,53,SEAFOOD,1,5
3006069,8/18/17,54,AUTOMOTIVE,0,2
3006071,8/18/17,54,BEAUTY,0,1
3006072,8/18/17,54,BEVERAGES,22,872
3006074,8/18/17,54,BREAD/BAKERY,7,136
3006075,8/18/17,54,CELEBRATION,0,1
3006076,8/18/17,54,CLEANING,17,611
3006077,8/18/17,54,DAIRY,6,154
3006078,8/18/17,54,DELI,43,143
3006079,8/18/17,54,EGGS,1,30
3006080,8/18/17,54,FROZEN FOODS,0,10.166
3006081,8/18/17,54,GROCERY I,54,1519
3006082,8/18/17,54,GROCERY II,0,6
3006083,8/18/17,54,HARDWARE,0,2
3006084,8/18/17,54,HOME AND KITCHEN I,1,14
3006085,8/18/17,54,HOME AND KITCHEN II,0,11
3006087,8/18/17,54,HOME CARE,6,138
3006090,8/18/17,54,LINGERIE,0,9
3006093,8/18/17,54,MEATS,0,58.312
3006094,8/18/17,54,PERSONAL CARE,5,122
3006097,8/18/17,54,POULTRY,5,34.337
3006098,8/18/17,54,PREPARED FOODS,0,99
3006099,8/18/17,54,PRODUCE,2,653.491
3006101,8/18/17,54,SEAFOOD,0,3
3006104,8/18/17,6,BEAUTY,1,3
3006105,8/18/17,6,BEVERAGES,17,1050
3006107,8/18/17,6,BREAD/BAKERY,10,346.316
3006108,8/18/17,6,CELEBRATION,0,11
3006109,8/18/17,6,CLEANING,13,797
3006110,8/18/17,6,DAIRY,22,715
3006111,8/18/17,6,DELI,65,230.665
3006112,8/18/17,6,EGGS,30,144
3006113,8/18/17,6,FROZEN FOODS,0,135
3006114,8/18/17,6,GROCERY I,36,3073
3006120,8/18/17,6,HOME CARE,7,373
3006122,8/18/17,6,LAWN AND GARDEN,0,7
3006124,8/18/17,6,LIQUOR WINE BEER,6,59
3006126,8/18/17,6,MEATS,49,595.626
3006127,8/18/17,6,PERSONAL CARE,10,401
3006130,8/18/17,6,POULTRY,41,870.827
3006131,8/18/17,6,PREPARED FOODS,0,162.702
3006132,8/18/17,6,PRODUCE,3,29
3006134,8/18/17,6,SEAFOOD,7,40.726
3006138,8/18/17,7,BEVERAGES,17,2272
3006140,8/18/17,7,BREAD/BAKERY,10,518.276
3006141,8/18/17,7,CELEBRATION,0,17
3006142,8/18/17,7,CLEANING,9,1059
3006143,8/18/17,7,DAIRY,22,1025
3006144,8/18/17,7,DELI,58,163.209
3006145,8/18/17,7,EGGS,28,263
3006146,8/18/17,7,FROZEN FOODS,1,208
3006147,8/18/17,7,GROCERY I,32,3906
3006153,8/18/17,7,HOME CARE,8,308
3006155,8/18/17,7,LAWN AND GARDEN,0,24
3006159,8/18/17,7,MEATS,41,696.255
3006160,8/18/17,7,PERSONAL CARE,11,230
3006162,8/18/17,7,PLAYERS AND ELECTRONICS,1,14
3006163,8/18/17,7,POULTRY,43,887.265
3006164,8/18/17,7,PREPARED FOODS,0,212.95801
3006165,8/18/17,7,PRODUCE,2,2
3006167,8/18/17,7,SEAFOOD,5,72.985
3006171,8/18/17,8,BEVERAGES,19,1600
3006173,8/18/17,8,BREAD/BAKERY,12,509.29102
3006175,8/18/17,8,CLEANING,11,1200
3006176,8/18/17,8,DAIRY,22,1376
3006177,8/18/17,8,DELI,62,282.744
3006178,8/18/17,8,EGGS,29,358
3006179,8/18/17,8,FROZEN FOODS,0,170
3006180,8/18/17,8,GROCERY I,36,3998
3006186,8/18/17,8,HOME CARE,7,365
3006188,8/18/17,8,LAWN AND GARDEN,0,15
3006192,8/18/17,8,MEATS,51,1129.43
3006193,8/18/17,8,PERSONAL CARE,12,254
3006195,8/18/17,8,PLAYERS AND ELECTRONICS,0,12
3006196,8/18/17,8,POULTRY,44,588.473
3006197,8/18/17,8,PREPARED FOODS,0,226.95
3006198,8/18/17,8,PRODUCE,5,1
3006200,8/18/17,8,SEAFOOD,6,73.304
3006201,8/18/17,9,AUTOMOTIVE,0,21
3006204,8/18/17,9,BEVERAGES,25,2217
3006206,8/18/17,9,BREAD/BAKERY,11,521
3006208,8/18/17,9,CLEANING,22,1752
3006209,8/18/17,9,DAIRY,17,584
3006210,8/18/17,9,DELI,66,602.9347
3006211,8/18/17,9,EGGS,1,136
3006212,8/18/17,9,FROZEN FOODS,0,61.495
3006213,8/18/17,9,GROCERY I,62,7685
3006214,8/18/17,9,GROCERY II,0,18
3006216,8/18/17,9,HOME AND KITCHEN I,2,44
3006219,8/18/17,9,HOME CARE,11,696
3006220,8/18/17,9,LADIESWEAR,0,14
3006221,8/18/17,9,LAWN AND GARDEN,0,3
3006225,8/18/17,9,MEATS,1,404.3831
3006226,8/18/17,9,PERSONAL CARE,9,334
3006229,8/18/17,9,POULTRY,14,613.71704
3006230,8/18/17,9,PREPARED FOODS,2,56.86
3006231,8/18/17,9,PRODUCE,1,1906.603
3006233,8/18/17,9,SEAFOOD,0,22.9274
3006237,8/19/17,1,BEVERAGES,11,2803
3006239,8/19/17,1,BREAD/BAKERY,9,232.343
3006240,8/19/17,1,CELEBRATION,0,13
3006241,8/19/17,1,CLEANING,11,720
3006242,8/19/17,1,DAIRY,20,710
3006243,8/19/17,1,DELI,6,144.572
3006244,8/19/17,1,EGGS,0,163
3006245,8/19/17,1,FROZEN FOODS,0,97
3006246,8/19/17,1,GROCERY I,32,2327
3006252,8/19/17,1,HOME CARE,7,211
3006254,8/19/17,1,LAWN AND GARDEN,0,20
3006258,8/19/17,1,MEATS,0,712.06
3006259,8/19/17,1,PERSONAL CARE,9,145
3006261,8/19/17,1,PLAYERS AND ELECTRONICS,1,7
3006262,8/19/17,1,POULTRY,0,709.636
3006263,8/19/17,1,PREPARED FOODS,0,127.85
3006264,8/19/17,1,PRODUCE,6,3951.501
3006266,8/19/17,1,SEAFOOD,0,30.559
3006267,8/19/17,10,AUTOMOTIVE,0,5
3006269,8/19/17,10,BEAUTY,0,1
3006270,8/19/17,10,BEVERAGES,21,370
3006272,8/19/17,10,BREAD/BAKERY,4,112
3006274,8/19/17,10,CLEANING,18,776
3006275,8/19/17,10,DAIRY,7,336
3006276,8/19/17,10,DELI,3,205
3006277,8/19/17,10,EGGS,1,11
3006278,8/19/17,10,FROZEN FOODS,10,50.571
3006279,8/19/17,10,GROCERY I,51,2463
3006281,8/19/17,10,HARDWARE,0,2
3006282,8/19/17,10,HOME AND KITCHEN I,1,24
3006285,8/19/17,10,HOME CARE,9,310
3006288,8/19/17,10,LINGERIE,0,6
3006291,8/19/17,10,MEATS,0,205.056
3006292,8/19/17,10,PERSONAL CARE,10,131
3006295,8/19/17,10,POULTRY,0,216.878
3006296,8/19/17,10,PREPARED FOODS,0,19
3006297,8/19/17,10,PRODUCE,1,351.215
3006299,8/19/17,10,SEAFOOD,0,5
3006300,8/19/17,11,AUTOMOTIVE,0,6
3006303,8/19/17,11,BEVERAGES,29,1836
3006305,8/19/17,11,BREAD/BAKERY,7,576
3006306,8/19/17,11,CELEBRATION,0,31
3006307,8/19/17,11,CLEANING,25,1189
3006308,8/19/17,11,DAIRY,19,320
3006309,8/19/17,11,DELI,10,244.813
3006310,8/19/17,11,EGGS,1,88
3006311,8/19/17,11,FROZEN FOODS,16,52
3006312,8/19/17,11,GROCERY I,64,6304.683
3006313,8/19/17,11,GROCERY II,0,21
3006315,8/19/17,11,HOME AND KITCHEN I,1,13
3006316,8/19/17,11,HOME AND KITCHEN II,1,13
3006318,8/19/17,11,HOME CARE,9,933
3006319,8/19/17,11,LADIESWEAR,0,16
3006321,8/19/17,11,LINGERIE,0,14
3006322,8/19/17,11,LIQUOR WINE BEER,3,81
3006324,8/19/17,11,MEATS,0,694.64
3006325,8/19/17,11,PERSONAL CARE,12,234
3006327,8/19/17,11,PLAYERS AND ELECTRONICS,0,10
3006328,8/19/17,11,POULTRY,0,776.195
3006329,8/19/17,11,PREPARED FOODS,0,41
3006330,8/19/17,11,PRODUCE,1,1988.468
3006332,8/19/17,11,SEAFOOD,3,14
3006333,8/19/17,12,AUTOMOTIVE,0,9
3006336,8/19/17,12,BEVERAGES,16,517
3006338,8/19/17,12,BREAD/BAKERY,8,152
3006340,8/19/17,12,CLEANING,15,695
3006341,8/19/17,12,DAIRY,12,272
3006342,8/19/17,12,DELI,7,120
3006343,8/19/17,12,EGGS,1,70
3006344,8/19/17,12,FROZEN FOODS,15,52
3006345,8/19/17,12,GROCERY I,55,2088
3006357,8/19/17,12,MEATS,0,159.299
3006358,8/19/17,12,PERSONAL CARE,8,213
3006360,8/19/17,12,PLAYERS AND ELECTRONICS,0,6
3006361,8/19/17,12,POULTRY,0,305.056
3006363,8/19/17,12,PRODUCE,1,341.653
3006369,8/19/17,13,BEVERAGES,16,453
3006371,8/19/17,13,BREAD/BAKERY,7,103
3006373,8/19/17,13,CLEANING,18,594
3006374,8/19/17,13,DAIRY,9,238
3006375,8/19/17,13,DELI,3,85
3006376,8/19/17,13,EGGS,1,54
3006377,8/19/17,13,FROZEN FOODS,9,15
3006378,8/19/17,13,GROCERY I,53,1654
3006385,8/19/17,13,LADIESWEAR,0,5
3006390,8/19/17,13,MEATS,0,131.586
3006391,8/19/17,13,PERSONAL CARE,8,143
3006394,8/19/17,13,POULTRY,0,135.026
3006395,8/19/17,13,PREPARED FOODS,0,14
3006396,8/19/17,13,PRODUCE,1,299.712
3006399,8/19/17,14,AUTOMOTIVE,0,4
3006402,8/19/17,14,BEVERAGES,24,441
3006404,8/19/17,14,BREAD/BAKERY,6,174
3006405,8/19/17,14,CELEBRATION,0,4
3006406,8/19/17,14,CLEANING,21,816
3006407,8/19/17,14,DAIRY,9,483
3006408,8/19/17,14,DELI,4,131
3006409,8/19/17,14,EGGS,1,41
3006410,8/19/17,14,FROZEN FOODS,13,13
3006411,8/19/17,14,GROCERY I,51,1907
3006414,8/19/17,14,HOME AND KITCHEN I,0,8
3006420,8/19/17,14,LINGERIE,0,5
3006421,8/19/17,14,LIQUOR WINE BEER,0,7
3006423,8/19/17,14,MEATS,0,381.589
3006424,8/19/17,14,PERSONAL CARE,11,194
3006427,8/19/17,14,POULTRY,0,86.333
3006428,8/19/17,14,PREPARED FOODS,0,38
3006429,8/19/17,14,PRODUCE,1,479.677
3006432,8/19/17,15,AUTOMOTIVE,0,8
3006434,8/19/17,15,BEAUTY,0,1
3006435,8/19/17,15,BEVERAGES,17,612
3006437,8/19/17,15,BREAD/BAKERY,5,199
3006438,8/19/17,15,CELEBRATION,0,4
3006439,8/19/17,15,CLEANING,21,620
3006440,8/19/17,15,DAIRY,10,329
3006441,8/19/17,15,DELI,5,262
3006442,8/19/17,15,EGGS,1,55
3006443,8/19/17,15,FROZEN FOODS,13,23
3006444,8/19/17,15,GROCERY I,61,3720
3006450,8/19/17,15,HOME CARE,9,233
3006451,8/19/17,15,LADIESWEAR,0,12
3006453,8/19/17,15,LINGERIE,1,1
3006454,8/19/17,15,LIQUOR WINE BEER,2,35
3006456,8/19/17,15,MEATS,0,149.201
3006457,8/19/17,15,PERSONAL CARE,10,180
3006460,8/19/17,15,POULTRY,0,97.654
3006461,8/19/17,15,PREPARED FOODS,0,20
3006462,8/19/17,15,PRODUCE,2,903.658
3006464,8/19/17,15,SEAFOOD,1,3
3006465,8/19/17,16,AUTOMOTIVE,0,5
3006468,8/19/17,16,BEVERAGES,22,401
3006470,8/19/17,16,BREAD/BAKERY,7,181
3006472,8/19/17,16,CLEANING,22,838
3006473,8/19/17,16,DAIRY,7,508
3006474,8/19/17,16,DELI,5,221
3006475,8/19/17,16,EGGS,1,258
3006476,8/19/17,16,FROZEN FOODS,9,12
3006477,8/19/17,16,GROCERY I,49,2578
3006481,8/19/17,16,HOME AND KITCHEN II,0,9
3006489,8/19/17,16,MEATS,0,68.885
3006490,8/19/17,16,PERSONAL CARE,6,164
3006493,8/19/17,16,POULTRY,0,76.512
3006494,8/19/17,16,PREPARED FOODS,0,62
3006495,8/19/17,16,PRODUCE,0,1062.49
3006497,8/19/17,16,SEAFOOD,0,5
3006498,8/19/17,17,AUTOMOTIVE,0,5
3006501,8/19/17,17,BEVERAGES,16,1173
3006503,8/19/17,17,BREAD/BAKERY,9,204
3006505,8/19/17,17,CLEANING,16,772
3006506,8/19/17,17,DAIRY,18,404
3006507,8/19/17,17,DELI,8,232
3006508,8/19/17,17,EGGS,1,72
3006509,8/19/17,17,FROZEN FOODS,22,29
3006510,8/19/17,17,GROCERY I,55,2576
3006513,8/19/17,17,HOME AND KITCHEN I,1,19
3006516,8/19/17,17,HOME CARE,9,267
3006522,8/19/17,17,MEATS,0,220.509
3006523,8/19/17,17,PERSONAL CARE,11,130
3006526,8/19/17,17,POULTRY,1,348.53
3006527,8/19/17,17,PREPARED FOODS,0,59
3006528,8/19/17,17,PRODUCE,0,1054.232
3006530,8/19/17,17,SEAFOOD,1,20
3006531,8/19/17,18,AUTOMOTIVE,0,2
3006534,8/19/17,18,BEVERAGES,28,952
3006536,8/19/17,18,BREAD/BAKERY,10,656
3006538,8/19/17,18,CLEANING,23,602
3006539,8/19/17,18,DAIRY,21,444
3006540,8/19/17,18,DELI,9,154.771
3006541,8/19/17,18,EGGS,1,112
3006542,8/19/17,18,FROZEN FOODS,19,28
3006543,8/19/17,18,GROCERY I,61,1607.357
3006549,8/19/17,18,HOME CARE,12,204
3006555,8/19/17,18,MEATS,0,162.8255
3006556,8/19/17,18,PERSONAL CARE,12,118
3006559,8/19/17,18,POULTRY,1,165.4432
3006560,8/19/17,18,PREPARED FOODS,0,45
3006561,8/19/17,18,PRODUCE,1,2035.715
3006563,8/19/17,18,SEAFOOD,4,7.6296
3006567,8/19/17,19,BEVERAGES,22,1060
3006569,8/19/17,19,BREAD/BAKERY,7,222
3006571,8/19/17,19,CLEANING,19,1342
3006572,8/19/17,19,DAIRY,11,444
3006573,8/19/17,19,DELI,7,146
3006574,8/19/17,19,EGGS,1,243
3006575,8/19/17,19,FROZEN FOODS,13,31
3006576,8/19/17,19,GROCERY I,62,1987
3006582,8/19/17,19,HOME CARE,5,258
3006588,8/19/17,19,MEATS,0,140.98401
3006589,8/19/17,19,PERSONAL CARE,12,175
3006590,8/19/17,19,PET SUPPLIES,0,1
3006592,8/19/17,19,POULTRY,0,96.194
3006593,8/19/17,19,PREPARED FOODS,0,26
3006594,8/19/17,19,PRODUCE,1,424.717
3006600,8/19/17,2,BEVERAGES,14,1044
3006602,8/19/17,2,BREAD/BAKERY,11,338.022
3006603,8/19/17,2,CELEBRATION,0,10
3006604,8/19/17,2,CLEANING,10,838
3006605,8/19/17,2,DAIRY,19,827
3006606,8/19/17,2,DELI,7,232.299
3006607,8/19/17,2,EGGS,0,187
3006608,8/19/17,2,FROZEN FOODS,0,117
3006609,8/19/17,2,GROCERY I,39,3052
3006615,8/19/17,2,HOME CARE,7,294
3006617,8/19/17,2,LAWN AND GARDEN,0,9
3006620,8/19/17,2,MAGAZINES,0,3
3006621,8/19/17,2,MEATS,0,388.863
3006622,8/19/17,2,PERSONAL CARE,13,242
3006624,8/19/17,2,PLAYERS AND ELECTRONICS,0,8
3006625,8/19/17,2,POULTRY,0,713.881
3006626,8/19/17,2,PREPARED FOODS,0,122.783005
3006627,8/19/17,2,PRODUCE,6,37
3006629,8/19/17,2,SEAFOOD,0,33.77
3006732,8/19/17,23,BEVERAGES,11,397
3006734,8/19/17,23,BREAD/BAKERY,6,226.65
3006736,8/19/17,23,CLEANING,7,589
3006737,8/19/17,23,DAIRY,14,494
3006738,8/19/17,23,DELI,6,102.628
3006739,8/19/17,23,EGGS,0,45
3006740,8/19/17,23,FROZEN FOODS,0,81
3006741,8/19/17,23,GROCERY I,32,1557
3006747,8/19/17,23,HOME CARE,6,178
3006753,8/19/17,23,MEATS,0,555.362
3006754,8/19/17,23,PERSONAL CARE,10,218
3006756,8/19/17,23,PLAYERS AND ELECTRONICS,0,8
3006757,8/19/17,23,POULTRY,0,460.176
3006758,8/19/17,23,PREPARED FOODS,0,53.551
3006759,8/19/17,23,PRODUCE,5,3
3006761,8/19/17,23,SEAFOOD,0,21.391
3006765,8/19/17,24,BEVERAGES,19,2678
3006767,8/19/17,24,BREAD/BAKERY,12,720.787
3006769,8/19/17,24,CLEANING,10,858
3006770,8/19/17,24,DAIRY,20,905
3006771,8/19/17,24,DELI,10,193.168
3006772,8/19/17,24,EGGS,0,181
3006773,8/19/17,24,FROZEN FOODS,0,171.753
3006774,8/19/17,24,GROCERY I,31,2829
3006780,8/19/17,24,HOME CARE,6,294
3006782,8/19/17,24,LAWN AND GARDEN,0,8
3006786,8/19/17,24,MEATS,0,415.47
3006787,8/19/17,24,PERSONAL CARE,9,271
3006790,8/19/17,24,POULTRY,0,541.872
3006791,8/19/17,24,PREPARED FOODS,0,101.526
3006792,8/19/17,24,PRODUCE,5,6300.022
3006794,8/19/17,24,SEAFOOD,0,54.814
3006798,8/19/17,25,BEVERAGES,14,659
3006800,8/19/17,25,BREAD/BAKERY,9,289.614
3006801,8/19/17,25,CELEBRATION,0,9
3006802,8/19/17,25,CLEANING,8,392
3006803,8/19/17,25,DAIRY,20,388
3006804,8/19/17,25,DELI,7,132.409
3006805,8/19/17,25,EGGS,0,130
3006806,8/19/17,25,FROZEN FOODS,0,61
3006807,8/19/17,25,GROCERY I,25,945
3006813,8/19/17,25,HOME CARE,4,82
3006815,8/19/17,25,LAWN AND GARDEN,0,4
3006819,8/19/17,25,MEATS,0,284.116
3006820,8/19/17,25,PERSONAL CARE,10,84
3006823,8/19/17,25,POULTRY,0,244.18
3006824,8/19/17,25,PREPARED FOODS,0,70.653
3006825,8/19/17,25,PRODUCE,2,1920.234
3006827,8/19/17,25,SEAFOOD,0,5
3006831,8/19/17,26,BEVERAGES,14,307
3006833,8/19/17,26,BREAD/BAKERY,12,221
3006834,8/19/17,26,CELEBRATION,0,10
3006835,8/19/17,26,CLEANING,8,361
3006836,8/19/17,26,DAIRY,10,177
3006837,8/19/17,26,DELI,3,110.341
3006838,8/19/17,26,EGGS,0,37
3006839,8/19/17,26,FROZEN FOODS,0,25
3006840,8/19/17,26,GROCERY I,28,1101
3006846,8/19/17,26,HOME CARE,4,154
3006852,8/19/17,26,MEATS,0,328.973
3006853,8/19/17,26,PERSONAL CARE,8,108
3006855,8/19/17,26,PLAYERS AND ELECTRONICS,2,6
3006856,8/19/17,26,POULTRY,0,90.538
3006857,8/19/17,26,PREPARED FOODS,0,5
3006858,8/19/17,26,PRODUCE,3,623.403
3006860,8/19/17,26,SEAFOOD,0,3.53
3006864,8/19/17,27,BEVERAGES,19,2801
3006866,8/19/17,27,BREAD/BAKERY,12,402.836
3006867,8/19/17,27,CELEBRATION,0,18
3006868,8/19/17,27,CLEANING,11,444
3006869,8/19/17,27,DAIRY,20,507
3006870,8/19/17,27,DELI,9,192.817
3006871,8/19/17,27,EGGS,0,127
3006872,8/19/17,27,FROZEN FOODS,0,87
3006873,8/19/17,27,GROCERY I,31,2053
3006879,8/19/17,27,HOME CARE,9,213
3006881,8/19/17,27,LAWN AND GARDEN,0,7
3006885,8/19/17,27,MEATS,0,180.439
3006886,8/19/17,27,PERSONAL CARE,12,134
3006888,8/19/17,27,PLAYERS AND ELECTRONICS,1,3
3006889,8/19/17,27,POULTRY,0,278.428
3006890,8/19/17,27,PREPARED FOODS,0,89.805
3006891,8/19/17,27,PRODUCE,3,5
3006893,8/19/17,27,SEAFOOD,0,26.337
3006894,8/19/17,28,AUTOMOTIVE,0,15
3006897,8/19/17,28,BEVERAGES,29,938
3006899,8/19/17,28,BREAD/BAKERY,12,379
3006901,8/19/17,28,CLEANING,25,742
3006902,8/19/17,28,DAIRY,22,593
3006903,8/19/17,28,DELI,9,207.552
3006904,8/19/17,28,EGGS,1,576
3006905,8/19/17,28,FROZEN FOODS,15,25
3006906,8/19/17,28,GROCERY I,64,3055.992
3006907,8/19/17,28,GROCERY II,0,4
3006909,8/19/17,28,HOME AND KITCHEN I,0,27
3006911,8/19/17,28,HOME APPLIANCES,0,1
3006912,8/19/17,28,HOME CARE,9,247
3006915,8/19/17,28,LINGERIE,0,22
3006916,8/19/17,28,LIQUOR WINE BEER,7,226
3006918,8/19/17,28,MEATS,0,93.684
3006919,8/19/17,28,PERSONAL CARE,9,212
3006920,8/19/17,28,PET SUPPLIES,0,4
3006922,8/19/17,28,POULTRY,0,171.098
3006923,8/19/17,28,PREPARED FOODS,0,38.507
3006924,8/19/17,28,PRODUCE,1,2646.4429
3006926,8/19/17,28,SEAFOOD,3,3
3006963,8/19/17,3,BEVERAGES,16,3384
3006965,8/19/17,3,BREAD/BAKERY,12,877.256
3006966,8/19/17,3,CELEBRATION,0,16
3006967,8/19/17,3,CLEANING,12,1950
3006968,8/19/17,3,DAIRY,22,1697
3006969,8/19/17,3,DELI,10,328.706
3006970,8/19/17,3,EGGS,0,502
3006971,8/19/17,3,FROZEN FOODS,0,286.856
3006972,8/19/17,3,GROCERY I,36,6162
3006978,8/19/17,3,HOME CARE,8,560
3006980,8/19/17,3,LAWN AND GARDEN,0,22
3006984,8/19/17,3,MEATS,0,1135.474
3006985,8/19/17,3,PERSONAL CARE,13,323
3006987,8/19/17,3,PLAYERS AND ELECTRONICS,0,21
3006988,8/19/17,3,POULTRY,0,1613.129
3006989,8/19/17,3,PREPARED FOODS,0,487.036
3006990,8/19/17,3,PRODUCE,4,5
3006992,8/19/17,3,SEAFOOD,0,122.735
3006996,8/19/17,30,BEVERAGES,23,516
3006998,8/19/17,30,BREAD/BAKERY,9,115
3007000,8/19/17,30,CLEANING,17,337
3007001,8/19/17,30,DAIRY,11,207
3007002,8/19/17,30,DELI,3,92
3007003,8/19/17,30,EGGS,1,154
3007004,8/19/17,30,FROZEN FOODS,8,28
3007005,8/19/17,30,GROCERY I,47,1120
3007017,8/19/17,30,MEATS,0,83.821
3007018,8/19/17,30,PERSONAL CARE,8,84
3007021,8/19/17,30,POULTRY,0,123.522995
3007023,8/19/17,30,PRODUCE,0,823.68
3007026,8/19/17,31,AUTOMOTIVE,0,12
3007029,8/19/17,31,BEVERAGES,33,791
3007031,8/19/17,31,BREAD/BAKERY,8,288
3007032,8/19/17,31,CELEBRATION,0,6
3007033,8/19/17,31,CLEANING,24,754
3007034,8/19/17,31,DAIRY,19,877
3007035,8/19/17,31,DELI,9,199.965
3007036,8/19/17,31,EGGS,1,185
3007037,8/19/17,31,FROZEN FOODS,12,47.727
3007038,8/19/17,31,GROCERY I,66,2346.024
3007039,8/19/17,31,GROCERY II,0,7
3007041,8/19/17,31,HOME AND KITCHEN I,1,18
3007042,8/19/17,31,HOME AND KITCHEN II,1,8
3007044,8/19/17,31,HOME CARE,9,304
3007050,8/19/17,31,MEATS,0,399.5386
3007051,8/19/17,31,PERSONAL CARE,12,278
3007054,8/19/17,31,POULTRY,0,146.829
3007055,8/19/17,31,PREPARED FOODS,0,49
3007056,8/19/17,31,PRODUCE,1,2304.033
3007058,8/19/17,31,SEAFOOD,2,1
3007062,8/19/17,32,BEVERAGES,21,208
3007064,8/19/17,32,BREAD/BAKERY,4,101
3007066,8/19/17,32,CLEANING,13,231
3007067,8/19/17,32,DAIRY,5,84
3007068,8/19/17,32,DELI,0,80
3007069,8/19/17,32,EGGS,1,93
3007070,8/19/17,32,FROZEN FOODS,7,5
3007071,8/19/17,32,GROCERY I,56,807
3007074,8/19/17,32,HOME AND KITCHEN I,0,17
3007077,8/19/17,32,HOME CARE,4,81
3007080,8/19/17,32,LINGERIE,0,1
3007083,8/19/17,32,MEATS,0,60.69
3007084,8/19/17,32,PERSONAL CARE,7,64
3007087,8/19/17,32,POULTRY,0,82.32
3007089,8/19/17,32,PRODUCE,1,325.106
3007092,8/19/17,33,AUTOMOTIVE,0,3
3007094,8/19/17,33,BEAUTY,0,1
3007095,8/19/17,33,BEVERAGES,22,431
3007097,8/19/17,33,BREAD/BAKERY,7,231
3007098,8/19/17,33,CELEBRATION,0,5
3007099,8/19/17,33,CLEANING,18,692
3007100,8/19/17,33,DAIRY,14,380
3007101,8/19/17,33,DELI,8,160
3007102,8/19/17,33,EGGS,1,194
3007103,8/19/17,33,FROZEN FOODS,11,39
3007104,8/19/17,33,GROCERY I,56,2189
3007106,8/19/17,33,HARDWARE,0,1
3007107,8/19/17,33,HOME AND KITCHEN I,0,25
3007108,8/19/17,33,HOME AND KITCHEN II,1,5
3007109,8/19/17,33,HOME APPLIANCES,0,1
3007110,8/19/17,33,HOME CARE,8,190
3007113,8/19/17,33,LINGERIE,0,18
3007114,8/19/17,33,LIQUOR WINE BEER,1,111
3007116,8/19/17,33,MEATS,0,291.105
3007117,8/19/17,33,PERSONAL CARE,8,256
3007119,8/19/17,33,PLAYERS AND ELECTRONICS,0,4
3007120,8/19/17,33,POULTRY,0,245.133
3007121,8/19/17,33,PREPARED FOODS,0,31
3007122,8/19/17,33,PRODUCE,1,2103.285
3007124,8/19/17,33,SEAFOOD,1,8
3007125,8/19/17,34,AUTOMOTIVE,0,5
3007128,8/19/17,34,BEVERAGES,28,1064
3007130,8/19/17,34,BREAD/BAKERY,11,470
3007131,8/19/17,34,CELEBRATION,0,28
3007132,8/19/17,34,CLEANING,26,844
3007133,8/19/17,34,DAIRY,14,526
3007134,8/19/17,34,DELI,5,185.98
3007135,8/19/17,34,EGGS,1,135
3007136,8/19/17,34,FROZEN FOODS,11,111.486
3007137,8/19/17,34,GROCERY I,56,2515.524
3007138,8/19/17,34,GROCERY II,0,5
3007140,8/19/17,34,HOME AND KITCHEN I,1,25
3007141,8/19/17,34,HOME AND KITCHEN II,1,44
3007142,8/19/17,34,HOME APPLIANCES,0,1
3007143,8/19/17,34,HOME CARE,9,343
3007146,8/19/17,34,LINGERIE,0,18
3007149,8/19/17,34,MEATS,0,198.817
3007150,8/19/17,34,PERSONAL CARE,10,304
3007153,8/19/17,34,POULTRY,0,157.826
3007154,8/19/17,34,PREPARED FOODS,0,27
3007155,8/19/17,34,PRODUCE,0,1492.19
3007157,8/19/17,34,SEAFOOD,2,9
3007158,8/19/17,35,AUTOMOTIVE,0,1
3007160,8/19/17,35,BEAUTY,0,1
3007161,8/19/17,35,BEVERAGES,27,374
3007163,8/19/17,35,BREAD/BAKERY,5,50
3007164,8/19/17,35,CELEBRATION,0,7
3007165,8/19/17,35,CLEANING,21,205
3007166,8/19/17,35,DAIRY,6,109
3007167,8/19/17,35,DELI,3,26
3007168,8/19/17,35,EGGS,1,108
3007169,8/19/17,35,FROZEN FOODS,9,11.877
3007170,8/19/17,35,GROCERY I,47,862
3007171,8/19/17,35,GROCERY II,0,3
3007172,8/19/17,35,HARDWARE,0,1
3007173,8/19/17,35,HOME AND KITCHEN I,0,11
3007174,8/19/17,35,HOME AND KITCHEN II,0,13
3007175,8/19/17,35,HOME APPLIANCES,0,1
3007176,8/19/17,35,HOME CARE,7,104
3007179,8/19/17,35,LINGERIE,0,7
3007182,8/19/17,35,MEATS,0,193.307
3007183,8/19/17,35,PERSONAL CARE,9,43
3007186,8/19/17,35,POULTRY,0,81.097
3007187,8/19/17,35,PREPARED FOODS,0,19
3007188,8/19/17,35,PRODUCE,0,627.733
3007190,8/19/17,35,SEAFOOD,1,1
3007191,8/19/17,36,AUTOMOTIVE,0,5
3007194,8/19/17,36,BEVERAGES,28,1025
3007196,8/19/17,36,BREAD/BAKERY,12,465
3007197,8/19/17,36,CELEBRATION,0,9
3007198,8/19/17,36,CLEANING,25,859
3007199,8/19/17,36,DAIRY,17,528
3007200,8/19/17,36,DELI,7,154.806
3007201,8/19/17,36,EGGS,1,115
3007202,8/19/17,36,FROZEN FOODS,20,78.06
3007203,8/19/17,36,GROCERY I,64,1881.333
3007206,8/19/17,36,HOME AND KITCHEN I,1,31
3007207,8/19/17,36,HOME AND KITCHEN II,1,5
3007209,8/19/17,36,HOME CARE,7,269
3007211,8/19/17,36,LAWN AND GARDEN,0,4
3007212,8/19/17,36,LINGERIE,0,14
3007215,8/19/17,36,MEATS,0,107.645
3007216,8/19/17,36,PERSONAL CARE,12,169
3007219,8/19/17,36,POULTRY,0,76.678
3007220,8/19/17,36,PREPARED FOODS,0,30.554
3007221,8/19/17,36,PRODUCE,2,2792.749
3007223,8/19/17,36,SEAFOOD,0,1
3007227,8/19/17,37,BEVERAGES,13,1064
3007229,8/19/17,37,BREAD/BAKERY,11,488.135
3007230,8/19/17,37,CELEBRATION,1,11
3007231,8/19/17,37,CLEANING,12,1074
3007232,8/19/17,37,DAIRY,16,938
3007233,8/19/17,37,DELI,9,116.798996
3007234,8/19/17,37,EGGS,0,181
3007235,8/19/17,37,FROZEN FOODS,0,191
3007236,8/19/17,37,GROCERY I,37,3404
3007242,8/19/17,37,HOME CARE,9,376
3007244,8/19/17,37,LAWN AND GARDEN,0,10
3007248,8/19/17,37,MEATS,0,543.763
3007249,8/19/17,37,PERSONAL CARE,12,212
3007251,8/19/17,37,PLAYERS AND ELECTRONICS,0,13
3007252,8/19/17,37,POULTRY,0,264.094
3007253,8/19/17,37,PREPARED FOODS,0,164.836
3007254,8/19/17,37,PRODUCE,6,7
3007256,8/19/17,37,SEAFOOD,0,17.774
3007260,8/19/17,38,BEVERAGES,18,611
3007262,8/19/17,38,BREAD/BAKERY,10,698.825
3007263,8/19/17,38,CELEBRATION,0,14
3007264,8/19/17,38,CLEANING,12,847
3007265,8/19/17,38,DAIRY,17,827
3007266,8/19/17,38,DELI,9,180.008
3007267,8/19/17,38,EGGS,0,98
3007268,8/19/17,38,FROZEN FOODS,0,160
3007269,8/19/17,38,GROCERY I,35,2870
3007275,8/19/17,38,HOME CARE,8,443
3007277,8/19/17,38,LAWN AND GARDEN,0,7
3007279,8/19/17,38,LIQUOR WINE BEER,6,32
3007281,8/19/17,38,MEATS,0,155.259
3007282,8/19/17,38,PERSONAL CARE,13,269
3007284,8/19/17,38,PLAYERS AND ELECTRONICS,0,11
3007285,8/19/17,38,POULTRY,0,172.089
3007286,8/19/17,38,PREPARED FOODS,0,165.418
3007287,8/19/17,38,PRODUCE,5,1
3007289,8/19/17,38,SEAFOOD,0,19.067001
3007290,8/19/17,39,AUTOMOTIVE,0,4
3007292,8/19/17,39,BEAUTY,1,3
3007293,8/19/17,39,BEVERAGES,30,658
3007295,8/19/17,39,BREAD/BAKERY,7,539
3007297,8/19/17,39,CLEANING,26,1056
3007298,8/19/17,39,DAIRY,23,535
3007299,8/19/17,39,DELI,9,134.31
3007300,8/19/17,39,EGGS,1,221
3007301,8/19/17,39,FROZEN FOODS,18,43
3007302,8/19/17,39,GROCERY I,58,3484.952
3007304,8/19/17,39,HARDWARE,0,1
3007306,8/19/17,39,HOME AND KITCHEN II,1,14
3007308,8/19/17,39,HOME CARE,10,292
3007309,8/19/17,39,LADIESWEAR,0,14
3007310,8/19/17,39,LAWN AND GARDEN,0,8
3007311,8/19/17,39,LINGERIE,4,8
3007314,8/19/17,39,MEATS,0,112.365
3007315,8/19/17,39,PERSONAL CARE,9,203
3007318,8/19/17,39,POULTRY,0,167.5024
3007319,8/19/17,39,PREPARED FOODS,0,84.007
3007320,8/19/17,39,PRODUCE,1,2463.323
3007322,8/19/17,39,SEAFOOD,3,11
3007326,8/19/17,4,BEVERAGES,14,1821
3007328,8/19/17,4,BREAD/BAKERY,7,267.395
3007329,8/19/17,4,CELEBRATION,0,5
3007330,8/19/17,4,CLEANING,12,542
3007331,8/19/17,4,DAIRY,19,558
3007332,8/19/17,4,DELI,9,178.768
3007333,8/19/17,4,EGGS,1,135
3007334,8/19/17,4,FROZEN FOODS,0,104.375
3007335,8/19/17,4,GROCERY I,38,2055
3007341,8/19/17,4,HOME CARE,5,364
3007343,8/19/17,4,LAWN AND GARDEN,0,10
3007347,8/19/17,4,MEATS,0,231.781
3007350,8/19/17,4,PLAYERS AND ELECTRONICS,0,8
3007351,8/19/17,4,POULTRY,0,530.02
3007352,8/19/17,4,PREPARED FOODS,0,88.19
3007353,8/19/17,4,PRODUCE,6,3832.635
3007355,8/19/17,4,SEAFOOD,0,41.473
3007356,8/19/17,40,AUTOMOTIVE,0,6
3007359,8/19/17,40,BEVERAGES,25,863
3007361,8/19/17,40,BREAD/BAKERY,9,292
3007362,8/19/17,40,CELEBRATION,1,21
3007363,8/19/17,40,CLEANING,22,807
3007364,8/19/17,40,DAIRY,11,555
3007365,8/19/17,40,DELI,6,216
3007366,8/19/17,40,EGGS,1,102
3007367,8/19/17,40,FROZEN FOODS,12,36.973
3007368,8/19/17,40,GROCERY I,55,3122
3007369,8/19/17,40,GROCERY II,0,12
3007371,8/19/17,40,HOME AND KITCHEN I,0,36
3007372,8/19/17,40,HOME AND KITCHEN II,2,9
3007373,8/19/17,40,HOME APPLIANCES,0,1
3007374,8/19/17,40,HOME CARE,8,210
3007377,8/19/17,40,LINGERIE,0,20
3007380,8/19/17,40,MEATS,0,120.335
3007381,8/19/17,40,PERSONAL CARE,9,144
3007384,8/19/17,40,POULTRY,1,145.491
3007385,8/19/17,40,PREPARED FOODS,0,43
3007386,8/19/17,40,PRODUCE,1,1946.614
3007388,8/19/17,40,SEAFOOD,2,5
3007392,8/19/17,41,BEVERAGES,16,618
3007394,8/19/17,41,BREAD/BAKERY,11,289.626
3007395,8/19/17,41,CELEBRATION,0,4
3007396,8/19/17,41,CLEANING,12,640
3007397,8/19/17,41,DAIRY,18,391
3007398,8/19/17,41,DELI,9,200.048
3007399,8/19/17,41,EGGS,0,94
3007400,8/19/17,41,FROZEN FOODS,0,118.998
3007401,8/19/17,41,GROCERY I,37,1913
3007407,8/19/17,41,HOME CARE,7,222
3007409,8/19/17,41,LAWN AND GARDEN,0,5
3007413,8/19/17,41,MEATS,0,103.837
3007414,8/19/17,41,PERSONAL CARE,12,389
3007415,8/19/17,41,PET SUPPLIES,0,6
3007417,8/19/17,41,POULTRY,1,145.053
3007418,8/19/17,41,PREPARED FOODS,0,46.353
3007419,8/19/17,41,PRODUCE,4,2
3007421,8/19/17,41,SEAFOOD,0,12
3007455,8/19/17,43,AUTOMOTIVE,0,4
3007458,8/19/17,43,BEVERAGES,24,1480
3007460,8/19/17,43,BREAD/BAKERY,9,164
3007462,8/19/17,43,CLEANING,24,611
3007463,8/19/17,43,DAIRY,20,300
3007464,8/19/17,43,DELI,7,127
3007465,8/19/17,43,EGGS,1,92
3007466,8/19/17,43,FROZEN FOODS,15,18.630001
3007467,8/19/17,43,GROCERY I,61,2158
3007471,8/19/17,43,HOME AND KITCHEN II,1,12
3007473,8/19/17,43,HOME CARE,8,228
3007479,8/19/17,43,MEATS,0,80.836
3007480,8/19/17,43,PERSONAL CARE,10,142
3007483,8/19/17,43,POULTRY,0,118.133995
3007484,8/19/17,43,PREPARED FOODS,0,84
3007485,8/19/17,43,PRODUCE,0,890.72
3007488,8/19/17,44,AUTOMOTIVE,0,34
3007491,8/19/17,44,BEVERAGES,19,8783
3007493,8/19/17,44,BREAD/BAKERY,12,1080.753
3007494,8/19/17,44,CELEBRATION,0,11
3007495,8/19/17,44,CLEANING,14,2404
3007496,8/19/17,44,DAIRY,22,2129
3007497,8/19/17,44,DELI,10,605.141
3007498,8/19/17,44,EGGS,0,745
3007499,8/19/17,44,FROZEN FOODS,0,525.873
3007500,8/19/17,44,GROCERY I,38,7764
3007501,8/19/17,44,GROCERY II,0,75
3007506,8/19/17,44,HOME CARE,9,615
3007512,8/19/17,44,MEATS,0,1504.193
3007513,8/19/17,44,PERSONAL CARE,17,416
3007515,8/19/17,44,PLAYERS AND ELECTRONICS,0,36
3007516,8/19/17,44,POULTRY,0,1565.993
3007517,8/19/17,44,PREPARED FOODS,0,613.183
3007518,8/19/17,44,PRODUCE,5,15184.537
3007520,8/19/17,44,SEAFOOD,0,145.82199
3007521,8/19/17,45,AUTOMOTIVE,0,14
3007524,8/19/17,45,BEVERAGES,18,3022
3007526,8/19/17,45,BREAD/BAKERY,12,861.942
3007527,8/19/17,45,CELEBRATION,0,26
3007528,8/19/17,45,CLEANING,10,1790
3007529,8/19/17,45,DAIRY,21,1741
3007530,8/19/17,45,DELI,10,592.109
3007531,8/19/17,45,EGGS,0,363
3007532,8/19/17,45,FROZEN FOODS,0,223.435
3007533,8/19/17,45,GROCERY I,42,6509
3007539,8/19/17,45,HOME CARE,7,789
3007545,8/19/17,45,MEATS,1,1599.408
3007546,8/19/17,45,PERSONAL CARE,13,409
3007548,8/19/17,45,PLAYERS AND ELECTRONICS,1,18
3007549,8/19/17,45,POULTRY,0,1571.412
3007550,8/19/17,45,PREPARED FOODS,0,276.04
3007551,8/19/17,45,PRODUCE,7,16
3007553,8/19/17,45,SEAFOOD,0,121.899
3007554,8/19/17,46,AUTOMOTIVE,0,17
3007557,8/19/17,46,BEVERAGES,16,4793
3007559,8/19/17,46,BREAD/BAKERY,12,748.534
3007560,8/19/17,46,CELEBRATION,0,17
3007561,8/19/17,46,CLEANING,13,1887
3007562,8/19/17,46,DAIRY,22,1540
3007563,8/19/17,46,DELI,10,851.216
3007564,8/19/17,46,EGGS,0,153
3007565,8/19/17,46,FROZEN FOODS,0,257.501
3007566,8/19/17,46,GROCERY I,40,6903
3007569,8/19/17,46,HOME AND KITCHEN I,1,43
3007572,8/19/17,46,HOME CARE,9,757
3007574,8/19/17,46,LAWN AND GARDEN,0,10
3007578,8/19/17,46,MEATS,0,1142.723
3007579,8/19/17,46,PERSONAL CARE,14,555
3007581,8/19/17,46,PLAYERS AND ELECTRONICS,2,38
3007582,8/19/17,46,POULTRY,0,1074.8201
3007583,8/19/17,46,PREPARED FOODS,0,170.36499
3007584,8/19/17,46,PRODUCE,6,2508.452
3007586,8/19/17,46,SEAFOOD,0,47.05
3007587,8/19/17,47,AUTOMOTIVE,0,33
3007590,8/19/17,47,BEVERAGES,15,3052
3007592,8/19/17,47,BREAD/BAKERY,12,1381.06
3007593,8/19/17,47,CELEBRATION,0,16
3007594,8/19/17,47,CLEANING,14,2076
3007595,8/19/17,47,DAIRY,22,2038
3007596,8/19/17,47,DELI,9,715.537
3007597,8/19/17,47,EGGS,0,345
3007598,8/19/17,47,FROZEN FOODS,0,260.854
3007599,8/19/17,47,GROCERY I,42,8134
3007605,8/19/17,47,HOME CARE,8,852
3007607,8/19/17,47,LAWN AND GARDEN,0,25
3007611,8/19/17,47,MEATS,0,1231.028
3007612,8/19/17,47,PERSONAL CARE,13,880
3007614,8/19/17,47,PLAYERS AND ELECTRONICS,0,10
3007615,8/19/17,47,POULTRY,0,1592.196
3007616,8/19/17,47,PREPARED FOODS,0,339.046
3007617,8/19/17,47,PRODUCE,5,8630.106
3007619,8/19/17,47,SEAFOOD,0,96.708
3007620,8/19/17,48,AUTOMOTIVE,0,11
3007623,8/19/17,48,BEVERAGES,18,1390
3007625,8/19/17,48,BREAD/BAKERY,12,437.845
3007626,8/19/17,48,CELEBRATION,0,25
3007627,8/19/17,48,CLEANING,10,1315
3007628,8/19/17,48,DAIRY,21,872
3007629,8/19/17,48,DELI,9,404.964
3007630,8/19/17,48,EGGS,0,62
3007631,8/19/17,48,FROZEN FOODS,0,119.081
3007632,8/19/17,48,GROCERY I,40,4600
3007634,8/19/17,48,HARDWARE,0,3
3007638,8/19/17,48,HOME CARE,7,822
3007644,8/19/17,48,MEATS,0,1003.731
3007645,8/19/17,48,PERSONAL CARE,12,500
3007647,8/19/17,48,PLAYERS AND ELECTRONICS,2,22
3007648,8/19/17,48,POULTRY,0,754.414
3007649,8/19/17,48,PREPARED FOODS,0,117.881
3007650,8/19/17,48,PRODUCE,5,2135.061
3007652,8/19/17,48,SEAFOOD,0,11.071
3007653,8/19/17,49,AUTOMOTIVE,0,12
3007656,8/19/17,49,BEVERAGES,20,6090
3007658,8/19/17,49,BREAD/BAKERY,11,716.128
3007660,8/19/17,49,CLEANING,11,1550
3007661,8/19/17,49,DAIRY,22,1716
3007662,8/19/17,49,DELI,9,313.102
3007663,8/19/17,49,EGGS,0,375
3007664,8/19/17,49,FROZEN FOODS,0,307.788
3007665,8/19/17,49,GROCERY I,41,5463
3007671,8/19/17,49,HOME CARE,8,358
3007673,8/19/17,49,LAWN AND GARDEN,0,15
3007677,8/19/17,49,MEATS,0,983.105
3007678,8/19/17,49,PERSONAL CARE,14,270
3007680,8/19/17,49,PLAYERS AND ELECTRONICS,0,30
3007681,8/19/17,49,POULTRY,0,1041.163
3007682,8/19/17,49,PREPARED FOODS,0,326.18
3007683,8/19/17,49,PRODUCE,6,8248.459
3007685,8/19/17,49,SEAFOOD,0,96.911
3007689,8/19/17,5,BEVERAGES,18,681
3007691,8/19/17,5,BREAD/BAKERY,9,275.637
3007692,8/19/17,5,CELEBRATION,0,27
3007693,8/19/17,5,CLEANING,11,838
3007694,8/19/17,5,DAIRY,16,510
3007695,8/19/17,5,DELI,8,305.384
3007696,8/19/17,5,EGGS,0,117
3007697,8/19/17,5,FROZEN FOODS,0,125.135
3007698,8/19/17,5,GROCERY I,34,2713
3007704,8/19/17,5,HOME CARE,6,337
3007706,8/19/17,5,LAWN AND GARDEN,0,1
3007710,8/19/17,5,MEATS,0,279.986
3007711,8/19/17,5,PERSONAL CARE,13,256
3007714,8/19/17,5,POULTRY,0,241.7
3007715,8/19/17,5,PREPARED FOODS,0,78.573
3007716,8/19/17,5,PRODUCE,4,4
3007718,8/19/17,5,SEAFOOD,0,30.582
3007719,8/19/17,50,AUTOMOTIVE,0,17
3007722,8/19/17,50,BEVERAGES,17,1463
3007724,8/19/17,50,BREAD/BAKERY,11,466.783
3007725,8/19/17,50,CELEBRATION,0,29
3007726,8/19/17,50,CLEANING,8,1421
3007727,8/19/17,50,DAIRY,18,1094
3007728,8/19/17,50,DELI,9,368.328
3007729,8/19/17,50,EGGS,0,103
3007730,8/19/17,50,FROZEN FOODS,0,123
3007731,8/19/17,50,GROCERY I,37,5329
3007735,8/19/17,50,HOME AND KITCHEN II,2,29
3007737,8/19/17,50,HOME CARE,5,505
3007743,8/19/17,50,MEATS,0,521.215
3007744,8/19/17,50,PERSONAL CARE,11,295
3007746,8/19/17,50,PLAYERS AND ELECTRONICS,0,21
3007747,8/19/17,50,POULTRY,0,531.095
3007748,8/19/17,50,PREPARED FOODS,0,116.573
3007749,8/19/17,50,PRODUCE,6,2931.032
3007751,8/19/17,50,SEAFOOD,0,29.085001
3007755,8/19/17,51,BEVERAGES,18,7311
3007757,8/19/17,51,BREAD/BAKERY,13,1148.096
3007758,8/19/17,51,CELEBRATION,0,8
3007759,8/19/17,51,CLEANING,9,2098
3007760,8/19/17,51,DAIRY,20,2104
3007761,8/19/17,51,DELI,11,328.069
3007762,8/19/17,51,EGGS,0,367
3007763,8/19/17,51,FROZEN FOODS,0,628.92
3007764,8/19/17,51,GROCERY I,35,6223
3007767,8/19/17,51,HOME AND KITCHEN I,1,5
3007770,8/19/17,51,HOME CARE,7,400
3007772,8/19/17,51,LAWN AND GARDEN,0,6
3007776,8/19/17,51,MEATS,0,509.478
3007777,8/19/17,51,PERSONAL CARE,12,544
3007779,8/19/17,51,PLAYERS AND ELECTRONICS,1,20
3007780,8/19/17,51,POULTRY,0,694.898
3007781,8/19/17,51,PREPARED FOODS,0,200
3007782,8/19/17,51,PRODUCE,6,9940.145
3007784,8/19/17,51,SEAFOOD,0,111.006
3007821,8/19/17,53,BEVERAGES,15,510
3007823,8/19/17,53,BREAD/BAKERY,11,335.096
3007824,8/19/17,53,CELEBRATION,0,6
3007825,8/19/17,53,CLEANING,9,489
3007826,8/19/17,53,DAIRY,20,335
3007827,8/19/17,53,DELI,9,110.476
3007828,8/19/17,53,EGGS,0,48
3007829,8/19/17,53,FROZEN FOODS,0,141
3007830,8/19/17,53,GROCERY I,30,1557
3007836,8/19/17,53,HOME CARE,6,204
3007842,8/19/17,53,MEATS,0,236.905
3007843,8/19/17,53,PERSONAL CARE,11,136
3007845,8/19/17,53,PLAYERS AND ELECTRONICS,0,12
3007846,8/19/17,53,POULTRY,0,164.829
3007847,8/19/17,53,PREPARED FOODS,0,56.444
3007848,8/19/17,53,PRODUCE,2,2711.263
3007850,8/19/17,53,SEAFOOD,0,5
3007851,8/19/17,54,AUTOMOTIVE,0,2
3007853,8/19/17,54,BEAUTY,0,1
3007854,8/19/17,54,BEVERAGES,26,872
3007856,8/19/17,54,BREAD/BAKERY,7,136
3007857,8/19/17,54,CELEBRATION,0,1
3007858,8/19/17,54,CLEANING,20,611
3007859,8/19/17,54,DAIRY,6,154
3007860,8/19/17,54,DELI,6,143
3007861,8/19/17,54,EGGS,1,30
3007862,8/19/17,54,FROZEN FOODS,8,10.166
3007863,8/19/17,54,GROCERY I,47,1519
3007864,8/19/17,54,GROCERY II,0,6
3007865,8/19/17,54,HARDWARE,0,2
3007866,8/19/17,54,HOME AND KITCHEN I,0,14
3007867,8/19/17,54,HOME AND KITCHEN II,0,11
3007869,8/19/17,54,HOME CARE,9,138
3007872,8/19/17,54,LINGERIE,0,9
3007875,8/19/17,54,MEATS,0,58.312
3007876,8/19/17,54,PERSONAL CARE,8,122
3007879,8/19/17,54,POULTRY,0,34.337
3007880,8/19/17,54,PREPARED FOODS,0,99
3007881,8/19/17,54,PRODUCE,0,653.491
3007883,8/19/17,54,SEAFOOD,1,3
3007886,8/19/17,6,BEAUTY,1,3
3007887,8/19/17,6,BEVERAGES,15,1050
3007889,8/19/17,6,BREAD/BAKERY,9,346.316
3007890,8/19/17,6,CELEBRATION,0,11
3007891,8/19/17,6,CLEANING,12,797
3007892,8/19/17,6,DAIRY,22,715
3007893,8/19/17,6,DELI,9,230.665
3007894,8/19/17,6,EGGS,0,144
3007895,8/19/17,6,FROZEN FOODS,0,135
3007896,8/19/17,6,GROCERY I,38,3073
3007902,8/19/17,6,HOME CARE,8,373
3007904,8/19/17,6,LAWN AND GARDEN,0,7
3007906,8/19/17,6,LIQUOR WINE BEER,6,59
3007908,8/19/17,6,MEATS,0,595.626
3007909,8/19/17,6,PERSONAL CARE,13,401
3007912,8/19/17,6,POULTRY,0,870.827
3007913,8/19/17,6,PREPARED FOODS,0,162.702
3007914,8/19/17,6,PRODUCE,4,29
3007916,8/19/17,6,SEAFOOD,0,40.726
3007920,8/19/17,7,BEVERAGES,19,2272
3007922,8/19/17,7,BREAD/BAKERY,11,518.276
3007923,8/19/17,7,CELEBRATION,0,17
3007924,8/19/17,7,CLEANING,11,1059
3007925,8/19/17,7,DAIRY,18,1025
3007926,8/19/17,7,DELI,10,163.209
3007927,8/19/17,7,EGGS,0,263
3007928,8/19/17,7,FROZEN FOODS,0,208
3007929,8/19/17,7,GROCERY I,30,3906
3007935,8/19/17,7,HOME CARE,5,308
3007937,8/19/17,7,LAWN AND GARDEN,0,24
3007941,8/19/17,7,MEATS,0,696.255
3007942,8/19/17,7,PERSONAL CARE,8,230
3007944,8/19/17,7,PLAYERS AND ELECTRONICS,1,14
3007945,8/19/17,7,POULTRY,0,887.265
3007946,8/19/17,7,PREPARED FOODS,0,212.95801
3007947,8/19/17,7,PRODUCE,3,2
3007949,8/19/17,7,SEAFOOD,0,72.985
3007953,8/19/17,8,BEVERAGES,17,1600
3007955,8/19/17,8,BREAD/BAKERY,11,509.29102
3007957,8/19/17,8,CLEANING,11,1200
3007958,8/19/17,8,DAIRY,22,1376
3007959,8/19/17,8,DELI,10,282.744
3007960,8/19/17,8,EGGS,0,358
3007961,8/19/17,8,FROZEN FOODS,0,170
3007962,8/19/17,8,GROCERY I,40,3998
3007968,8/19/17,8,HOME CARE,8,365
3007970,8/19/17,8,LAWN AND GARDEN,0,15
3007974,8/19/17,8,MEATS,0,1129.43
3007975,8/19/17,8,PERSONAL CARE,13,254
3007977,8/19/17,8,PLAYERS AND ELECTRONICS,0,12
3007978,8/19/17,8,POULTRY,0,588.473
3007979,8/19/17,8,PREPARED FOODS,0,226.95
3007980,8/19/17,8,PRODUCE,6,1
3007982,8/19/17,8,SEAFOOD,0,73.304
3007983,8/19/17,9,AUTOMOTIVE,0,21
3007986,8/19/17,9,BEVERAGES,27,2217
3007988,8/19/17,9,BREAD/BAKERY,8,521
3007990,8/19/17,9,CLEANING,25,1752
3007991,8/19/17,9,DAIRY,20,584
3007992,8/19/17,9,DELI,10,602.9347
3007993,8/19/17,9,EGGS,1,136
3007994,8/19/17,9,FROZEN FOODS,14,61.495
3007995,8/19/17,9,GROCERY I,69,7685
3007996,8/19/17,9,GROCERY II,0,18
3007998,8/19/17,9,HOME AND KITCHEN I,1,44
3008001,8/19/17,9,HOME CARE,13,696
3008002,8/19/17,9,LADIESWEAR,0,14
3008003,8/19/17,9,LAWN AND GARDEN,0,3
3008007,8/19/17,9,MEATS,1,404.3831
3008008,8/19/17,9,PERSONAL CARE,11,334
3008011,8/19/17,9,POULTRY,0,613.71704
3008012,8/19/17,9,PREPARED FOODS,0,56.86
3008013,8/19/17,9,PRODUCE,1,1906.603
3008015,8/19/17,9,SEAFOOD,2,22.9274
3008019,8/20/17,1,BEVERAGES,10,2803
3008021,8/20/17,1,BREAD/BAKERY,5,232.343
3008022,8/20/17,1,CELEBRATION,0,13
3008023,8/20/17,1,CLEANING,4,720
3008024,8/20/17,1,DAIRY,17,710
3008025,8/20/17,1,DELI,6,144.572
3008026,8/20/17,1,EGGS,0,163
3008027,8/20/17,1,FROZEN FOODS,0,97
3008028,8/20/17,1,GROCERY I,24,2327
3008034,8/20/17,1,HOME CARE,4,211
3008036,8/20/17,1,LAWN AND GARDEN,0,20
3008040,8/20/17,1,MEATS,0,712.06
3008041,8/20/17,1,PERSONAL CARE,7,145
3008043,8/20/17,1,PLAYERS AND ELECTRONICS,0,7
3008044,8/20/17,1,POULTRY,0,709.636
3008045,8/20/17,1,PREPARED FOODS,0,127.85
3008046,8/20/17,1,PRODUCE,5,3951.501
3008048,8/20/17,1,SEAFOOD,0,30.559
3008049,8/20/17,10,AUTOMOTIVE,0,5
3008051,8/20/17,10,BEAUTY,0,1
3008052,8/20/17,10,BEVERAGES,21,370
3008054,8/20/17,10,BREAD/BAKERY,29,112
3008056,8/20/17,10,CLEANING,15,776
3008057,8/20/17,10,DAIRY,9,336
3008058,8/20/17,10,DELI,4,205
3008059,8/20/17,10,EGGS,1,11
3008060,8/20/17,10,FROZEN FOODS,0,50.571
3008061,8/20/17,10,GROCERY I,56,2463
3008063,8/20/17,10,HARDWARE,0,2
3008064,8/20/17,10,HOME AND KITCHEN I,0,24
3008067,8/20/17,10,HOME CARE,10,310
3008070,8/20/17,10,LINGERIE,0,6
3008073,8/20/17,10,MEATS,0,205.056
3008074,8/20/17,10,PERSONAL CARE,9,131
3008077,8/20/17,10,POULTRY,0,216.878
3008078,8/20/17,10,PREPARED FOODS,0,19
3008079,8/20/17,10,PRODUCE,1,351.215
3008081,8/20/17,10,SEAFOOD,0,5
3008082,8/20/17,11,AUTOMOTIVE,0,6
3008085,8/20/17,11,BEVERAGES,34,1836
3008087,8/20/17,11,BREAD/BAKERY,63,576
3008088,8/20/17,11,CELEBRATION,0,31
3008089,8/20/17,11,CLEANING,24,1189
3008090,8/20/17,11,DAIRY,15,320
3008091,8/20/17,11,DELI,10,244.813
3008092,8/20/17,11,EGGS,1,88
3008093,8/20/17,11,FROZEN FOODS,0,52
3008094,8/20/17,11,GROCERY I,70,6304.683
3008095,8/20/17,11,GROCERY II,6,21
3008097,8/20/17,11,HOME AND KITCHEN I,1,13
3008098,8/20/17,11,HOME AND KITCHEN II,1,13
3008100,8/20/17,11,HOME CARE,10,933
3008101,8/20/17,11,LADIESWEAR,0,16
3008103,8/20/17,11,LINGERIE,0,14
3008104,8/20/17,11,LIQUOR WINE BEER,3,81
3008106,8/20/17,11,MEATS,0,694.64
3008107,8/20/17,11,PERSONAL CARE,12,234
3008109,8/20/17,11,PLAYERS AND ELECTRONICS,0,10
3008110,8/20/17,11,POULTRY,0,776.195
3008111,8/20/17,11,PREPARED FOODS,0,41
3008112,8/20/17,11,PRODUCE,1,1988.468
3008114,8/20/17,11,SEAFOOD,0,14
3008115,8/20/17,12,AUTOMOTIVE,0,9
3008118,8/20/17,12,BEVERAGES,21,517
3008120,8/20/17,12,BREAD/BAKERY,36,152
3008122,8/20/17,12,CLEANING,14,695
3008123,8/20/17,12,DAIRY,15,272
3008124,8/20/17,12,DELI,7,120
3008125,8/20/17,12,EGGS,1,70
3008126,8/20/17,12,FROZEN FOODS,0,52
3008127,8/20/17,12,GROCERY I,51,2088
3008139,8/20/17,12,MEATS,0,159.299
3008140,8/20/17,12,PERSONAL CARE,9,213
3008142,8/20/17,12,PLAYERS AND ELECTRONICS,0,6
3008143,8/20/17,12,POULTRY,0,305.056
3008145,8/20/17,12,PRODUCE,1,341.653
3008151,8/20/17,13,BEVERAGES,19,453
3008153,8/20/17,13,BREAD/BAKERY,28,103
3008155,8/20/17,13,CLEANING,16,594
3008156,8/20/17,13,DAIRY,6,238
3008157,8/20/17,13,DELI,3,85
3008158,8/20/17,13,EGGS,1,54
3008159,8/20/17,13,FROZEN FOODS,0,15
3008160,8/20/17,13,GROCERY I,48,1654
3008167,8/20/17,13,LADIESWEAR,0,5
3008172,8/20/17,13,MEATS,0,131.586
3008173,8/20/17,13,PERSONAL CARE,10,143
3008176,8/20/17,13,POULTRY,0,135.026
3008177,8/20/17,13,PREPARED FOODS,0,14
3008178,8/20/17,13,PRODUCE,0,299.712
3008181,8/20/17,14,AUTOMOTIVE,0,4
3008184,8/20/17,14,BEVERAGES,22,441
3008186,8/20/17,14,BREAD/BAKERY,27,174
3008187,8/20/17,14,CELEBRATION,0,4
3008188,8/20/17,14,CLEANING,20,816
3008189,8/20/17,14,DAIRY,13,483
3008190,8/20/17,14,DELI,6,131
3008191,8/20/17,14,EGGS,1,41
3008192,8/20/17,14,FROZEN FOODS,0,13
3008193,8/20/17,14,GROCERY I,49,1907
3008196,8/20/17,14,HOME AND KITCHEN I,0,8
3008202,8/20/17,14,LINGERIE,0,5
3008203,8/20/17,14,LIQUOR WINE BEER,1,7
3008205,8/20/17,14,MEATS,0,381.589
3008206,8/20/17,14,PERSONAL CARE,9,194
3008209,8/20/17,14,POULTRY,0,86.333
3008210,8/20/17,14,PREPARED FOODS,0,38
3008211,8/20/17,14,PRODUCE,1,479.677
3008214,8/20/17,15,AUTOMOTIVE,1,8
3008216,8/20/17,15,BEAUTY,0,1
3008217,8/20/17,15,BEVERAGES,21,612
3008219,8/20/17,15,BREAD/BAKERY,31,199
3008220,8/20/17,15,CELEBRATION,0,4
3008221,8/20/17,15,CLEANING,23,620
3008222,8/20/17,15,DAIRY,13,329
3008223,8/20/17,15,DELI,6,262
3008224,8/20/17,15,EGGS,1,55
3008225,8/20/17,15,FROZEN FOODS,0,23
3008226,8/20/17,15,GROCERY I,57,3720
3008232,8/20/17,15,HOME CARE,9,233
3008233,8/20/17,15,LADIESWEAR,0,12
3008235,8/20/17,15,LINGERIE,0,1
3008236,8/20/17,15,LIQUOR WINE BEER,0,35
3008238,8/20/17,15,MEATS,0,149.201
3008239,8/20/17,15,PERSONAL CARE,10,180
3008242,8/20/17,15,POULTRY,0,97.654
3008243,8/20/17,15,PREPARED FOODS,0,20
3008244,8/20/17,15,PRODUCE,2,903.658
3008246,8/20/17,15,SEAFOOD,0,3
3008247,8/20/17,16,AUTOMOTIVE,0,5
3008250,8/20/17,16,BEVERAGES,20,401
3008252,8/20/17,16,BREAD/BAKERY,38,181
3008254,8/20/17,16,CLEANING,19,838
3008255,8/20/17,16,DAIRY,10,508
3008256,8/20/17,16,DELI,6,221
3008257,8/20/17,16,EGGS,1,258
3008258,8/20/17,16,FROZEN FOODS,0,12
3008259,8/20/17,16,GROCERY I,48,2578
3008263,8/20/17,16,HOME AND KITCHEN II,1,9
3008271,8/20/17,16,MEATS,0,68.885
3008272,8/20/17,16,PERSONAL CARE,10,164
3008275,8/20/17,16,POULTRY,0,76.512
3008276,8/20/17,16,PREPARED FOODS,0,62
3008277,8/20/17,16,PRODUCE,0,1062.49
3008279,8/20/17,16,SEAFOOD,0,5
3008280,8/20/17,17,AUTOMOTIVE,0,5
3008283,8/20/17,17,BEVERAGES,20,1173
3008285,8/20/17,17,BREAD/BAKERY,57,204
3008287,8/20/17,17,CLEANING,17,772
3008288,8/20/17,17,DAIRY,17,404
3008289,8/20/17,17,DELI,8,232
3008290,8/20/17,17,EGGS,1,72
3008291,8/20/17,17,FROZEN FOODS,0,29
3008292,8/20/17,17,GROCERY I,57,2576
3008295,8/20/17,17,HOME AND KITCHEN I,1,19
3008298,8/20/17,17,HOME CARE,10,267
3008304,8/20/17,17,MEATS,0,220.509
3008305,8/20/17,17,PERSONAL CARE,11,130
3008308,8/20/17,17,POULTRY,1,348.53
3008309,8/20/17,17,PREPARED FOODS,0,59
3008310,8/20/17,17,PRODUCE,0,1054.232
3008312,8/20/17,17,SEAFOOD,0,20
3008313,8/20/17,18,AUTOMOTIVE,0,2
3008316,8/20/17,18,BEVERAGES,27,952
3008318,8/20/17,18,BREAD/BAKERY,84,656
3008320,8/20/17,18,CLEANING,22,602
3008321,8/20/17,18,DAIRY,22,444
3008322,8/20/17,18,DELI,10,154.771
3008323,8/20/17,18,EGGS,1,112
3008324,8/20/17,18,FROZEN FOODS,0,28
3008325,8/20/17,18,GROCERY I,62,1607.357
3008331,8/20/17,18,HOME CARE,12,204
3008337,8/20/17,18,MEATS,0,162.8255
3008338,8/20/17,18,PERSONAL CARE,11,118
3008341,8/20/17,18,POULTRY,1,165.4432
3008342,8/20/17,18,PREPARED FOODS,0,45
3008343,8/20/17,18,PRODUCE,1,2035.715
3008345,8/20/17,18,SEAFOOD,0,7.6296
3008349,8/20/17,19,BEVERAGES,17,1060
3008351,8/20/17,19,BREAD/BAKERY,32,222
3008353,8/20/17,19,CLEANING,13,1342
3008354,8/20/17,19,DAIRY,8,444
3008355,8/20/17,19,DELI,7,146
3008356,8/20/17,19,EGGS,1,243
3008357,8/20/17,19,FROZEN FOODS,0,31
3008358,8/20/17,19,GROCERY I,51,1987
3008364,8/20/17,19,HOME CARE,8,258
3008370,8/20/17,19,MEATS,0,140.98401
3008371,8/20/17,19,PERSONAL CARE,8,175
3008372,8/20/17,19,PET SUPPLIES,0,1
3008374,8/20/17,19,POULTRY,0,96.194
3008375,8/20/17,19,PREPARED FOODS,0,26
3008376,8/20/17,19,PRODUCE,1,424.717
3008382,8/20/17,2,BEVERAGES,15,1044
3008384,8/20/17,2,BREAD/BAKERY,10,338.022
3008385,8/20/17,2,CELEBRATION,0,10
3008386,8/20/17,2,CLEANING,10,838
3008387,8/20/17,2,DAIRY,20,827
3008388,8/20/17,2,DELI,8,232.299
3008389,8/20/17,2,EGGS,0,187
3008390,8/20/17,2,FROZEN FOODS,0,117
3008391,8/20/17,2,GROCERY I,41,3052
3008397,8/20/17,2,HOME CARE,5,294
3008399,8/20/17,2,LAWN AND GARDEN,0,9
3008402,8/20/17,2,MAGAZINES,0,3
3008403,8/20/17,2,MEATS,0,388.863
3008404,8/20/17,2,PERSONAL CARE,11,242
3008406,8/20/17,2,PLAYERS AND ELECTRONICS,0,8
3008407,8/20/17,2,POULTRY,0,713.881
3008408,8/20/17,2,PREPARED FOODS,0,122.783005
3008409,8/20/17,2,PRODUCE,6,37
3008411,8/20/17,2,SEAFOOD,0,33.77
3008514,8/20/17,23,BEVERAGES,14,397
3008516,8/20/17,23,BREAD/BAKERY,5,226.65
3008518,8/20/17,23,CLEANING,8,589
3008519,8/20/17,23,DAIRY,13,494
3008520,8/20/17,23,DELI,7,102.628
3008521,8/20/17,23,EGGS,0,45
3008522,8/20/17,23,FROZEN FOODS,0,81
3008523,8/20/17,23,GROCERY I,28,1557
3008529,8/20/17,23,HOME CARE,6,178
3008535,8/20/17,23,MEATS,0,555.362
3008536,8/20/17,23,PERSONAL CARE,11,218
3008538,8/20/17,23,PLAYERS AND ELECTRONICS,0,8
3008539,8/20/17,23,POULTRY,0,460.176
3008540,8/20/17,23,PREPARED FOODS,0,53.551
3008541,8/20/17,23,PRODUCE,5,3
3008543,8/20/17,23,SEAFOOD,0,21.391
3008547,8/20/17,24,BEVERAGES,17,2678
3008549,8/20/17,24,BREAD/BAKERY,11,720.787
3008551,8/20/17,24,CLEANING,10,858
3008552,8/20/17,24,DAIRY,20,905
3008553,8/20/17,24,DELI,10,193.168
3008554,8/20/17,24,EGGS,0,181
3008555,8/20/17,24,FROZEN FOODS,0,171.753
3008556,8/20/17,24,GROCERY I,31,2829
3008562,8/20/17,24,HOME CARE,7,294
3008564,8/20/17,24,LAWN AND GARDEN,0,8
3008568,8/20/17,24,MEATS,0,415.47
3008569,8/20/17,24,PERSONAL CARE,11,271
3008572,8/20/17,24,POULTRY,0,541.872
3008573,8/20/17,24,PREPARED FOODS,0,101.526
3008574,8/20/17,24,PRODUCE,6,6300.022
3008576,8/20/17,24,SEAFOOD,0,54.814
3008580,8/20/17,25,BEVERAGES,15,659
3008582,8/20/17,25,BREAD/BAKERY,12,289.614
3008583,8/20/17,25,CELEBRATION,0,9
3008584,8/20/17,25,CLEANING,7,392
3008585,8/20/17,25,DAIRY,15,388
3008586,8/20/17,25,DELI,6,132.409
3008587,8/20/17,25,EGGS,0,130
3008588,8/20/17,25,FROZEN FOODS,0,61
3008589,8/20/17,25,GROCERY I,34,945
3008595,8/20/17,25,HOME CARE,4,82
3008597,8/20/17,25,LAWN AND GARDEN,0,4
3008601,8/20/17,25,MEATS,0,284.116
3008602,8/20/17,25,PERSONAL CARE,12,84
3008605,8/20/17,25,POULTRY,0,244.18
3008606,8/20/17,25,PREPARED FOODS,0,70.653
3008607,8/20/17,25,PRODUCE,2,1920.234
3008609,8/20/17,25,SEAFOOD,0,5
3008613,8/20/17,26,BEVERAGES,15,307
3008615,8/20/17,26,BREAD/BAKERY,10,221
3008616,8/20/17,26,CELEBRATION,0,10
3008617,8/20/17,26,CLEANING,7,361
3008618,8/20/17,26,DAIRY,12,177
3008619,8/20/17,26,DELI,3,110.341
3008620,8/20/17,26,EGGS,0,37
3008621,8/20/17,26,FROZEN FOODS,0,25
3008622,8/20/17,26,GROCERY I,31,1101
3008628,8/20/17,26,HOME CARE,4,154
3008634,8/20/17,26,MEATS,0,328.973
3008635,8/20/17,26,PERSONAL CARE,9,108
3008637,8/20/17,26,PLAYERS AND ELECTRONICS,0,6
3008638,8/20/17,26,POULTRY,0,90.538
3008639,8/20/17,26,PREPARED FOODS,0,5
3008640,8/20/17,26,PRODUCE,4,623.403
3008642,8/20/17,26,SEAFOOD,0,3.53
3008646,8/20/17,27,BEVERAGES,19,2801
3008648,8/20/17,27,BREAD/BAKERY,12,402.836
3008649,8/20/17,27,CELEBRATION,0,18
3008650,8/20/17,27,CLEANING,9,444
3008651,8/20/17,27,DAIRY,23,507
3008652,8/20/17,27,DELI,9,192.817
3008653,8/20/17,27,EGGS,0,127
3008654,8/20/17,27,FROZEN FOODS,0,87
3008655,8/20/17,27,GROCERY I,36,2053
3008661,8/20/17,27,HOME CARE,8,213
3008663,8/20/17,27,LAWN AND GARDEN,0,7
3008667,8/20/17,27,MEATS,0,180.439
3008668,8/20/17,27,PERSONAL CARE,13,134
3008670,8/20/17,27,PLAYERS AND ELECTRONICS,0,3
3008671,8/20/17,27,POULTRY,0,278.428
3008672,8/20/17,27,PREPARED FOODS,0,89.805
3008673,8/20/17,27,PRODUCE,4,5
3008675,8/20/17,27,SEAFOOD,0,26.337
3008676,8/20/17,28,AUTOMOTIVE,0,15
3008679,8/20/17,28,BEVERAGES,28,938
3008681,8/20/17,28,BREAD/BAKERY,80,379
3008683,8/20/17,28,CLEANING,26,742
3008684,8/20/17,28,DAIRY,22,593
3008685,8/20/17,28,DELI,10,207.552
3008686,8/20/17,28,EGGS,1,576
3008687,8/20/17,28,FROZEN FOODS,0,25
3008688,8/20/17,28,GROCERY I,69,3055.992
3008689,8/20/17,28,GROCERY II,3,4
3008691,8/20/17,28,HOME AND KITCHEN I,1,27
3008693,8/20/17,28,HOME APPLIANCES,0,1
3008694,8/20/17,28,HOME CARE,10,247
3008697,8/20/17,28,LINGERIE,0,22
3008698,8/20/17,28,LIQUOR WINE BEER,4,226
3008700,8/20/17,28,MEATS,0,93.684
3008701,8/20/17,28,PERSONAL CARE,11,212
3008702,8/20/17,28,PET SUPPLIES,0,4
3008704,8/20/17,28,POULTRY,0,171.098
3008705,8/20/17,28,PREPARED FOODS,0,38.507
3008706,8/20/17,28,PRODUCE,1,2646.4429
3008708,8/20/17,28,SEAFOOD,0,3
3008745,8/20/17,3,BEVERAGES,16,3384
3008747,8/20/17,3,BREAD/BAKERY,12,877.256
3008748,8/20/17,3,CELEBRATION,0,16
3008749,8/20/17,3,CLEANING,12,1950
3008750,8/20/17,3,DAIRY,22,1697
3008751,8/20/17,3,DELI,7,328.706
3008752,8/20/17,3,EGGS,0,502
3008753,8/20/17,3,FROZEN FOODS,0,286.856
3008754,8/20/17,3,GROCERY I,40,6162
3008760,8/20/17,3,HOME CARE,9,560
3008762,8/20/17,3,LAWN AND GARDEN,0,22
3008766,8/20/17,3,MEATS,0,1135.474
3008767,8/20/17,3,PERSONAL CARE,13,323
3008769,8/20/17,3,PLAYERS AND ELECTRONICS,0,21
3008770,8/20/17,3,POULTRY,0,1613.129
3008771,8/20/17,3,PREPARED FOODS,0,487.036
3008772,8/20/17,3,PRODUCE,6,5
3008774,8/20/17,3,SEAFOOD,0,122.735
3008778,8/20/17,30,BEVERAGES,21,516
3008780,8/20/17,30,BREAD/BAKERY,35,115
3008782,8/20/17,30,CLEANING,16,337
3008783,8/20/17,30,DAIRY,10,207
3008784,8/20/17,30,DELI,4,92
3008785,8/20/17,30,EGGS,1,154
3008786,8/20/17,30,FROZEN FOODS,0,28
3008787,8/20/17,30,GROCERY I,48,1120
3008799,8/20/17,30,MEATS,0,83.821
3008800,8/20/17,30,PERSONAL CARE,5,84
3008803,8/20/17,30,POULTRY,0,123.522995
3008805,8/20/17,30,PRODUCE,0,823.68
3008808,8/20/17,31,AUTOMOTIVE,0,12
3008811,8/20/17,31,BEVERAGES,31,791
3008813,8/20/17,31,BREAD/BAKERY,68,288
3008814,8/20/17,31,CELEBRATION,0,6
3008815,8/20/17,31,CLEANING,25,754
3008816,8/20/17,31,DAIRY,14,877
3008817,8/20/17,31,DELI,10,199.965
3008818,8/20/17,31,EGGS,1,185
3008819,8/20/17,31,FROZEN FOODS,0,47.727
3008820,8/20/17,31,GROCERY I,63,2346.024
3008821,8/20/17,31,GROCERY II,5,7
3008823,8/20/17,31,HOME AND KITCHEN I,1,18
3008824,8/20/17,31,HOME AND KITCHEN II,1,8
3008826,8/20/17,31,HOME CARE,11,304
3008832,8/20/17,31,MEATS,0,399.5386
3008833,8/20/17,31,PERSONAL CARE,12,278
3008836,8/20/17,31,POULTRY,0,146.829
3008837,8/20/17,31,PREPARED FOODS,0,49
3008838,8/20/17,31,PRODUCE,1,2304.033
3008840,8/20/17,31,SEAFOOD,0,1
3008844,8/20/17,32,BEVERAGES,19,208
3008846,8/20/17,32,BREAD/BAKERY,33,101
3008848,8/20/17,32,CLEANING,18,231
3008849,8/20/17,32,DAIRY,5,84
3008850,8/20/17,32,DELI,1,80
3008851,8/20/17,32,EGGS,1,93
3008852,8/20/17,32,FROZEN FOODS,0,5
3008853,8/20/17,32,GROCERY I,49,807
3008856,8/20/17,32,HOME AND KITCHEN I,1,17
3008859,8/20/17,32,HOME CARE,3,81
3008862,8/20/17,32,LINGERIE,0,1
3008865,8/20/17,32,MEATS,0,60.69
3008866,8/20/17,32,PERSONAL CARE,7,64
3008869,8/20/17,32,POULTRY,0,82.32
3008871,8/20/17,32,PRODUCE,1,325.106
3008874,8/20/17,33,AUTOMOTIVE,0,3
3008876,8/20/17,33,BEAUTY,0,1
3008877,8/20/17,33,BEVERAGES,24,431
3008879,8/20/17,33,BREAD/BAKERY,44,231
3008880,8/20/17,33,CELEBRATION,0,5
3008881,8/20/17,33,CLEANING,17,692
3008882,8/20/17,33,DAIRY,12,380
3008883,8/20/17,33,DELI,6,160
3008884,8/20/17,33,EGGS,1,194
3008885,8/20/17,33,FROZEN FOODS,0,39
3008886,8/20/17,33,GROCERY I,54,2189
3008888,8/20/17,33,HARDWARE,0,1
3008889,8/20/17,33,HOME AND KITCHEN I,0,25
3008890,8/20/17,33,HOME AND KITCHEN II,0,5
3008891,8/20/17,33,HOME APPLIANCES,0,1
3008892,8/20/17,33,HOME CARE,9,190
3008895,8/20/17,33,LINGERIE,0,18
3008896,8/20/17,33,LIQUOR WINE BEER,2,111
3008898,8/20/17,33,MEATS,0,291.105
3008899,8/20/17,33,PERSONAL CARE,10,256
3008901,8/20/17,33,PLAYERS AND ELECTRONICS,0,4
3008902,8/20/17,33,POULTRY,0,245.133
3008903,8/20/17,33,PREPARED FOODS,0,31
3008904,8/20/17,33,PRODUCE,1,2103.285
3008906,8/20/17,33,SEAFOOD,0,8
3008907,8/20/17,34,AUTOMOTIVE,0,5
3008910,8/20/17,34,BEVERAGES,26,1064
3008912,8/20/17,34,BREAD/BAKERY,74,470
3008913,8/20/17,34,CELEBRATION,0,28
3008914,8/20/17,34,CLEANING,29,844
3008915,8/20/17,34,DAIRY,10,526
3008916,8/20/17,34,DELI,6,185.98
3008917,8/20/17,34,EGGS,1,135
3008918,8/20/17,34,FROZEN FOODS,0,111.486
3008919,8/20/17,34,GROCERY I,67,2515.524
3008920,8/20/17,34,GROCERY II,3,5
3008922,8/20/17,34,HOME AND KITCHEN I,0,25
3008923,8/20/17,34,HOME AND KITCHEN II,1,44
3008924,8/20/17,34,HOME APPLIANCES,0,1
3008925,8/20/17,34,HOME CARE,9,343
3008928,8/20/17,34,LINGERIE,0,18
3008931,8/20/17,34,MEATS,0,198.817
3008932,8/20/17,34,PERSONAL CARE,12,304
3008935,8/20/17,34,POULTRY,0,157.826
3008936,8/20/17,34,PREPARED FOODS,0,27
3008937,8/20/17,34,PRODUCE,0,1492.19
3008939,8/20/17,34,SEAFOOD,0,9
3008940,8/20/17,35,AUTOMOTIVE,0,1
3008942,8/20/17,35,BEAUTY,0,1
3008943,8/20/17,35,BEVERAGES,19,374
3008945,8/20/17,35,BREAD/BAKERY,28,50
3008946,8/20/17,35,CELEBRATION,0,7
3008947,8/20/17,35,CLEANING,20,205
3008948,8/20/17,35,DAIRY,6,109
3008949,8/20/17,35,DELI,2,26
3008950,8/20/17,35,EGGS,1,108
3008951,8/20/17,35,FROZEN FOODS,0,11.877
3008952,8/20/17,35,GROCERY I,46,862
3008953,8/20/17,35,GROCERY II,4,3
3008954,8/20/17,35,HARDWARE,0,1
3008955,8/20/17,35,HOME AND KITCHEN I,1,11
3008956,8/20/17,35,HOME AND KITCHEN II,0,13
3008957,8/20/17,35,HOME APPLIANCES,0,1
3008958,8/20/17,35,HOME CARE,6,104
3008961,8/20/17,35,LINGERIE,0,7
3008964,8/20/17,35,MEATS,0,193.307
3008965,8/20/17,35,PERSONAL CARE,7,43
3008968,8/20/17,35,POULTRY,0,81.097
3008969,8/20/17,35,PREPARED FOODS,0,19
3008970,8/20/17,35,PRODUCE,0,627.733
3008972,8/20/17,35,SEAFOOD,0,1
3008973,8/20/17,36,AUTOMOTIVE,0,5
3008976,8/20/17,36,BEVERAGES,31,1025
3008978,8/20/17,36,BREAD/BAKERY,78,465
3008979,8/20/17,36,CELEBRATION,0,9
3008980,8/20/17,36,CLEANING,24,859
3008981,8/20/17,36,DAIRY,19,528
3008982,8/20/17,36,DELI,8,154.806
3008983,8/20/17,36,EGGS,1,115
3008984,8/20/17,36,FROZEN FOODS,0,78.06
3008985,8/20/17,36,GROCERY I,60,1881.333
3008988,8/20/17,36,HOME AND KITCHEN I,0,31
3008989,8/20/17,36,HOME AND KITCHEN II,1,5
3008991,8/20/17,36,HOME CARE,9,269
3008993,8/20/17,36,LAWN AND GARDEN,0,4
3008994,8/20/17,36,LINGERIE,0,14
3008997,8/20/17,36,MEATS,0,107.645
3008998,8/20/17,36,PERSONAL CARE,11,169
3009001,8/20/17,36,POULTRY,0,76.678
3009002,8/20/17,36,PREPARED FOODS,0,30.554
3009003,8/20/17,36,PRODUCE,2,2792.749
3009005,8/20/17,36,SEAFOOD,0,1
3009009,8/20/17,37,BEVERAGES,15,1064
3009011,8/20/17,37,BREAD/BAKERY,10,488.135
3009012,8/20/17,37,CELEBRATION,0,11
3009013,8/20/17,37,CLEANING,10,1074
3009014,8/20/17,37,DAIRY,17,938
3009015,8/20/17,37,DELI,9,116.798996
3009016,8/20/17,37,EGGS,0,181
3009017,8/20/17,37,FROZEN FOODS,0,191
3009018,8/20/17,37,GROCERY I,29,3404
3009024,8/20/17,37,HOME CARE,6,376
3009026,8/20/17,37,LAWN AND GARDEN,0,10
3009030,8/20/17,37,MEATS,0,543.763
3009031,8/20/17,37,PERSONAL CARE,11,212
3009033,8/20/17,37,PLAYERS AND ELECTRONICS,0,13
3009034,8/20/17,37,POULTRY,0,264.094
3009035,8/20/17,37,PREPARED FOODS,0,164.836
3009036,8/20/17,37,PRODUCE,5,7
3009038,8/20/17,37,SEAFOOD,0,17.774
3009042,8/20/17,38,BEVERAGES,15,611
3009044,8/20/17,38,BREAD/BAKERY,11,698.825
3009045,8/20/17,38,CELEBRATION,0,14
3009046,8/20/17,38,CLEANING,10,847
3009047,8/20/17,38,DAIRY,16,827
3009048,8/20/17,38,DELI,7,180.008
3009049,8/20/17,38,EGGS,0,98
3009050,8/20/17,38,FROZEN FOODS,0,160
3009051,8/20/17,38,GROCERY I,35,2870
3009057,8/20/17,38,HOME CARE,7,443
3009059,8/20/17,38,LAWN AND GARDEN,0,7
3009061,8/20/17,38,LIQUOR WINE BEER,7,32
3009063,8/20/17,38,MEATS,0,155.259
3009064,8/20/17,38,PERSONAL CARE,14,269
3009066,8/20/17,38,PLAYERS AND ELECTRONICS,0,11
3009067,8/20/17,38,POULTRY,0,172.089
3009068,8/20/17,38,PREPARED FOODS,0,165.418
3009069,8/20/17,38,PRODUCE,6,1
3009071,8/20/17,38,SEAFOOD,0,19.067001
3009072,8/20/17,39,AUTOMOTIVE,0,4
3009074,8/20/17,39,BEAUTY,1,3
3009075,8/20/17,39,BEVERAGES,28,658
3009077,8/20/17,39,BREAD/BAKERY,79,539
3009079,8/20/17,39,CLEANING,27,1056
3009080,8/20/17,39,DAIRY,23,535
3009081,8/20/17,39,DELI,9,134.31
3009082,8/20/17,39,EGGS,1,221
3009083,8/20/17,39,FROZEN FOODS,0,43
3009084,8/20/17,39,GROCERY I,65,3484.952
3009086,8/20/17,39,HARDWARE,0,1
3009088,8/20/17,39,HOME AND KITCHEN II,1,14
3009090,8/20/17,39,HOME CARE,13,292
3009091,8/20/17,39,LADIESWEAR,0,14
3009092,8/20/17,39,LAWN AND GARDEN,0,8
3009093,8/20/17,39,LINGERIE,1,8
3009096,8/20/17,39,MEATS,0,112.365
3009097,8/20/17,39,PERSONAL CARE,14,203
3009100,8/20/17,39,POULTRY,1,167.5024
3009101,8/20/17,39,PREPARED FOODS,0,84.007
3009102,8/20/17,39,PRODUCE,1,2463.323
3009104,8/20/17,39,SEAFOOD,0,11
3009108,8/20/17,4,BEVERAGES,13,1821
3009110,8/20/17,4,BREAD/BAKERY,9,267.395
3009111,8/20/17,4,CELEBRATION,0,5
3009112,8/20/17,4,CLEANING,10,542
3009113,8/20/17,4,DAIRY,17,558
3009114,8/20/17,4,DELI,10,178.768
3009115,8/20/17,4,EGGS,0,135
3009116,8/20/17,4,FROZEN FOODS,0,104.375
3009117,8/20/17,4,GROCERY I,34,2055
3009123,8/20/17,4,HOME CARE,8,364
3009125,8/20/17,4,LAWN AND GARDEN,0,10
3009129,8/20/17,4,MEATS,0,231.781
3009132,8/20/17,4,PLAYERS AND ELECTRONICS,0,8
3009133,8/20/17,4,POULTRY,0,530.02
3009134,8/20/17,4,PREPARED FOODS,0,88.19
3009135,8/20/17,4,PRODUCE,6,3832.635
3009137,8/20/17,4,SEAFOOD,0,41.473
3009138,8/20/17,40,AUTOMOTIVE,0,6
3009141,8/20/17,40,BEVERAGES,27,863
3009143,8/20/17,40,BREAD/BAKERY,52,292
3009144,8/20/17,40,CELEBRATION,0,21
3009145,8/20/17,40,CLEANING,19,807
3009146,8/20/17,40,DAIRY,9,555
3009147,8/20/17,40,DELI,7,216
3009148,8/20/17,40,EGGS,1,102
3009149,8/20/17,40,FROZEN FOODS,0,36.973
3009150,8/20/17,40,GROCERY I,59,3122
3009151,8/20/17,40,GROCERY II,3,12
3009153,8/20/17,40,HOME AND KITCHEN I,0,36
3009154,8/20/17,40,HOME AND KITCHEN II,0,9
3009155,8/20/17,40,HOME APPLIANCES,0,1
3009156,8/20/17,40,HOME CARE,9,210
3009159,8/20/17,40,LINGERIE,0,20
3009162,8/20/17,40,MEATS,0,120.335
3009163,8/20/17,40,PERSONAL CARE,9,144
3009166,8/20/17,40,POULTRY,1,145.491
3009167,8/20/17,40,PREPARED FOODS,0,43
3009168,8/20/17,40,PRODUCE,1,1946.614
3009170,8/20/17,40,SEAFOOD,0,5
3009174,8/20/17,41,BEVERAGES,18,618
3009176,8/20/17,41,BREAD/BAKERY,8,289.626
3009177,8/20/17,41,CELEBRATION,0,4
3009178,8/20/17,41,CLEANING,13,640
3009179,8/20/17,41,DAIRY,16,391
3009180,8/20/17,41,DELI,9,200.048
3009181,8/20/17,41,EGGS,0,94
3009182,8/20/17,41,FROZEN FOODS,0,118.998
3009183,8/20/17,41,GROCERY I,38,1913
3009189,8/20/17,41,HOME CARE,7,222
3009191,8/20/17,41,LAWN AND GARDEN,0,5
3009195,8/20/17,41,MEATS,0,103.837
3009196,8/20/17,41,PERSONAL CARE,14,389
3009197,8/20/17,41,PET SUPPLIES,0,6
3009199,8/20/17,41,POULTRY,0,145.053
3009200,8/20/17,41,PREPARED FOODS,0,46.353
3009201,8/20/17,41,PRODUCE,6,2
3009203,8/20/17,41,SEAFOOD,0,12
3009237,8/20/17,43,AUTOMOTIVE,0,4
3009240,8/20/17,43,BEVERAGES,28,1480
3009242,8/20/17,43,BREAD/BAKERY,77,164
3009244,8/20/17,43,CLEANING,24,611
3009245,8/20/17,43,DAIRY,17,300
3009246,8/20/17,43,DELI,9,127
3009247,8/20/17,43,EGGS,1,92
3009248,8/20/17,43,FROZEN FOODS,0,18.630001
3009249,8/20/17,43,GROCERY I,59,2158
3009253,8/20/17,43,HOME AND KITCHEN II,1,12
3009255,8/20/17,43,HOME CARE,11,228
3009261,8/20/17,43,MEATS,0,80.836
3009262,8/20/17,43,PERSONAL CARE,12,142
3009265,8/20/17,43,POULTRY,0,118.133995
3009266,8/20/17,43,PREPARED FOODS,0,84
3009267,8/20/17,43,PRODUCE,0,890.72
3009270,8/20/17,44,AUTOMOTIVE,0,34
3009273,8/20/17,44,BEVERAGES,18,8783
3009275,8/20/17,44,BREAD/BAKERY,12,1080.753
3009276,8/20/17,44,CELEBRATION,0,11
3009277,8/20/17,44,CLEANING,14,2404
3009278,8/20/17,44,DAIRY,22,2129
3009279,8/20/17,44,DELI,10,605.141
3009280,8/20/17,44,EGGS,0,745
3009281,8/20/17,44,FROZEN FOODS,0,525.873
3009282,8/20/17,44,GROCERY I,40,7764
3009283,8/20/17,44,GROCERY II,0,75
3009288,8/20/17,44,HOME CARE,8,615
3009294,8/20/17,44,MEATS,0,1504.193
3009295,8/20/17,44,PERSONAL CARE,15,416
3009297,8/20/17,44,PLAYERS AND ELECTRONICS,1,36
3009298,8/20/17,44,POULTRY,0,1565.993
3009299,8/20/17,44,PREPARED FOODS,0,613.183
3009300,8/20/17,44,PRODUCE,5,15184.537
3009302,8/20/17,44,SEAFOOD,0,145.82199
3009303,8/20/17,45,AUTOMOTIVE,0,14
3009306,8/20/17,45,BEVERAGES,18,3022
3009308,8/20/17,45,BREAD/BAKERY,12,861.942
3009309,8/20/17,45,CELEBRATION,0,26
3009310,8/20/17,45,CLEANING,11,1790
3009311,8/20/17,45,DAIRY,22,1741
3009312,8/20/17,45,DELI,10,592.109
3009313,8/20/17,45,EGGS,0,363
3009314,8/20/17,45,FROZEN FOODS,0,223.435
3009315,8/20/17,45,GROCERY I,38,6509
3009321,8/20/17,45,HOME CARE,8,789
3009327,8/20/17,45,MEATS,0,1599.408
3009328,8/20/17,45,PERSONAL CARE,14,409
3009330,8/20/17,45,PLAYERS AND ELECTRONICS,0,18
3009331,8/20/17,45,POULTRY,0,1571.412
3009332,8/20/17,45,PREPARED FOODS,0,276.04
3009333,8/20/17,45,PRODUCE,6,16
3009335,8/20/17,45,SEAFOOD,0,121.899
3009336,8/20/17,46,AUTOMOTIVE,0,17
3009339,8/20/17,46,BEVERAGES,18,4793
3009341,8/20/17,46,BREAD/BAKERY,12,748.534
3009342,8/20/17,46,CELEBRATION,0,17
3009343,8/20/17,46,CLEANING,15,1887
3009344,8/20/17,46,DAIRY,21,1540
3009345,8/20/17,46,DELI,10,851.216
3009346,8/20/17,46,EGGS,0,153
3009347,8/20/17,46,FROZEN FOODS,0,257.501
3009348,8/20/17,46,GROCERY I,39,6903
3009351,8/20/17,46,HOME AND KITCHEN I,1,43
3009354,8/20/17,46,HOME CARE,9,757
3009356,8/20/17,46,LAWN AND GARDEN,0,10
3009360,8/20/17,46,MEATS,0,1142.723
3009361,8/20/17,46,PERSONAL CARE,12,555
3009363,8/20/17,46,PLAYERS AND ELECTRONICS,2,38
3009364,8/20/17,46,POULTRY,0,1074.8201
3009365,8/20/17,46,PREPARED FOODS,0,170.36499
3009366,8/20/17,46,PRODUCE,5,2508.452
3009368,8/20/17,46,SEAFOOD,0,47.05
3009369,8/20/17,47,AUTOMOTIVE,0,33
3009372,8/20/17,47,BEVERAGES,18,3052
3009374,8/20/17,47,BREAD/BAKERY,12,1381.06
3009375,8/20/17,47,CELEBRATION,0,16
3009376,8/20/17,47,CLEANING,11,2076
3009377,8/20/17,47,DAIRY,22,2038
3009378,8/20/17,47,DELI,10,715.537
3009379,8/20/17,47,EGGS,0,345
3009380,8/20/17,47,FROZEN FOODS,0,260.854
3009381,8/20/17,47,GROCERY I,41,8134
3009387,8/20/17,47,HOME CARE,7,852
3009389,8/20/17,47,LAWN AND GARDEN,0,25
3009393,8/20/17,47,MEATS,0,1231.028
3009394,8/20/17,47,PERSONAL CARE,15,880
3009396,8/20/17,47,PLAYERS AND ELECTRONICS,0,10
3009397,8/20/17,47,POULTRY,0,1592.196
3009398,8/20/17,47,PREPARED FOODS,0,339.046
3009399,8/20/17,47,PRODUCE,4,8630.106
3009401,8/20/17,47,SEAFOOD,0,96.708
3009402,8/20/17,48,AUTOMOTIVE,0,11
3009405,8/20/17,48,BEVERAGES,14,1390
3009407,8/20/17,48,BREAD/BAKERY,12,437.845
3009408,8/20/17,48,CELEBRATION,0,25
3009409,8/20/17,48,CLEANING,12,1315
3009410,8/20/17,48,DAIRY,21,872
3009411,8/20/17,48,DELI,9,404.964
3009412,8/20/17,48,EGGS,0,62
3009413,8/20/17,48,FROZEN FOODS,0,119.081
3009414,8/20/17,48,GROCERY I,39,4600
3009416,8/20/17,48,HARDWARE,0,3
3009420,8/20/17,48,HOME CARE,7,822
3009426,8/20/17,48,MEATS,0,1003.731
3009427,8/20/17,48,PERSONAL CARE,13,500
3009429,8/20/17,48,PLAYERS AND ELECTRONICS,2,22
3009430,8/20/17,48,POULTRY,0,754.414
3009431,8/20/17,48,PREPARED FOODS,0,117.881
3009432,8/20/17,48,PRODUCE,5,2135.061
3009434,8/20/17,48,SEAFOOD,0,11.071
3009435,8/20/17,49,AUTOMOTIVE,0,12
3009438,8/20/17,49,BEVERAGES,20,6090
3009440,8/20/17,49,BREAD/BAKERY,10,716.128
3009442,8/20/17,49,CLEANING,12,1550
3009443,8/20/17,49,DAIRY,20,1716
3009444,8/20/17,49,DELI,10,313.102
3009445,8/20/17,49,EGGS,0,375
3009446,8/20/17,49,FROZEN FOODS,0,307.788
3009447,8/20/17,49,GROCERY I,41,5463
3009453,8/20/17,49,HOME CARE,9,358
3009455,8/20/17,49,LAWN AND GARDEN,0,15
3009459,8/20/17,49,MEATS,0,983.105
3009460,8/20/17,49,PERSONAL CARE,12,270
3009462,8/20/17,49,PLAYERS AND ELECTRONICS,0,30
3009463,8/20/17,49,POULTRY,0,1041.163
3009464,8/20/17,49,PREPARED FOODS,0,326.18
3009465,8/20/17,49,PRODUCE,6,8248.459
3009467,8/20/17,49,SEAFOOD,0,96.911
3009471,8/20/17,5,BEVERAGES,15,681
3009473,8/20/17,5,BREAD/BAKERY,9,275.637
3009474,8/20/17,5,CELEBRATION,0,27
3009475,8/20/17,5,CLEANING,10,838
3009476,8/20/17,5,DAIRY,18,510
3009477,8/20/17,5,DELI,8,305.384
3009478,8/20/17,5,EGGS,0,117
3009479,8/20/17,5,FROZEN FOODS,0,125.135
3009480,8/20/17,5,GROCERY I,36,2713
3009486,8/20/17,5,HOME CARE,8,337
3009488,8/20/17,5,LAWN AND GARDEN,0,1
3009492,8/20/17,5,MEATS,0,279.986
3009493,8/20/17,5,PERSONAL CARE,15,256
3009496,8/20/17,5,POULTRY,0,241.7
3009497,8/20/17,5,PREPARED FOODS,0,78.573
3009498,8/20/17,5,PRODUCE,5,4
3009500,8/20/17,5,SEAFOOD,0,30.582
3009501,8/20/17,50,AUTOMOTIVE,0,17
3009504,8/20/17,50,BEVERAGES,17,1463
3009506,8/20/17,50,BREAD/BAKERY,10,466.783
3009507,8/20/17,50,CELEBRATION,0,29
3009508,8/20/17,50,CLEANING,9,1421
3009509,8/20/17,50,DAIRY,18,1094
3009510,8/20/17,50,DELI,10,368.328
3009511,8/20/17,50,EGGS,0,103
3009512,8/20/17,50,FROZEN FOODS,0,123
3009513,8/20/17,50,GROCERY I,38,5329
3009517,8/20/17,50,HOME AND KITCHEN II,2,29
3009519,8/20/17,50,HOME CARE,7,505
3009525,8/20/17,50,MEATS,0,521.215
3009526,8/20/17,50,PERSONAL CARE,13,295
3009528,8/20/17,50,PLAYERS AND ELECTRONICS,0,21
3009529,8/20/17,50,POULTRY,0,531.095
3009530,8/20/17,50,PREPARED FOODS,0,116.573
3009531,8/20/17,50,PRODUCE,4,2931.032
3009533,8/20/17,50,SEAFOOD,0,29.085001
3009537,8/20/17,51,BEVERAGES,18,7311
3009539,8/20/17,51,BREAD/BAKERY,12,1148.096
3009540,8/20/17,51,CELEBRATION,0,8
3009541,8/20/17,51,CLEANING,11,2098
3009542,8/20/17,51,DAIRY,20,2104
3009543,8/20/17,51,DELI,9,328.069
3009544,8/20/17,51,EGGS,0,367
3009545,8/20/17,51,FROZEN FOODS,0,628.92
3009546,8/20/17,51,GROCERY I,37,6223
3009549,8/20/17,51,HOME AND KITCHEN I,0,5
3009552,8/20/17,51,HOME CARE,8,400
3009554,8/20/17,51,LAWN AND GARDEN,0,6
3009558,8/20/17,51,MEATS,0,509.478
3009559,8/20/17,51,PERSONAL CARE,12,544
3009561,8/20/17,51,PLAYERS AND ELECTRONICS,1,20
3009562,8/20/17,51,POULTRY,0,694.898
3009563,8/20/17,51,PREPARED FOODS,0,200
3009564,8/20/17,51,PRODUCE,6,9940.145
3009566,8/20/17,51,SEAFOOD,0,111.006
3009603,8/20/17,53,BEVERAGES,16,510
3009605,8/20/17,53,BREAD/BAKERY,10,335.096
3009606,8/20/17,53,CELEBRATION,0,6
3009607,8/20/17,53,CLEANING,12,489
3009608,8/20/17,53,DAIRY,18,335
3009609,8/20/17,53,DELI,10,110.476
3009610,8/20/17,53,EGGS,0,48
3009611,8/20/17,53,FROZEN FOODS,0,141
3009612,8/20/17,53,GROCERY I,29,1557
3009618,8/20/17,53,HOME CARE,7,204
3009624,8/20/17,53,MEATS,0,236.905
3009625,8/20/17,53,PERSONAL CARE,12,136
3009627,8/20/17,53,PLAYERS AND ELECTRONICS,0,12
3009628,8/20/17,53,POULTRY,0,164.829
3009629,8/20/17,53,PREPARED FOODS,0,56.444
3009630,8/20/17,53,PRODUCE,2,2711.263
3009632,8/20/17,53,SEAFOOD,0,5
3009633,8/20/17,54,AUTOMOTIVE,0,2
3009635,8/20/17,54,BEAUTY,1,1
3009636,8/20/17,54,BEVERAGES,29,872
3009638,8/20/17,54,BREAD/BAKERY,39,136
3009639,8/20/17,54,CELEBRATION,0,1
3009640,8/20/17,54,CLEANING,21,611
3009641,8/20/17,54,DAIRY,7,154
3009642,8/20/17,54,DELI,5,143
3009643,8/20/17,54,EGGS,1,30
3009644,8/20/17,54,FROZEN FOODS,1,10.166
3009645,8/20/17,54,GROCERY I,60,1519
3009646,8/20/17,54,GROCERY II,2,6
3009647,8/20/17,54,HARDWARE,0,2
3009648,8/20/17,54,HOME AND KITCHEN I,1,14
3009649,8/20/17,54,HOME AND KITCHEN II,0,11
3009651,8/20/17,54,HOME CARE,9,138
3009654,8/20/17,54,LINGERIE,0,9
3009657,8/20/17,54,MEATS,0,58.312
3009658,8/20/17,54,PERSONAL CARE,11,122
3009661,8/20/17,54,POULTRY,0,34.337
3009662,8/20/17,54,PREPARED FOODS,0,99
3009663,8/20/17,54,PRODUCE,0,653.491
3009665,8/20/17,54,SEAFOOD,0,3
3009668,8/20/17,6,BEAUTY,1,3
3009669,8/20/17,6,BEVERAGES,20,1050
3009671,8/20/17,6,BREAD/BAKERY,9,346.316
3009672,8/20/17,6,CELEBRATION,0,11
3009673,8/20/17,6,CLEANING,14,797
3009674,8/20/17,6,DAIRY,22,715
3009675,8/20/17,6,DELI,9,230.665
3009676,8/20/17,6,EGGS,0,144
3009677,8/20/17,6,FROZEN FOODS,0,135
3009678,8/20/17,6,GROCERY I,36,3073
3009684,8/20/17,6,HOME CARE,7,373
3009686,8/20/17,6,LAWN AND GARDEN,0,7
3009688,8/20/17,6,LIQUOR WINE BEER,5,59
3009690,8/20/17,6,MEATS,0,595.626
3009691,8/20/17,6,PERSONAL CARE,12,401
3009694,8/20/17,6,POULTRY,0,870.827
3009695,8/20/17,6,PREPARED FOODS,0,162.702
3009696,8/20/17,6,PRODUCE,5,29
3009698,8/20/17,6,SEAFOOD,0,40.726
3009702,8/20/17,7,BEVERAGES,15,2272
3009704,8/20/17,7,BREAD/BAKERY,8,518.276
3009705,8/20/17,7,CELEBRATION,0,17
3009706,8/20/17,7,CLEANING,7,1059
3009707,8/20/17,7,DAIRY,21,1025
3009708,8/20/17,7,DELI,10,163.209
3009709,8/20/17,7,EGGS,0,263
3009710,8/20/17,7,FROZEN FOODS,0,208
3009711,8/20/17,7,GROCERY I,32,3906
3009717,8/20/17,7,HOME CARE,6,308
3009719,8/20/17,7,LAWN AND GARDEN,0,24
3009723,8/20/17,7,MEATS,0,696.255
3009724,8/20/17,7,PERSONAL CARE,10,230
3009726,8/20/17,7,PLAYERS AND ELECTRONICS,0,14
3009727,8/20/17,7,POULTRY,0,887.265
3009728,8/20/17,7,PREPARED FOODS,0,212.95801
3009729,8/20/17,7,PRODUCE,3,2
3009731,8/20/17,7,SEAFOOD,0,72.985
3009735,8/20/17,8,BEVERAGES,18,1600
3009737,8/20/17,8,BREAD/BAKERY,12,509.29102
3009739,8/20/17,8,CLEANING,12,1200
3009740,8/20/17,8,DAIRY,21,1376
3009741,8/20/17,8,DELI,10,282.744
3009742,8/20/17,8,EGGS,0,358
3009743,8/20/17,8,FROZEN FOODS,0,170
3009744,8/20/17,8,GROCERY I,37,3998
3009750,8/20/17,8,HOME CARE,6,365
3009752,8/20/17,8,LAWN AND GARDEN,0,15
3009756,8/20/17,8,MEATS,0,1129.43
3009757,8/20/17,8,PERSONAL CARE,12,254
3009759,8/20/17,8,PLAYERS AND ELECTRONICS,0,12
3009760,8/20/17,8,POULTRY,0,588.473
3009761,8/20/17,8,PREPARED FOODS,0,226.95
3009762,8/20/17,8,PRODUCE,6,1
3009764,8/20/17,8,SEAFOOD,0,73.304
3009765,8/20/17,9,AUTOMOTIVE,0,21
3009768,8/20/17,9,BEVERAGES,30,2217
3009770,8/20/17,9,BREAD/BAKERY,74,521
3009772,8/20/17,9,CLEANING,24,1752
3009773,8/20/17,9,DAIRY,21,584
3009774,8/20/17,9,DELI,10,602.9347
3009775,8/20/17,9,EGGS,1,136
3009776,8/20/17,9,FROZEN FOODS,0,61.495
3009777,8/20/17,9,GROCERY I,67,7685
3009778,8/20/17,9,GROCERY II,4,18
3009780,8/20/17,9,HOME AND KITCHEN I,1,44
3009783,8/20/17,9,HOME CARE,12,696
3009784,8/20/17,9,LADIESWEAR,0,14
3009785,8/20/17,9,LAWN AND GARDEN,0,3
3009789,8/20/17,9,MEATS,0,404.3831
3009790,8/20/17,9,PERSONAL CARE,12,334
3009793,8/20/17,9,POULTRY,1,613.71704
3009794,8/20/17,9,PREPARED FOODS,0,56.86
3009795,8/20/17,9,PRODUCE,1,1906.603
3009797,8/20/17,9,SEAFOOD,0,22.9274
3009801,8/21/17,1,BEVERAGES,14,2803
3009803,8/21/17,1,BREAD/BAKERY,10,232.343
3009804,8/21/17,1,CELEBRATION,0,13
3009805,8/21/17,1,CLEANING,9,720
3009806,8/21/17,1,DAIRY,20,710
3009807,8/21/17,1,DELI,7,144.572
3009808,8/21/17,1,EGGS,0,163
3009809,8/21/17,1,FROZEN FOODS,0,97
3009810,8/21/17,1,GROCERY I,26,2327
3009816,8/21/17,1,HOME CARE,8,211
3009818,8/21/17,1,LAWN AND GARDEN,0,20
3009822,8/21/17,1,MEATS,0,712.06
3009823,8/21/17,1,PERSONAL CARE,11,145
3009825,8/21/17,1,PLAYERS AND ELECTRONICS,1,7
3009826,8/21/17,1,POULTRY,0,709.636
3009827,8/21/17,1,PREPARED FOODS,0,127.85
3009828,8/21/17,1,PRODUCE,3,3951.501
3009830,8/21/17,1,SEAFOOD,0,30.559
3009831,8/21/17,10,AUTOMOTIVE,0,5
3009833,8/21/17,10,BEAUTY,0,1
3009834,8/21/17,10,BEVERAGES,19,370
3009836,8/21/17,10,BREAD/BAKERY,5,112
3009838,8/21/17,10,CLEANING,17,776
3009839,8/21/17,10,DAIRY,7,336
3009840,8/21/17,10,DELI,2,205
3009841,8/21/17,10,EGGS,11,11
3009842,8/21/17,10,FROZEN FOODS,0,50.571
3009843,8/21/17,10,GROCERY I,50,2463
3009845,8/21/17,10,HARDWARE,0,2
3009846,8/21/17,10,HOME AND KITCHEN I,0,24
3009849,8/21/17,10,HOME CARE,8,310
3009852,8/21/17,10,LINGERIE,0,6
3009855,8/21/17,10,MEATS,0,205.056
3009856,8/21/17,10,PERSONAL CARE,10,131
3009859,8/21/17,10,POULTRY,0,216.878
3009860,8/21/17,10,PREPARED FOODS,0,19
3009861,8/21/17,10,PRODUCE,2,351.215
3009863,8/21/17,10,SEAFOOD,0,5
3009864,8/21/17,11,AUTOMOTIVE,0,6
3009867,8/21/17,11,BEVERAGES,33,1836
3009869,8/21/17,11,BREAD/BAKERY,8,576
3009870,8/21/17,11,CELEBRATION,0,31
3009871,8/21/17,11,CLEANING,22,1189
3009872,8/21/17,11,DAIRY,15,320
3009873,8/21/17,11,DELI,10,244.813
3009874,8/21/17,11,EGGS,18,88
3009875,8/21/17,11,FROZEN FOODS,0,52
3009876,8/21/17,11,GROCERY I,63,6304.683
3009877,8/21/17,11,GROCERY II,0,21
3009879,8/21/17,11,HOME AND KITCHEN I,1,13
3009880,8/21/17,11,HOME AND KITCHEN II,2,13
3009882,8/21/17,11,HOME CARE,8,933
3009883,8/21/17,11,LADIESWEAR,0,16
3009885,8/21/17,11,LINGERIE,0,14
3009886,8/21/17,11,LIQUOR WINE BEER,1,81
3009888,8/21/17,11,MEATS,0,694.64
3009889,8/21/17,11,PERSONAL CARE,10,234
3009891,8/21/17,11,PLAYERS AND ELECTRONICS,0,10
3009892,8/21/17,11,POULTRY,0,776.195
3009893,8/21/17,11,PREPARED FOODS,0,41
3009894,8/21/17,11,PRODUCE,3,1988.468
3009896,8/21/17,11,SEAFOOD,0,14
3009897,8/21/17,12,AUTOMOTIVE,0,9
3009900,8/21/17,12,BEVERAGES,19,517
3009902,8/21/17,12,BREAD/BAKERY,8,152
3009904,8/21/17,12,CLEANING,16,695
3009905,8/21/17,12,DAIRY,14,272
3009906,8/21/17,12,DELI,6,120
3009907,8/21/17,12,EGGS,11,70
3009908,8/21/17,12,FROZEN FOODS,0,52
3009909,8/21/17,12,GROCERY I,48,2088
3009921,8/21/17,12,MEATS,0,159.299
3009922,8/21/17,12,PERSONAL CARE,8,213
3009924,8/21/17,12,PLAYERS AND ELECTRONICS,0,6
3009925,8/21/17,12,POULTRY,0,305.056
3009927,8/21/17,12,PRODUCE,1,341.653
3009933,8/21/17,13,BEVERAGES,17,453
3009935,8/21/17,13,BREAD/BAKERY,7,103
3009937,8/21/17,13,CLEANING,21,594
3009938,8/21/17,13,DAIRY,11,238
3009939,8/21/17,13,DELI,1,85
3009940,8/21/17,13,EGGS,7,54
3009941,8/21/17,13,FROZEN FOODS,0,15
3009942,8/21/17,13,GROCERY I,52,1654
3009949,8/21/17,13,LADIESWEAR,0,5
3009954,8/21/17,13,MEATS,0,131.586
3009955,8/21/17,13,PERSONAL CARE,10,143
3009958,8/21/17,13,POULTRY,0,135.026
3009959,8/21/17,13,PREPARED FOODS,0,14
3009960,8/21/17,13,PRODUCE,1,299.712
3009963,8/21/17,14,AUTOMOTIVE,0,4
3009966,8/21/17,14,BEVERAGES,22,441
3009968,8/21/17,14,BREAD/BAKERY,6,174
3009969,8/21/17,14,CELEBRATION,0,4
3009970,8/21/17,14,CLEANING,19,816
3009971,8/21/17,14,DAIRY,13,483
3009972,8/21/17,14,DELI,4,131
3009973,8/21/17,14,EGGS,9,41
3009974,8/21/17,14,FROZEN FOODS,0,13
3009975,8/21/17,14,GROCERY I,50,1907
3009978,8/21/17,14,HOME AND KITCHEN I,0,8
3009984,8/21/17,14,LINGERIE,0,5
3009985,8/21/17,14,LIQUOR WINE BEER,0,7
3009987,8/21/17,14,MEATS,0,381.589
3009988,8/21/17,14,PERSONAL CARE,10,194
3009991,8/21/17,14,POULTRY,0,86.333
3009992,8/21/17,14,PREPARED FOODS,0,38
3009993,8/21/17,14,PRODUCE,1,479.677
3009996,8/21/17,15,AUTOMOTIVE,0,8
3009998,8/21/17,15,BEAUTY,1,1
3009999,8/21/17,15,BEVERAGES,24,612
3010001,8/21/17,15,BREAD/BAKERY,4,199
3010002,8/21/17,15,CELEBRATION,0,4
3010003,8/21/17,15,CLEANING,23,620
3010004,8/21/17,15,DAIRY,12,329
3010005,8/21/17,15,DELI,8,262
3010006,8/21/17,15,EGGS,13,55
3010007,8/21/17,15,FROZEN FOODS,0,23
3010008,8/21/17,15,GROCERY I,67,3720
3010014,8/21/17,15,HOME CARE,7,233
3010015,8/21/17,15,LADIESWEAR,0,12
3010017,8/21/17,15,LINGERIE,0,1
3010018,8/21/17,15,LIQUOR WINE BEER,0,35
3010020,8/21/17,15,MEATS,1,149.201
3010021,8/21/17,15,PERSONAL CARE,10,180
3010024,8/21/17,15,POULTRY,1,97.654
3010025,8/21/17,15,PREPARED FOODS,0,20
3010026,8/21/17,15,PRODUCE,4,903.658
3010028,8/21/17,15,SEAFOOD,0,3
3010029,8/21/17,16,AUTOMOTIVE,0,5
3010032,8/21/17,16,BEVERAGES,20,401
3010034,8/21/17,16,BREAD/BAKERY,8,181
3010036,8/21/17,16,CLEANING,19,838
3010037,8/21/17,16,DAIRY,8,508
3010038,8/21/17,16,DELI,6,221
3010039,8/21/17,16,EGGS,12,258
3010040,8/21/17,16,FROZEN FOODS,0,12
3010041,8/21/17,16,GROCERY I,57,2578
3010045,8/21/17,16,HOME AND KITCHEN II,1,9
3010053,8/21/17,16,MEATS,0,68.885
3010054,8/21/17,16,PERSONAL CARE,10,164
3010057,8/21/17,16,POULTRY,0,76.512
3010058,8/21/17,16,PREPARED FOODS,0,62
3010059,8/21/17,16,PRODUCE,0,1062.49
3010061,8/21/17,16,SEAFOOD,0,5
3010062,8/21/17,17,AUTOMOTIVE,0,5
3010065,8/21/17,17,BEVERAGES,20,1173
3010067,8/21/17,17,BREAD/BAKERY,11,204
3010069,8/21/17,17,CLEANING,18,772
3010070,8/21/17,17,DAIRY,17,404
3010071,8/21/17,17,DELI,8,232
3010072,8/21/17,17,EGGS,16,72
3010073,8/21/17,17,FROZEN FOODS,0,29
3010074,8/21/17,17,GROCERY I,56,2576
3010077,8/21/17,17,HOME AND KITCHEN I,1,19
3010080,8/21/17,17,HOME CARE,9,267
3010086,8/21/17,17,MEATS,0,220.509
3010087,8/21/17,17,PERSONAL CARE,11,130
3010090,8/21/17,17,POULTRY,1,348.53
3010091,8/21/17,17,PREPARED FOODS,0,59
3010092,8/21/17,17,PRODUCE,0,1054.232
3010094,8/21/17,17,SEAFOOD,0,20
3010095,8/21/17,18,AUTOMOTIVE,0,2
3010098,8/21/17,18,BEVERAGES,22,952
3010100,8/21/17,18,BREAD/BAKERY,8,656
3010102,8/21/17,18,CLEANING,17,602
3010103,8/21/17,18,DAIRY,20,444
3010104,8/21/17,18,DELI,10,154.771
3010105,8/21/17,18,EGGS,22,112
3010106,8/21/17,18,FROZEN FOODS,0,28
3010107,8/21/17,18,GROCERY I,63,1607.357
3010113,8/21/17,18,HOME CARE,9,204
3010119,8/21/17,18,MEATS,0,162.8255
3010120,8/21/17,18,PERSONAL CARE,11,118
3010123,8/21/17,18,POULTRY,1,165.4432
3010124,8/21/17,18,PREPARED FOODS,0,45
3010125,8/21/17,18,PRODUCE,1,2035.715
3010127,8/21/17,18,SEAFOOD,0,7.6296
3010131,8/21/17,19,BEVERAGES,21,1060
3010133,8/21/17,19,BREAD/BAKERY,8,222
3010135,8/21/17,19,CLEANING,19,1342
3010136,8/21/17,19,DAIRY,9,444
3010137,8/21/17,19,DELI,7,146
3010138,8/21/17,19,EGGS,12,243
3010139,8/21/17,19,FROZEN FOODS,0,31
3010140,8/21/17,19,GROCERY I,59,1987
3010146,8/21/17,19,HOME CARE,9,258
3010152,8/21/17,19,MEATS,0,140.98401
3010153,8/21/17,19,PERSONAL CARE,12,175
3010154,8/21/17,19,PET SUPPLIES,0,1
3010156,8/21/17,19,POULTRY,0,96.194
3010157,8/21/17,19,PREPARED FOODS,0,26
3010158,8/21/17,19,PRODUCE,1,424.717
3010164,8/21/17,2,BEVERAGES,16,1044
3010166,8/21/17,2,BREAD/BAKERY,12,338.022
3010167,8/21/17,2,CELEBRATION,0,10
3010168,8/21/17,2,CLEANING,10,838
3010169,8/21/17,2,DAIRY,18,827
3010170,8/21/17,2,DELI,8,232.299
3010171,8/21/17,2,EGGS,0,187
3010172,8/21/17,2,FROZEN FOODS,0,117
3010173,8/21/17,2,GROCERY I,38,3052
3010179,8/21/17,2,HOME CARE,5,294
3010181,8/21/17,2,LAWN AND GARDEN,0,9
3010184,8/21/17,2,MAGAZINES,0,3
3010185,8/21/17,2,MEATS,0,388.863
3010186,8/21/17,2,PERSONAL CARE,13,242
3010188,8/21/17,2,PLAYERS AND ELECTRONICS,0,8
3010189,8/21/17,2,POULTRY,0,713.881
3010190,8/21/17,2,PREPARED FOODS,0,122.783005
3010191,8/21/17,2,PRODUCE,4,37
3010193,8/21/17,2,SEAFOOD,0,33.77
3010296,8/21/17,23,BEVERAGES,7,397
3010298,8/21/17,23,BREAD/BAKERY,8,226.65
3010300,8/21/17,23,CLEANING,7,589
3010301,8/21/17,23,DAIRY,14,494
3010302,8/21/17,23,DELI,6,102.628
3010303,8/21/17,23,EGGS,0,45
3010304,8/21/17,23,FROZEN FOODS,0,81
3010305,8/21/17,23,GROCERY I,29,1557
3010311,8/21/17,23,HOME CARE,5,178
3010317,8/21/17,23,MEATS,0,555.362
3010318,8/21/17,23,PERSONAL CARE,10,218
3010320,8/21/17,23,PLAYERS AND ELECTRONICS,0,8
3010321,8/21/17,23,POULTRY,0,460.176
3010322,8/21/17,23,PREPARED FOODS,0,53.551
3010323,8/21/17,23,PRODUCE,3,3
3010325,8/21/17,23,SEAFOOD,0,21.391
3010329,8/21/17,24,BEVERAGES,16,2678
3010331,8/21/17,24,BREAD/BAKERY,12,720.787
3010333,8/21/17,24,CLEANING,7,858
3010334,8/21/17,24,DAIRY,19,905
3010335,8/21/17,24,DELI,8,193.168
3010336,8/21/17,24,EGGS,0,181
3010337,8/21/17,24,FROZEN FOODS,0,171.753
3010338,8/21/17,24,GROCERY I,36,2829
3010344,8/21/17,24,HOME CARE,7,294
3010346,8/21/17,24,LAWN AND GARDEN,0,8
3010350,8/21/17,24,MEATS,1,415.47
3010351,8/21/17,24,PERSONAL CARE,10,271
3010354,8/21/17,24,POULTRY,0,541.872
3010355,8/21/17,24,PREPARED FOODS,0,101.526
3010356,8/21/17,24,PRODUCE,3,6300.022
3010358,8/21/17,24,SEAFOOD,0,54.814
3010362,8/21/17,25,BEVERAGES,16,659
3010364,8/21/17,25,BREAD/BAKERY,12,289.614
3010365,8/21/17,25,CELEBRATION,0,9
3010366,8/21/17,25,CLEANING,7,392
3010367,8/21/17,25,DAIRY,18,388
3010368,8/21/17,25,DELI,7,132.409
3010369,8/21/17,25,EGGS,0,130
3010370,8/21/17,25,FROZEN FOODS,0,61
3010371,8/21/17,25,GROCERY I,26,945
3010377,8/21/17,25,HOME CARE,4,82
3010379,8/21/17,25,LAWN AND GARDEN,0,4
3010383,8/21/17,25,MEATS,0,284.116
3010384,8/21/17,25,PERSONAL CARE,6,84
3010387,8/21/17,25,POULTRY,0,244.18
3010388,8/21/17,25,PREPARED FOODS,0,70.653
3010389,8/21/17,25,PRODUCE,1,1920.234
3010391,8/21/17,25,SEAFOOD,0,5
3010395,8/21/17,26,BEVERAGES,10,307
3010397,8/21/17,26,BREAD/BAKERY,7,221
3010398,8/21/17,26,CELEBRATION,0,10
3010399,8/21/17,26,CLEANING,7,361
3010400,8/21/17,26,DAIRY,6,177
3010401,8/21/17,26,DELI,4,110.341
3010402,8/21/17,26,EGGS,0,37
3010403,8/21/17,26,FROZEN FOODS,0,25
3010404,8/21/17,26,GROCERY I,26,1101
3010410,8/21/17,26,HOME CARE,4,154
3010416,8/21/17,26,MEATS,1,328.973
3010417,8/21/17,26,PERSONAL CARE,5,108
3010419,8/21/17,26,PLAYERS AND ELECTRONICS,0,6
3010420,8/21/17,26,POULTRY,1,90.538
3010421,8/21/17,26,PREPARED FOODS,0,5
3010422,8/21/17,26,PRODUCE,1,623.403
3010424,8/21/17,26,SEAFOOD,0,3.53
3010428,8/21/17,27,BEVERAGES,17,2801
3010430,8/21/17,27,BREAD/BAKERY,10,402.836
3010431,8/21/17,27,CELEBRATION,0,18
3010432,8/21/17,27,CLEANING,8,444
3010433,8/21/17,27,DAIRY,22,507
3010434,8/21/17,27,DELI,8,192.817
3010435,8/21/17,27,EGGS,0,127
3010436,8/21/17,27,FROZEN FOODS,0,87
3010437,8/21/17,27,GROCERY I,30,2053
3010443,8/21/17,27,HOME CARE,7,213
3010445,8/21/17,27,LAWN AND GARDEN,0,7
3010449,8/21/17,27,MEATS,0,180.439
3010450,8/21/17,27,PERSONAL CARE,10,134
3010452,8/21/17,27,PLAYERS AND ELECTRONICS,0,3
3010453,8/21/17,27,POULTRY,0,278.428
3010454,8/21/17,27,PREPARED FOODS,0,89.805
3010455,8/21/17,27,PRODUCE,3,5
3010457,8/21/17,27,SEAFOOD,0,26.337
3010458,8/21/17,28,AUTOMOTIVE,0,15
3010461,8/21/17,28,BEVERAGES,28,938
3010463,8/21/17,28,BREAD/BAKERY,11,379
3010465,8/21/17,28,CLEANING,24,742
3010466,8/21/17,28,DAIRY,19,593
3010467,8/21/17,28,DELI,9,207.552
3010468,8/21/17,28,EGGS,21,576
3010469,8/21/17,28,FROZEN FOODS,0,25
3010470,8/21/17,28,GROCERY I,61,3055.992
3010471,8/21/17,28,GROCERY II,0,4
3010473,8/21/17,28,HOME AND KITCHEN I,2,27
3010475,8/21/17,28,HOME APPLIANCES,0,1
3010476,8/21/17,28,HOME CARE,6,247
3010479,8/21/17,28,LINGERIE,0,22
3010480,8/21/17,28,LIQUOR WINE BEER,2,226
3010482,8/21/17,28,MEATS,0,93.684
3010483,8/21/17,28,PERSONAL CARE,10,212
3010484,8/21/17,28,PET SUPPLIES,0,4
3010486,8/21/17,28,POULTRY,1,171.098
3010487,8/21/17,28,PREPARED FOODS,0,38.507
3010488,8/21/17,28,PRODUCE,1,2646.4429
3010490,8/21/17,28,SEAFOOD,0,3
3010527,8/21/17,3,BEVERAGES,16,3384
3010529,8/21/17,3,BREAD/BAKERY,12,877.256
3010530,8/21/17,3,CELEBRATION,0,16
3010531,8/21/17,3,CLEANING,11,1950
3010532,8/21/17,3,DAIRY,21,1697
3010533,8/21/17,3,DELI,9,328.706
3010534,8/21/17,3,EGGS,0,502
3010535,8/21/17,3,FROZEN FOODS,0,286.856
3010536,8/21/17,3,GROCERY I,37,6162
3010542,8/21/17,3,HOME CARE,8,560
3010544,8/21/17,3,LAWN AND GARDEN,0,22
3010548,8/21/17,3,MEATS,0,1135.474
3010549,8/21/17,3,PERSONAL CARE,14,323
3010551,8/21/17,3,PLAYERS AND ELECTRONICS,0,21
3010552,8/21/17,3,POULTRY,0,1613.129
3010553,8/21/17,3,PREPARED FOODS,0,487.036
3010554,8/21/17,3,PRODUCE,2,5
3010556,8/21/17,3,SEAFOOD,0,122.735
3010560,8/21/17,30,BEVERAGES,18,516
3010562,8/21/17,30,BREAD/BAKERY,6,115
3010564,8/21/17,30,CLEANING,15,337
3010565,8/21/17,30,DAIRY,13,207
3010566,8/21/17,30,DELI,2,92
3010567,8/21/17,30,EGGS,13,154
3010568,8/21/17,30,FROZEN FOODS,0,28
3010569,8/21/17,30,GROCERY I,45,1120
3010581,8/21/17,30,MEATS,0,83.821
3010582,8/21/17,30,PERSONAL CARE,6,84
3010585,8/21/17,30,POULTRY,0,123.522995
3010587,8/21/17,30,PRODUCE,0,823.68
3010590,8/21/17,31,AUTOMOTIVE,0,12
3010593,8/21/17,31,BEVERAGES,28,791
3010595,8/21/17,31,BREAD/BAKERY,6,288
3010596,8/21/17,31,CELEBRATION,0,6
3010597,8/21/17,31,CLEANING,26,754
3010598,8/21/17,31,DAIRY,14,877
3010599,8/21/17,31,DELI,6,199.965
3010600,8/21/17,31,EGGS,13,185
3010601,8/21/17,31,FROZEN FOODS,0,47.727
3010602,8/21/17,31,GROCERY I,64,2346.024
3010603,8/21/17,31,GROCERY II,0,7
3010605,8/21/17,31,HOME AND KITCHEN I,1,18
3010606,8/21/17,31,HOME AND KITCHEN II,2,8
3010608,8/21/17,31,HOME CARE,8,304
3010614,8/21/17,31,MEATS,0,399.5386
3010615,8/21/17,31,PERSONAL CARE,8,278
3010618,8/21/17,31,POULTRY,0,146.829
3010619,8/21/17,31,PREPARED FOODS,0,49
3010620,8/21/17,31,PRODUCE,1,2304.033
3010622,8/21/17,31,SEAFOOD,0,1
3010626,8/21/17,32,BEVERAGES,18,208
3010628,8/21/17,32,BREAD/BAKERY,6,101
3010630,8/21/17,32,CLEANING,15,231
3010631,8/21/17,32,DAIRY,6,84
3010632,8/21/17,32,DELI,1,80
3010633,8/21/17,32,EGGS,10,93
3010634,8/21/17,32,FROZEN FOODS,0,5
3010635,8/21/17,32,GROCERY I,48,807
3010638,8/21/17,32,HOME AND KITCHEN I,0,17
3010641,8/21/17,32,HOME CARE,3,81
3010644,8/21/17,32,LINGERIE,0,1
3010647,8/21/17,32,MEATS,0,60.69
3010648,8/21/17,32,PERSONAL CARE,5,64
3010651,8/21/17,32,POULTRY,0,82.32
3010653,8/21/17,32,PRODUCE,1,325.106
3010656,8/21/17,33,AUTOMOTIVE,0,3
3010658,8/21/17,33,BEAUTY,0,1
3010659,8/21/17,33,BEVERAGES,24,431
3010661,8/21/17,33,BREAD/BAKERY,10,231
3010662,8/21/17,33,CELEBRATION,0,5
3010663,8/21/17,33,CLEANING,15,692
3010664,8/21/17,33,DAIRY,10,380
3010665,8/21/17,33,DELI,6,160
3010666,8/21/17,33,EGGS,16,194
3010667,8/21/17,33,FROZEN FOODS,0,39
3010668,8/21/17,33,GROCERY I,54,2189
3010670,8/21/17,33,HARDWARE,0,1
3010671,8/21/17,33,HOME AND KITCHEN I,1,25
3010672,8/21/17,33,HOME AND KITCHEN II,1,5
3010673,8/21/17,33,HOME APPLIANCES,0,1
3010674,8/21/17,33,HOME CARE,8,190
3010677,8/21/17,33,LINGERIE,0,18
3010678,8/21/17,33,LIQUOR WINE BEER,0,111
3010680,8/21/17,33,MEATS,0,291.105
3010681,8/21/17,33,PERSONAL CARE,7,256
3010683,8/21/17,33,PLAYERS AND ELECTRONICS,0,4
3010684,8/21/17,33,POULTRY,0,245.133
3010685,8/21/17,33,PREPARED FOODS,0,31
3010686,8/21/17,33,PRODUCE,1,2103.285
3010688,8/21/17,33,SEAFOOD,0,8
3010689,8/21/17,34,AUTOMOTIVE,0,5
3010692,8/21/17,34,BEVERAGES,18,1064
3010694,8/21/17,34,BREAD/BAKERY,13,470
3010695,8/21/17,34,CELEBRATION,0,28
3010696,8/21/17,34,CLEANING,26,844
3010697,8/21/17,34,DAIRY,12,526
3010698,8/21/17,34,DELI,7,185.98
3010699,8/21/17,34,EGGS,15,135
3010700,8/21/17,34,FROZEN FOODS,0,111.486
3010701,8/21/17,34,GROCERY I,62,2515.524
3010702,8/21/17,34,GROCERY II,0,5
3010704,8/21/17,34,HOME AND KITCHEN I,0,25
3010705,8/21/17,34,HOME AND KITCHEN II,1,44
3010706,8/21/17,34,HOME APPLIANCES,0,1
3010707,8/21/17,34,HOME CARE,9,343
3010710,8/21/17,34,LINGERIE,0,18
3010713,8/21/17,34,MEATS,0,198.817
3010714,8/21/17,34,PERSONAL CARE,11,304
3010717,8/21/17,34,POULTRY,0,157.826
3010718,8/21/17,34,PREPARED FOODS,0,27
3010719,8/21/17,34,PRODUCE,0,1492.19
3010721,8/21/17,34,SEAFOOD,0,9
3010722,8/21/17,35,AUTOMOTIVE,0,1
3010724,8/21/17,35,BEAUTY,0,1
3010725,8/21/17,35,BEVERAGES,22,374
3010727,8/21/17,35,BREAD/BAKERY,6,50
3010728,8/21/17,35,CELEBRATION,0,7
3010729,8/21/17,35,CLEANING,17,205
3010730,8/21/17,35,DAIRY,2,109
3010731,8/21/17,35,DELI,6,26
3010732,8/21/17,35,EGGS,13,108
3010733,8/21/17,35,FROZEN FOODS,0,11.877
3010734,8/21/17,35,GROCERY I,52,862
3010735,8/21/17,35,GROCERY II,0,3
3010736,8/21/17,35,HARDWARE,0,1
3010737,8/21/17,35,HOME AND KITCHEN I,0,11
3010738,8/21/17,35,HOME AND KITCHEN II,0,13
3010739,8/21/17,35,HOME APPLIANCES,0,1
3010740,8/21/17,35,HOME CARE,7,104
3010743,8/21/17,35,LINGERIE,0,7
3010746,8/21/17,35,MEATS,0,193.307
3010747,8/21/17,35,PERSONAL CARE,7,43
3010750,8/21/17,35,POULTRY,0,81.097
3010751,8/21/17,35,PREPARED FOODS,0,19
3010752,8/21/17,35,PRODUCE,1,627.733
3010754,8/21/17,35,SEAFOOD,0,1
3010755,8/21/17,36,AUTOMOTIVE,0,5
3010758,8/21/17,36,BEVERAGES,29,1025
3010760,8/21/17,36,BREAD/BAKERY,11,465
3010761,8/21/17,36,CELEBRATION,0,9
3010762,8/21/17,36,CLEANING,22,859
3010763,8/21/17,36,DAIRY,14,528
3010764,8/21/17,36,DELI,6,154.806
3010765,8/21/17,36,EGGS,19,115
3010766,8/21/17,36,FROZEN FOODS,0,78.06
3010767,8/21/17,36,GROCERY I,59,1881.333
3010770,8/21/17,36,HOME AND KITCHEN I,0,31
3010771,8/21/17,36,HOME AND KITCHEN II,1,5
3010773,8/21/17,36,HOME CARE,8,269
3010775,8/21/17,36,LAWN AND GARDEN,0,4
3010776,8/21/17,36,LINGERIE,0,14
3010779,8/21/17,36,MEATS,0,107.645
3010780,8/21/17,36,PERSONAL CARE,10,169
3010783,8/21/17,36,POULTRY,0,76.678
3010784,8/21/17,36,PREPARED FOODS,0,30.554
3010785,8/21/17,36,PRODUCE,2,2792.749
3010787,8/21/17,36,SEAFOOD,0,1
3010791,8/21/17,37,BEVERAGES,14,1064
3010793,8/21/17,37,BREAD/BAKERY,12,488.135
3010794,8/21/17,37,CELEBRATION,0,11
3010795,8/21/17,37,CLEANING,10,1074
3010796,8/21/17,37,DAIRY,20,938
3010797,8/21/17,37,DELI,9,116.798996
3010798,8/21/17,37,EGGS,0,181
3010799,8/21/17,37,FROZEN FOODS,0,191
3010800,8/21/17,37,GROCERY I,33,3404
3010806,8/21/17,37,HOME CARE,7,376
3010808,8/21/17,37,LAWN AND GARDEN,0,10
3010812,8/21/17,37,MEATS,0,543.763
3010813,8/21/17,37,PERSONAL CARE,12,212
3010815,8/21/17,37,PLAYERS AND ELECTRONICS,0,13
3010816,8/21/17,37,POULTRY,0,264.094
3010817,8/21/17,37,PREPARED FOODS,0,164.836
3010818,8/21/17,37,PRODUCE,3,7
3010820,8/21/17,37,SEAFOOD,0,17.774
3010824,8/21/17,38,BEVERAGES,15,611
3010826,8/21/17,38,BREAD/BAKERY,10,698.825
3010827,8/21/17,38,CELEBRATION,0,14
3010828,8/21/17,38,CLEANING,11,847
3010829,8/21/17,38,DAIRY,14,827
3010830,8/21/17,38,DELI,9,180.008
3010831,8/21/17,38,EGGS,0,98
3010832,8/21/17,38,FROZEN FOODS,0,160
3010833,8/21/17,38,GROCERY I,35,2870
3010839,8/21/17,38,HOME CARE,6,443
3010841,8/21/17,38,LAWN AND GARDEN,0,7
3010843,8/21/17,38,LIQUOR WINE BEER,6,32
3010845,8/21/17,38,MEATS,0,155.259
3010846,8/21/17,38,PERSONAL CARE,11,269
3010848,8/21/17,38,PLAYERS AND ELECTRONICS,0,11
3010849,8/21/17,38,POULTRY,0,172.089
3010850,8/21/17,38,PREPARED FOODS,0,165.418
3010851,8/21/17,38,PRODUCE,2,1
3010853,8/21/17,38,SEAFOOD,0,19.067001
3010854,8/21/17,39,AUTOMOTIVE,0,4
3010856,8/21/17,39,BEAUTY,0,3
3010857,8/21/17,39,BEVERAGES,24,658
3010859,8/21/17,39,BREAD/BAKERY,9,539
3010861,8/21/17,39,CLEANING,23,1056
3010862,8/21/17,39,DAIRY,22,535
3010863,8/21/17,39,DELI,9,134.31
3010864,8/21/17,39,EGGS,21,221
3010865,8/21/17,39,FROZEN FOODS,0,43
3010866,8/21/17,39,GROCERY I,65,3484.952
3010868,8/21/17,39,HARDWARE,0,1
3010870,8/21/17,39,HOME AND KITCHEN II,1,14
3010872,8/21/17,39,HOME CARE,9,292
3010873,8/21/17,39,LADIESWEAR,0,14
3010874,8/21/17,39,LAWN AND GARDEN,0,8
3010875,8/21/17,39,LINGERIE,1,8
3010878,8/21/17,39,MEATS,0,112.365
3010879,8/21/17,39,PERSONAL CARE,11,203
3010882,8/21/17,39,POULTRY,0,167.5024
3010883,8/21/17,39,PREPARED FOODS,0,84.007
3010884,8/21/17,39,PRODUCE,1,2463.323
3010886,8/21/17,39,SEAFOOD,0,11
3010890,8/21/17,4,BEVERAGES,18,1821
3010892,8/21/17,4,BREAD/BAKERY,8,267.395
3010893,8/21/17,4,CELEBRATION,0,5
3010894,8/21/17,4,CLEANING,10,542
3010895,8/21/17,4,DAIRY,21,558
3010896,8/21/17,4,DELI,10,178.768
3010897,8/21/17,4,EGGS,0,135
3010898,8/21/17,4,FROZEN FOODS,0,104.375
3010899,8/21/17,4,GROCERY I,29,2055
3010905,8/21/17,4,HOME CARE,5,364
3010907,8/21/17,4,LAWN AND GARDEN,0,10
3010911,8/21/17,4,MEATS,0,231.781
3010914,8/21/17,4,PLAYERS AND ELECTRONICS,0,8
3010915,8/21/17,4,POULTRY,0,530.02
3010916,8/21/17,4,PREPARED FOODS,0,88.19
3010917,8/21/17,4,PRODUCE,2,3832.635
3010919,8/21/17,4,SEAFOOD,0,41.473
3010920,8/21/17,40,AUTOMOTIVE,0,6
3010923,8/21/17,40,BEVERAGES,29,863
3010925,8/21/17,40,BREAD/BAKERY,9,292
3010926,8/21/17,40,CELEBRATION,0,21
3010927,8/21/17,40,CLEANING,23,807
3010928,8/21/17,40,DAIRY,12,555
3010929,8/21/17,40,DELI,7,216
3010930,8/21/17,40,EGGS,14,102
3010931,8/21/17,40,FROZEN FOODS,0,36.973
3010932,8/21/17,40,GROCERY I,58,3122
3010933,8/21/17,40,GROCERY II,0,12
3010935,8/21/17,40,HOME AND KITCHEN I,1,36
3010936,8/21/17,40,HOME AND KITCHEN II,0,9
3010937,8/21/17,40,HOME APPLIANCES,0,1
3010938,8/21/17,40,HOME CARE,9,210
3010941,8/21/17,40,LINGERIE,0,20
3010944,8/21/17,40,MEATS,0,120.335
3010945,8/21/17,40,PERSONAL CARE,9,144
3010948,8/21/17,40,POULTRY,1,145.491
3010949,8/21/17,40,PREPARED FOODS,0,43
3010950,8/21/17,40,PRODUCE,1,1946.614
3010952,8/21/17,40,SEAFOOD,0,5
3010956,8/21/17,41,BEVERAGES,18,618
3010958,8/21/17,41,BREAD/BAKERY,12,289.626
3010959,8/21/17,41,CELEBRATION,0,4
3010960,8/21/17,41,CLEANING,10,640
3010961,8/21/17,41,DAIRY,19,391
3010962,8/21/17,41,DELI,9,200.048
3010963,8/21/17,41,EGGS,0,94
3010964,8/21/17,41,FROZEN FOODS,0,118.998
3010965,8/21/17,41,GROCERY I,33,1913
3010971,8/21/17,41,HOME CARE,4,222
3010973,8/21/17,41,LAWN AND GARDEN,0,5
3010977,8/21/17,41,MEATS,0,103.837
3010978,8/21/17,41,PERSONAL CARE,7,389
3010979,8/21/17,41,PET SUPPLIES,0,6
3010981,8/21/17,41,POULTRY,0,145.053
3010982,8/21/17,41,PREPARED FOODS,0,46.353
3010983,8/21/17,41,PRODUCE,3,2
3010985,8/21/17,41,SEAFOOD,0,12
3011019,8/21/17,43,AUTOMOTIVE,0,4
3011022,8/21/17,43,BEVERAGES,22,1480
3011024,8/21/17,43,BREAD/BAKERY,9,164
3011026,8/21/17,43,CLEANING,20,611
3011027,8/21/17,43,DAIRY,19,300
3011028,8/21/17,43,DELI,8,127
3011029,8/21/17,43,EGGS,18,92
3011030,8/21/17,43,FROZEN FOODS,0,18.630001
3011031,8/21/17,43,GROCERY I,61,2158
3011035,8/21/17,43,HOME AND KITCHEN II,1,12
3011037,8/21/17,43,HOME CARE,7,228
3011043,8/21/17,43,MEATS,0,80.836
3011044,8/21/17,43,PERSONAL CARE,11,142
3011047,8/21/17,43,POULTRY,0,118.133995
3011048,8/21/17,43,PREPARED FOODS,0,84
3011049,8/21/17,43,PRODUCE,0,890.72
3011052,8/21/17,44,AUTOMOTIVE,0,34
3011055,8/21/17,44,BEVERAGES,17,8783
3011057,8/21/17,44,BREAD/BAKERY,11,1080.753
3011058,8/21/17,44,CELEBRATION,0,11
3011059,8/21/17,44,CLEANING,12,2404
3011060,8/21/17,44,DAIRY,22,2129
3011061,8/21/17,44,DELI,9,605.141
3011062,8/21/17,44,EGGS,0,745
3011063,8/21/17,44,FROZEN FOODS,0,525.873
3011064,8/21/17,44,GROCERY I,37,7764
3011065,8/21/17,44,GROCERY II,0,75
3011070,8/21/17,44,HOME CARE,8,615
3011076,8/21/17,44,MEATS,0,1504.193
3011077,8/21/17,44,PERSONAL CARE,12,416
3011079,8/21/17,44,PLAYERS AND ELECTRONICS,1,36
3011080,8/21/17,44,POULTRY,0,1565.993
3011081,8/21/17,44,PREPARED FOODS,0,613.183
3011082,8/21/17,44,PRODUCE,3,15184.537
3011084,8/21/17,44,SEAFOOD,0,145.82199
3011085,8/21/17,45,AUTOMOTIVE,0,14
3011088,8/21/17,45,BEVERAGES,19,3022
3011090,8/21/17,45,BREAD/BAKERY,12,861.942
3011091,8/21/17,45,CELEBRATION,0,26
3011092,8/21/17,45,CLEANING,11,1790
3011093,8/21/17,45,DAIRY,21,1741
3011094,8/21/17,45,DELI,9,592.109
3011095,8/21/17,45,EGGS,0,363
3011096,8/21/17,45,FROZEN FOODS,0,223.435
3011097,8/21/17,45,GROCERY I,39,6509
3011103,8/21/17,45,HOME CARE,7,789
3011109,8/21/17,45,MEATS,0,1599.408
3011110,8/21/17,45,PERSONAL CARE,14,409
3011112,8/21/17,45,PLAYERS AND ELECTRONICS,0,18
3011113,8/21/17,45,POULTRY,0,1571.412
3011114,8/21/17,45,PREPARED FOODS,0,276.04
3011115,8/21/17,45,PRODUCE,3,16
3011117,8/21/17,45,SEAFOOD,0,121.899
3011118,8/21/17,46,AUTOMOTIVE,0,17
3011121,8/21/17,46,BEVERAGES,18,4793
3011123,8/21/17,46,BREAD/BAKERY,11,748.534
3011124,8/21/17,46,CELEBRATION,0,17
3011125,8/21/17,46,CLEANING,9,1887
3011126,8/21/17,46,DAIRY,22,1540
3011127,8/21/17,46,DELI,10,851.216
3011128,8/21/17,46,EGGS,0,153
3011129,8/21/17,46,FROZEN FOODS,0,257.501
3011130,8/21/17,46,GROCERY I,38,6903
3011133,8/21/17,46,HOME AND KITCHEN I,0,43
3011136,8/21/17,46,HOME CARE,7,757
3011138,8/21/17,46,LAWN AND GARDEN,0,10
3011142,8/21/17,46,MEATS,0,1142.723
3011143,8/21/17,46,PERSONAL CARE,12,555
3011145,8/21/17,46,PLAYERS AND ELECTRONICS,2,38
3011146,8/21/17,46,POULTRY,1,1074.8201
3011147,8/21/17,46,PREPARED FOODS,0,170.36499
3011148,8/21/17,46,PRODUCE,3,2508.452
3011150,8/21/17,46,SEAFOOD,0,47.05
3011151,8/21/17,47,AUTOMOTIVE,0,33
3011154,8/21/17,47,BEVERAGES,17,3052
3011156,8/21/17,47,BREAD/BAKERY,12,1381.06
3011157,8/21/17,47,CELEBRATION,0,16
3011158,8/21/17,47,CLEANING,13,2076
3011159,8/21/17,47,DAIRY,21,2038
3011160,8/21/17,47,DELI,10,715.537
3011161,8/21/17,47,EGGS,0,345
3011162,8/21/17,47,FROZEN FOODS,0,260.854
3011163,8/21/17,47,GROCERY I,42,8134
3011169,8/21/17,47,HOME CARE,8,852
3011171,8/21/17,47,LAWN AND GARDEN,0,25
3011175,8/21/17,47,MEATS,0,1231.028
3011176,8/21/17,47,PERSONAL CARE,16,880
3011178,8/21/17,47,PLAYERS AND ELECTRONICS,0,10
3011179,8/21/17,47,POULTRY,0,1592.196
3011180,8/21/17,47,PREPARED FOODS,0,339.046
3011181,8/21/17,47,PRODUCE,3,8630.106
3011183,8/21/17,47,SEAFOOD,0,96.708
3011184,8/21/17,48,AUTOMOTIVE,0,11
3011187,8/21/17,48,BEVERAGES,12,1390
3011189,8/21/17,48,BREAD/BAKERY,12,437.845
3011190,8/21/17,48,CELEBRATION,0,25
3011191,8/21/17,48,CLEANING,12,1315
3011192,8/21/17,48,DAIRY,19,872
3011193,8/21/17,48,DELI,8,404.964
3011194,8/21/17,48,EGGS,0,62
3011195,8/21/17,48,FROZEN FOODS,0,119.081
3011196,8/21/17,48,GROCERY I,38,4600
3011198,8/21/17,48,HARDWARE,0,3
3011202,8/21/17,48,HOME CARE,8,822
3011208,8/21/17,48,MEATS,0,1003.731
3011209,8/21/17,48,PERSONAL CARE,11,500
3011211,8/21/17,48,PLAYERS AND ELECTRONICS,0,22
3011212,8/21/17,48,POULTRY,0,754.414
3011213,8/21/17,48,PREPARED FOODS,0,117.881
3011214,8/21/17,48,PRODUCE,2,2135.061
3011216,8/21/17,48,SEAFOOD,0,11.071
3011217,8/21/17,49,AUTOMOTIVE,0,12
3011220,8/21/17,49,BEVERAGES,17,6090
3011222,8/21/17,49,BREAD/BAKERY,11,716.128
3011224,8/21/17,49,CLEANING,8,1550
3011225,8/21/17,49,DAIRY,21,1716
3011226,8/21/17,49,DELI,9,313.102
3011227,8/21/17,49,EGGS,0,375
3011228,8/21/17,49,FROZEN FOODS,0,307.788
3011229,8/21/17,49,GROCERY I,39,5463
3011235,8/21/17,49,HOME CARE,6,358
3011237,8/21/17,49,LAWN AND GARDEN,0,15
3011241,8/21/17,49,MEATS,0,983.105
3011242,8/21/17,49,PERSONAL CARE,11,270
3011244,8/21/17,49,PLAYERS AND ELECTRONICS,0,30
3011245,8/21/17,49,POULTRY,0,1041.163
3011246,8/21/17,49,PREPARED FOODS,0,326.18
3011247,8/21/17,49,PRODUCE,2,8248.459
3011249,8/21/17,49,SEAFOOD,0,96.911
3011253,8/21/17,5,BEVERAGES,15,681
3011255,8/21/17,5,BREAD/BAKERY,8,275.637
3011256,8/21/17,5,CELEBRATION,0,27
3011257,8/21/17,5,CLEANING,11,838
3011258,8/21/17,5,DAIRY,16,510
3011259,8/21/17,5,DELI,8,305.384
3011260,8/21/17,5,EGGS,0,117
3011261,8/21/17,5,FROZEN FOODS,0,125.135
3011262,8/21/17,5,GROCERY I,35,2713
3011268,8/21/17,5,HOME CARE,7,337
3011270,8/21/17,5,LAWN AND GARDEN,0,1
3011274,8/21/17,5,MEATS,0,279.986
3011275,8/21/17,5,PERSONAL CARE,13,256
3011278,8/21/17,5,POULTRY,0,241.7
3011279,8/21/17,5,PREPARED FOODS,0,78.573
3011280,8/21/17,5,PRODUCE,2,4
3011282,8/21/17,5,SEAFOOD,0,30.582
3011283,8/21/17,50,AUTOMOTIVE,0,17
3011286,8/21/17,50,BEVERAGES,16,1463
3011288,8/21/17,50,BREAD/BAKERY,10,466.783
3011289,8/21/17,50,CELEBRATION,0,29
3011290,8/21/17,50,CLEANING,11,1421
3011291,8/21/17,50,DAIRY,19,1094
3011292,8/21/17,50,DELI,10,368.328
3011293,8/21/17,50,EGGS,0,103
3011294,8/21/17,50,FROZEN FOODS,0,123
3011295,8/21/17,50,GROCERY I,34,5329
3011299,8/21/17,50,HOME AND KITCHEN II,2,29
3011301,8/21/17,50,HOME CARE,7,505
3011307,8/21/17,50,MEATS,0,521.215
3011308,8/21/17,50,PERSONAL CARE,12,295
3011310,8/21/17,50,PLAYERS AND ELECTRONICS,0,21
3011311,8/21/17,50,POULTRY,0,531.095
3011312,8/21/17,50,PREPARED FOODS,0,116.573
3011313,8/21/17,50,PRODUCE,3,2931.032
3011315,8/21/17,50,SEAFOOD,0,29.085001
3011319,8/21/17,51,BEVERAGES,19,7311
3011321,8/21/17,51,BREAD/BAKERY,10,1148.096
3011322,8/21/17,51,CELEBRATION,0,8
3011323,8/21/17,51,CLEANING,11,2098
3011324,8/21/17,51,DAIRY,19,2104
3011325,8/21/17,51,DELI,8,328.069
3011326,8/21/17,51,EGGS,0,367
3011327,8/21/17,51,FROZEN FOODS,0,628.92
3011328,8/21/17,51,GROCERY I,34,6223
3011331,8/21/17,51,HOME AND KITCHEN I,0,5
3011334,8/21/17,51,HOME CARE,6,400
3011336,8/21/17,51,LAWN AND GARDEN,0,6
3011340,8/21/17,51,MEATS,0,509.478
3011341,8/21/17,51,PERSONAL CARE,12,544
3011343,8/21/17,51,PLAYERS AND ELECTRONICS,0,20
3011344,8/21/17,51,POULTRY,0,694.898
3011345,8/21/17,51,PREPARED FOODS,0,200
3011346,8/21/17,51,PRODUCE,2,9940.145
3011348,8/21/17,51,SEAFOOD,0,111.006
3011385,8/21/17,53,BEVERAGES,17,510
3011387,8/21/17,53,BREAD/BAKERY,12,335.096
3011388,8/21/17,53,CELEBRATION,0,6
3011389,8/21/17,53,CLEANING,10,489
3011390,8/21/17,53,DAIRY,16,335
3011391,8/21/17,53,DELI,10,110.476
3011392,8/21/17,53,EGGS,0,48
3011393,8/21/17,53,FROZEN FOODS,0,141
3011394,8/21/17,53,GROCERY I,30,1557
3011400,8/21/17,53,HOME CARE,6,204
3011406,8/21/17,53,MEATS,0,236.905
3011407,8/21/17,53,PERSONAL CARE,9,136
3011409,8/21/17,53,PLAYERS AND ELECTRONICS,0,12
3011410,8/21/17,53,POULTRY,0,164.829
3011411,8/21/17,53,PREPARED FOODS,0,56.444
3011412,8/21/17,53,PRODUCE,2,2711.263
3011414,8/21/17,53,SEAFOOD,0,5
3011415,8/21/17,54,AUTOMOTIVE,0,2
3011417,8/21/17,54,BEAUTY,1,1
3011418,8/21/17,54,BEVERAGES,24,872
3011420,8/21/17,54,BREAD/BAKERY,8,136
3011421,8/21/17,54,CELEBRATION,0,1
3011422,8/21/17,54,CLEANING,18,611
3011423,8/21/17,54,DAIRY,5,154
3011424,8/21/17,54,DELI,5,143
3011425,8/21/17,54,EGGS,11,30
3011426,8/21/17,54,FROZEN FOODS,0,10.166
3011427,8/21/17,54,GROCERY I,58,1519
3011428,8/21/17,54,GROCERY II,0,6
3011429,8/21/17,54,HARDWARE,0,2
3011430,8/21/17,54,HOME AND KITCHEN I,1,14
3011431,8/21/17,54,HOME AND KITCHEN II,1,11
3011433,8/21/17,54,HOME CARE,7,138
3011436,8/21/17,54,LINGERIE,0,9
3011439,8/21/17,54,MEATS,0,58.312
3011440,8/21/17,54,PERSONAL CARE,10,122
3011443,8/21/17,54,POULTRY,0,34.337
3011444,8/21/17,54,PREPARED FOODS,0,99
3011445,8/21/17,54,PRODUCE,0,653.491
3011447,8/21/17,54,SEAFOOD,0,3
3011450,8/21/17,6,BEAUTY,1,3
3011451,8/21/17,6,BEVERAGES,19,1050
3011453,8/21/17,6,BREAD/BAKERY,6,346.316
3011454,8/21/17,6,CELEBRATION,0,11
3011455,8/21/17,6,CLEANING,11,797
3011456,8/21/17,6,DAIRY,20,715
3011457,8/21/17,6,DELI,9,230.665
3011458,8/21/17,6,EGGS,0,144
3011459,8/21/17,6,FROZEN FOODS,0,135
3011460,8/21/17,6,GROCERY I,39,3073
3011466,8/21/17,6,HOME CARE,8,373
3011468,8/21/17,6,LAWN AND GARDEN,0,7
3011470,8/21/17,6,LIQUOR WINE BEER,1,59
3011472,8/21/17,6,MEATS,0,595.626
3011473,8/21/17,6,PERSONAL CARE,13,401
3011476,8/21/17,6,POULTRY,0,870.827
3011477,8/21/17,6,PREPARED FOODS,0,162.702
3011478,8/21/17,6,PRODUCE,2,29
3011480,8/21/17,6,SEAFOOD,0,40.726
3011484,8/21/17,7,BEVERAGES,16,2272
3011486,8/21/17,7,BREAD/BAKERY,12,518.276
3011487,8/21/17,7,CELEBRATION,0,17
3011488,8/21/17,7,CLEANING,8,1059
3011489,8/21/17,7,DAIRY,22,1025
3011490,8/21/17,7,DELI,8,163.209
3011491,8/21/17,7,EGGS,0,263
3011492,8/21/17,7,FROZEN FOODS,0,208
3011493,8/21/17,7,GROCERY I,31,3906
3011499,8/21/17,7,HOME CARE,8,308
3011501,8/21/17,7,LAWN AND GARDEN,0,24
3011505,8/21/17,7,MEATS,0,696.255
3011506,8/21/17,7,PERSONAL CARE,11,230
3011508,8/21/17,7,PLAYERS AND ELECTRONICS,0,14
3011509,8/21/17,7,POULTRY,0,887.265
3011510,8/21/17,7,PREPARED FOODS,0,212.95801
3011511,8/21/17,7,PRODUCE,2,2
3011513,8/21/17,7,SEAFOOD,0,72.985
3011517,8/21/17,8,BEVERAGES,17,1600
3011519,8/21/17,8,BREAD/BAKERY,12,509.29102
3011521,8/21/17,8,CLEANING,11,1200
3011522,8/21/17,8,DAIRY,20,1376
3011523,8/21/17,8,DELI,10,282.744
3011524,8/21/17,8,EGGS,0,358
3011525,8/21/17,8,FROZEN FOODS,0,170
3011526,8/21/17,8,GROCERY I,35,3998
3011532,8/21/17,8,HOME CARE,7,365
3011534,8/21/17,8,LAWN AND GARDEN,0,15
3011538,8/21/17,8,MEATS,0,1129.43
3011539,8/21/17,8,PERSONAL CARE,10,254
3011541,8/21/17,8,PLAYERS AND ELECTRONICS,0,12
3011542,8/21/17,8,POULTRY,0,588.473
3011543,8/21/17,8,PREPARED FOODS,0,226.95
3011544,8/21/17,8,PRODUCE,3,1
3011546,8/21/17,8,SEAFOOD,0,73.304
3011547,8/21/17,9,AUTOMOTIVE,0,21
3011550,8/21/17,9,BEVERAGES,28,2217
3011552,8/21/17,9,BREAD/BAKERY,11,521
3011554,8/21/17,9,CLEANING,27,1752
3011555,8/21/17,9,DAIRY,18,584
3011556,8/21/17,9,DELI,7,602.9347
3011557,8/21/17,9,EGGS,19,136
3011558,8/21/17,9,FROZEN FOODS,0,61.495
3011559,8/21/17,9,GROCERY I,64,7685
3011560,8/21/17,9,GROCERY II,0,18
3011562,8/21/17,9,HOME AND KITCHEN I,0,44
3011565,8/21/17,9,HOME CARE,12,696
3011566,8/21/17,9,LADIESWEAR,0,14
3011567,8/21/17,9,LAWN AND GARDEN,0,3
3011571,8/21/17,9,MEATS,0,404.3831
3011572,8/21/17,9,PERSONAL CARE,13,334
3011575,8/21/17,9,POULTRY,0,613.71704
3011576,8/21/17,9,PREPARED FOODS,0,56.86
3011577,8/21/17,9,PRODUCE,1,1906.603
3011579,8/21/17,9,SEAFOOD,0,22.9274
3011583,8/22/17,1,BEVERAGES,9,2803
3011585,8/22/17,1,BREAD/BAKERY,6,232.343
3011586,8/22/17,1,CELEBRATION,0,13
3011587,8/22/17,1,CLEANING,10,720
3011588,8/22/17,1,DAIRY,18,710
3011589,8/22/17,1,DELI,7,144.572
3011590,8/22/17,1,EGGS,0,163
3011591,8/22/17,1,FROZEN FOODS,0,97
3011592,8/22/17,1,GROCERY I,27,2327
3011598,8/22/17,1,HOME CARE,7,211
3011600,8/22/17,1,LAWN AND GARDEN,0,20
3011604,8/22/17,1,MEATS,0,712.06
3011605,8/22/17,1,PERSONAL CARE,9,145
3011607,8/22/17,1,PLAYERS AND ELECTRONICS,2,7
3011608,8/22/17,1,POULTRY,1,709.636
3011609,8/22/17,1,PREPARED FOODS,0,127.85
3011610,8/22/17,1,PRODUCE,3,3951.501
3011612,8/22/17,1,SEAFOOD,0,30.559
3011613,8/22/17,10,AUTOMOTIVE,0,5
3011615,8/22/17,10,BEAUTY,0,1
3011616,8/22/17,10,BEVERAGES,15,370
3011618,8/22/17,10,BREAD/BAKERY,6,112
3011620,8/22/17,10,CLEANING,13,776
3011621,8/22/17,10,DAIRY,7,336
3011622,8/22/17,10,DELI,1,205
3011623,8/22/17,10,EGGS,1,11
3011624,8/22/17,10,FROZEN FOODS,0,50.571
3011625,8/22/17,10,GROCERY I,51,2463
3011627,8/22/17,10,HARDWARE,0,2
3011628,8/22/17,10,HOME AND KITCHEN I,0,24
3011631,8/22/17,10,HOME CARE,7,310
3011634,8/22/17,10,LINGERIE,0,6
3011637,8/22/17,10,MEATS,0,205.056
3011638,8/22/17,10,PERSONAL CARE,8,131
3011641,8/22/17,10,POULTRY,0,216.878
3011642,8/22/17,10,PREPARED FOODS,0,19
3011643,8/22/17,10,PRODUCE,64,351.215
3011645,8/22/17,10,SEAFOOD,0,5
3011646,8/22/17,11,AUTOMOTIVE,0,6
3011649,8/22/17,11,BEVERAGES,36,1836
3011651,8/22/17,11,BREAD/BAKERY,9,576
3011652,8/22/17,11,CELEBRATION,0,31
3011653,8/22/17,11,CLEANING,28,1189
3011654,8/22/17,11,DAIRY,20,320
3011655,8/22/17,11,DELI,10,244.813
3011656,8/22/17,11,EGGS,1,88
3011657,8/22/17,11,FROZEN FOODS,0,52
3011658,8/22/17,11,GROCERY I,64,6304.683
3011659,8/22/17,11,GROCERY II,0,21
3011661,8/22/17,11,HOME AND KITCHEN I,1,13
3011662,8/22/17,11,HOME AND KITCHEN II,1,13
3011664,8/22/17,11,HOME CARE,9,933
3011665,8/22/17,11,LADIESWEAR,0,16
3011667,8/22/17,11,LINGERIE,0,14
3011668,8/22/17,11,LIQUOR WINE BEER,2,81
3011670,8/22/17,11,MEATS,0,694.64
3011671,8/22/17,11,PERSONAL CARE,10,234
3011673,8/22/17,11,PLAYERS AND ELECTRONICS,0,10
3011674,8/22/17,11,POULTRY,0,776.195
3011675,8/22/17,11,PREPARED FOODS,0,41
3011676,8/22/17,11,PRODUCE,133,1988.468
3011678,8/22/17,11,SEAFOOD,0,14
3011679,8/22/17,12,AUTOMOTIVE,0,9
3011682,8/22/17,12,BEVERAGES,18,517
3011684,8/22/17,12,BREAD/BAKERY,10,152
3011686,8/22/17,12,CLEANING,18,695
3011687,8/22/17,12,DAIRY,13,272
3011688,8/22/17,12,DELI,6,120
3011689,8/22/17,12,EGGS,1,70
3011690,8/22/17,12,FROZEN FOODS,0,52
3011691,8/22/17,12,GROCERY I,44,2088
3011703,8/22/17,12,MEATS,0,159.299
3011704,8/22/17,12,PERSONAL CARE,10,213
3011706,8/22/17,12,PLAYERS AND ELECTRONICS,0,6
3011707,8/22/17,12,POULTRY,0,305.056
3011709,8/22/17,12,PRODUCE,86,341.653
3011715,8/22/17,13,BEVERAGES,18,453
3011717,8/22/17,13,BREAD/BAKERY,7,103
3011719,8/22/17,13,CLEANING,16,594
3011720,8/22/17,13,DAIRY,10,238
3011721,8/22/17,13,DELI,4,85
3011722,8/22/17,13,EGGS,1,54
3011723,8/22/17,13,FROZEN FOODS,0,15
3011724,8/22/17,13,GROCERY I,50,1654
3011731,8/22/17,13,LADIESWEAR,0,5
3011736,8/22/17,13,MEATS,0,131.586
3011737,8/22/17,13,PERSONAL CARE,8,143
3011740,8/22/17,13,POULTRY,0,135.026
3011741,8/22/17,13,PREPARED FOODS,0,14
3011742,8/22/17,13,PRODUCE,44,299.712
3011745,8/22/17,14,AUTOMOTIVE,0,4
3011748,8/22/17,14,BEVERAGES,23,441
3011750,8/22/17,14,BREAD/BAKERY,3,174
3011751,8/22/17,14,CELEBRATION,0,4
3011752,8/22/17,14,CLEANING,16,816
3011753,8/22/17,14,DAIRY,12,483
3011754,8/22/17,14,DELI,6,131
3011755,8/22/17,14,EGGS,1,41
3011756,8/22/17,14,FROZEN FOODS,0,13
3011757,8/22/17,14,GROCERY I,53,1907
3011760,8/22/17,14,HOME AND KITCHEN I,0,8
3011766,8/22/17,14,LINGERIE,0,5
3011767,8/22/17,14,LIQUOR WINE BEER,1,7
3011769,8/22/17,14,MEATS,0,381.589
3011770,8/22/17,14,PERSONAL CARE,10,194
3011773,8/22/17,14,POULTRY,0,86.333
3011774,8/22/17,14,PREPARED FOODS,0,38
3011775,8/22/17,14,PRODUCE,78,479.677
3011778,8/22/17,15,AUTOMOTIVE,0,8
3011780,8/22/17,15,BEAUTY,0,1
3011781,8/22/17,15,BEVERAGES,29,612
3011783,8/22/17,15,BREAD/BAKERY,4,199
3011784,8/22/17,15,CELEBRATION,0,4
3011785,8/22/17,15,CLEANING,19,620
3011786,8/22/17,15,DAIRY,9,329
3011787,8/22/17,15,DELI,7,262
3011788,8/22/17,15,EGGS,1,55
3011789,8/22/17,15,FROZEN FOODS,0,23
3011790,8/22/17,15,GROCERY I,58,3720
3011796,8/22/17,15,HOME CARE,7,233
3011797,8/22/17,15,LADIESWEAR,0,12
3011799,8/22/17,15,LINGERIE,0,1
3011800,8/22/17,15,LIQUOR WINE BEER,0,35
3011802,8/22/17,15,MEATS,0,149.201
3011803,8/22/17,15,PERSONAL CARE,9,180
3011806,8/22/17,15,POULTRY,0,97.654
3011807,8/22/17,15,PREPARED FOODS,1,20
3011808,8/22/17,15,PRODUCE,97,903.658
3011810,8/22/17,15,SEAFOOD,0,3
3011811,8/22/17,16,AUTOMOTIVE,0,5
3011814,8/22/17,16,BEVERAGES,17,401
3011816,8/22/17,16,BREAD/BAKERY,9,181
3011818,8/22/17,16,CLEANING,17,838
3011819,8/22/17,16,DAIRY,9,508
3011820,8/22/17,16,DELI,5,221
3011821,8/22/17,16,EGGS,1,258
3011822,8/22/17,16,FROZEN FOODS,0,12
3011823,8/22/17,16,GROCERY I,47,2578
3011827,8/22/17,16,HOME AND KITCHEN II,1,9
3011835,8/22/17,16,MEATS,0,68.885
3011836,8/22/17,16,PERSONAL CARE,7,164
3011839,8/22/17,16,POULTRY,0,76.512
3011840,8/22/17,16,PREPARED FOODS,0,62
3011841,8/22/17,16,PRODUCE,78,1062.49
3011843,8/22/17,16,SEAFOOD,0,5
3011844,8/22/17,17,AUTOMOTIVE,0,5
3011847,8/22/17,17,BEVERAGES,21,1173
3011849,8/22/17,17,BREAD/BAKERY,10,204
3011851,8/22/17,17,CLEANING,16,772
3011852,8/22/17,17,DAIRY,16,404
3011853,8/22/17,17,DELI,8,232
3011854,8/22/17,17,EGGS,1,72
3011855,8/22/17,17,FROZEN FOODS,0,29
3011856,8/22/17,17,GROCERY I,55,2576
3011859,8/22/17,17,HOME AND KITCHEN I,1,19
3011862,8/22/17,17,HOME CARE,8,267
3011868,8/22/17,17,MEATS,0,220.509
3011869,8/22/17,17,PERSONAL CARE,8,130
3011872,8/22/17,17,POULTRY,0,348.53
3011873,8/22/17,17,PREPARED FOODS,0,59
3011874,8/22/17,17,PRODUCE,116,1054.232
3011876,8/22/17,17,SEAFOOD,0,20
3011877,8/22/17,18,AUTOMOTIVE,0,2
3011880,8/22/17,18,BEVERAGES,26,952
3011882,8/22/17,18,BREAD/BAKERY,10,656
3011884,8/22/17,18,CLEANING,15,602
3011885,8/22/17,18,DAIRY,19,444
3011886,8/22/17,18,DELI,10,154.771
3011887,8/22/17,18,EGGS,1,112
3011888,8/22/17,18,FROZEN FOODS,0,28
3011889,8/22/17,18,GROCERY I,63,1607.357
3011895,8/22/17,18,HOME CARE,9,204
3011901,8/22/17,18,MEATS,0,162.8255
3011902,8/22/17,18,PERSONAL CARE,9,118
3011905,8/22/17,18,POULTRY,0,165.4432
3011906,8/22/17,18,PREPARED FOODS,0,45
3011907,8/22/17,18,PRODUCE,144,2035.715
3011909,8/22/17,18,SEAFOOD,0,7.6296
3011913,8/22/17,19,BEVERAGES,17,1060
3011915,8/22/17,19,BREAD/BAKERY,7,222
3011917,8/22/17,19,CLEANING,15,1342
3011918,8/22/17,19,DAIRY,11,444
3011919,8/22/17,19,DELI,6,146
3011920,8/22/17,19,EGGS,1,243
3011921,8/22/17,19,FROZEN FOODS,0,31
3011922,8/22/17,19,GROCERY I,52,1987
3011928,8/22/17,19,HOME CARE,7,258
3011934,8/22/17,19,MEATS,0,140.98401
3011935,8/22/17,19,PERSONAL CARE,10,175
3011936,8/22/17,19,PET SUPPLIES,0,1
3011938,8/22/17,19,POULTRY,0,96.194
3011939,8/22/17,19,PREPARED FOODS,0,26
3011940,8/22/17,19,PRODUCE,70,424.717
3011946,8/22/17,2,BEVERAGES,11,1044
3011948,8/22/17,2,BREAD/BAKERY,12,338.022
3011949,8/22/17,2,CELEBRATION,0,10
3011950,8/22/17,2,CLEANING,8,838
3011951,8/22/17,2,DAIRY,21,827
3011952,8/22/17,2,DELI,8,232.299
3011953,8/22/17,2,EGGS,0,187
3011954,8/22/17,2,FROZEN FOODS,0,117
3011955,8/22/17,2,GROCERY I,34,3052
3011961,8/22/17,2,HOME CARE,7,294
3011963,8/22/17,2,LAWN AND GARDEN,0,9
3011966,8/22/17,2,MAGAZINES,0,3
3011967,8/22/17,2,MEATS,0,388.863
3011968,8/22/17,2,PERSONAL CARE,11,242
3011970,8/22/17,2,PLAYERS AND ELECTRONICS,0,8
3011971,8/22/17,2,POULTRY,0,713.881
3011972,8/22/17,2,PREPARED FOODS,0,122.783005
3011973,8/22/17,2,PRODUCE,3,37
3011975,8/22/17,2,SEAFOOD,0,33.77
3012078,8/22/17,23,BEVERAGES,8,397
3012080,8/22/17,23,BREAD/BAKERY,9,226.65
3012082,8/22/17,23,CLEANING,6,589
3012083,8/22/17,23,DAIRY,14,494
3012084,8/22/17,23,DELI,6,102.628
3012085,8/22/17,23,EGGS,0,45
3012086,8/22/17,23,FROZEN FOODS,0,81
3012087,8/22/17,23,GROCERY I,25,1557
3012093,8/22/17,23,HOME CARE,4,178
3012099,8/22/17,23,MEATS,0,555.362
3012100,8/22/17,23,PERSONAL CARE,10,218
3012102,8/22/17,23,PLAYERS AND ELECTRONICS,0,8
3012103,8/22/17,23,POULTRY,0,460.176
3012104,8/22/17,23,PREPARED FOODS,0,53.551
3012105,8/22/17,23,PRODUCE,3,3
3012107,8/22/17,23,SEAFOOD,0,21.391
3012111,8/22/17,24,BEVERAGES,17,2678
3012113,8/22/17,24,BREAD/BAKERY,12,720.787
3012115,8/22/17,24,CLEANING,7,858
3012116,8/22/17,24,DAIRY,21,905
3012117,8/22/17,24,DELI,9,193.168
3012118,8/22/17,24,EGGS,0,181
3012119,8/22/17,24,FROZEN FOODS,0,171.753
3012120,8/22/17,24,GROCERY I,30,2829
3012126,8/22/17,24,HOME CARE,7,294
3012128,8/22/17,24,LAWN AND GARDEN,0,8
3012132,8/22/17,24,MEATS,0,415.47
3012133,8/22/17,24,PERSONAL CARE,10,271
3012136,8/22/17,24,POULTRY,0,541.872
3012137,8/22/17,24,PREPARED FOODS,0,101.526
3012138,8/22/17,24,PRODUCE,3,6300.022
3012140,8/22/17,24,SEAFOOD,0,54.814
3012144,8/22/17,25,BEVERAGES,14,659
3012146,8/22/17,25,BREAD/BAKERY,8,289.614
3012147,8/22/17,25,CELEBRATION,0,9
3012148,8/22/17,25,CLEANING,5,392
3012149,8/22/17,25,DAIRY,18,388
3012150,8/22/17,25,DELI,8,132.409
3012151,8/22/17,25,EGGS,0,130
3012152,8/22/17,25,FROZEN FOODS,0,61
3012153,8/22/17,25,GROCERY I,26,945
3012159,8/22/17,25,HOME CARE,4,82
3012161,8/22/17,25,LAWN AND GARDEN,0,4
3012165,8/22/17,25,MEATS,0,284.116
3012166,8/22/17,25,PERSONAL CARE,9,84
3012169,8/22/17,25,POULTRY,0,244.18
3012170,8/22/17,25,PREPARED FOODS,0,70.653
3012171,8/22/17,25,PRODUCE,1,1920.234
3012173,8/22/17,25,SEAFOOD,0,5
3012177,8/22/17,26,BEVERAGES,11,307
3012179,8/22/17,26,BREAD/BAKERY,11,221
3012180,8/22/17,26,CELEBRATION,0,10
3012181,8/22/17,26,CLEANING,7,361
3012182,8/22/17,26,DAIRY,10,177
3012183,8/22/17,26,DELI,2,110.341
3012184,8/22/17,26,EGGS,0,37
3012185,8/22/17,26,FROZEN FOODS,0,25
3012186,8/22/17,26,GROCERY I,20,1101
3012192,8/22/17,26,HOME CARE,3,154
3012198,8/22/17,26,MEATS,0,328.973
3012199,8/22/17,26,PERSONAL CARE,8,108
3012201,8/22/17,26,PLAYERS AND ELECTRONICS,0,6
3012202,8/22/17,26,POULTRY,0,90.538
3012203,8/22/17,26,PREPARED FOODS,0,5
3012204,8/22/17,26,PRODUCE,0,623.403
3012206,8/22/17,26,SEAFOOD,0,3.53
3012210,8/22/17,27,BEVERAGES,14,2801
3012212,8/22/17,27,BREAD/BAKERY,10,402.836
3012213,8/22/17,27,CELEBRATION,0,18
3012214,8/22/17,27,CLEANING,5,444
3012215,8/22/17,27,DAIRY,21,507
3012216,8/22/17,27,DELI,6,192.817
3012217,8/22/17,27,EGGS,0,127
3012218,8/22/17,27,FROZEN FOODS,0,87
3012219,8/22/17,27,GROCERY I,27,2053
3012225,8/22/17,27,HOME CARE,7,213
3012227,8/22/17,27,LAWN AND GARDEN,0,7
3012231,8/22/17,27,MEATS,0,180.439
3012232,8/22/17,27,PERSONAL CARE,10,134
3012234,8/22/17,27,PLAYERS AND ELECTRONICS,0,3
3012235,8/22/17,27,POULTRY,0,278.428
3012236,8/22/17,27,PREPARED FOODS,0,89.805
3012237,8/22/17,27,PRODUCE,3,5
3012239,8/22/17,27,SEAFOOD,0,26.337
3012240,8/22/17,28,AUTOMOTIVE,0,15
3012243,8/22/17,28,BEVERAGES,23,938
3012245,8/22/17,28,BREAD/BAKERY,11,379
3012247,8/22/17,28,CLEANING,26,742
3012248,8/22/17,28,DAIRY,18,593
3012249,8/22/17,28,DELI,9,207.552
3012250,8/22/17,28,EGGS,1,576
3012251,8/22/17,28,FROZEN FOODS,0,25
3012252,8/22/17,28,GROCERY I,62,3055.992
3012253,8/22/17,28,GROCERY II,0,4
3012255,8/22/17,28,HOME AND KITCHEN I,1,27
3012257,8/22/17,28,HOME APPLIANCES,0,1
3012258,8/22/17,28,HOME CARE,8,247
3012261,8/22/17,28,LINGERIE,0,22
3012262,8/22/17,28,LIQUOR WINE BEER,4,226
3012264,8/22/17,28,MEATS,0,93.684
3012265,8/22/17,28,PERSONAL CARE,13,212
3012266,8/22/17,28,PET SUPPLIES,0,4
3012268,8/22/17,28,POULTRY,1,171.098
3012269,8/22/17,28,PREPARED FOODS,0,38.507
3012270,8/22/17,28,PRODUCE,106,2646.4429
3012272,8/22/17,28,SEAFOOD,0,3
3012309,8/22/17,3,BEVERAGES,10,3384
3012311,8/22/17,3,BREAD/BAKERY,13,877.256
3012312,8/22/17,3,CELEBRATION,0,16
3012313,8/22/17,3,CLEANING,10,1950
3012314,8/22/17,3,DAIRY,21,1697
3012315,8/22/17,3,DELI,8,328.706
3012316,8/22/17,3,EGGS,0,502
3012317,8/22/17,3,FROZEN FOODS,0,286.856
3012318,8/22/17,3,GROCERY I,34,6162
3012324,8/22/17,3,HOME CARE,8,560
3012326,8/22/17,3,LAWN AND GARDEN,0,22
3012330,8/22/17,3,MEATS,0,1135.474
3012331,8/22/17,3,PERSONAL CARE,13,323
3012333,8/22/17,3,PLAYERS AND ELECTRONICS,0,21
3012334,8/22/17,3,POULTRY,0,1613.129
3012335,8/22/17,3,PREPARED FOODS,0,487.036
3012336,8/22/17,3,PRODUCE,3,5
3012338,8/22/17,3,SEAFOOD,0,122.735
3012342,8/22/17,30,BEVERAGES,21,516
3012344,8/22/17,30,BREAD/BAKERY,7,115
3012346,8/22/17,30,CLEANING,17,337
3012347,8/22/17,30,DAIRY,14,207
3012348,8/22/17,30,DELI,3,92
3012349,8/22/17,30,EGGS,1,154
3012350,8/22/17,30,FROZEN FOODS,0,28
3012351,8/22/17,30,GROCERY I,50,1120
3012363,8/22/17,30,MEATS,0,83.821
3012364,8/22/17,30,PERSONAL CARE,6,84
3012367,8/22/17,30,POULTRY,0,123.522995
3012369,8/22/17,30,PRODUCE,96,823.68
3012372,8/22/17,31,AUTOMOTIVE,0,12
3012375,8/22/17,31,BEVERAGES,26,791
3012377,8/22/17,31,BREAD/BAKERY,10,288
3012378,8/22/17,31,CELEBRATION,0,6
3012379,8/22/17,31,CLEANING,22,754
3012380,8/22/17,31,DAIRY,14,877
3012381,8/22/17,31,DELI,6,199.965
3012382,8/22/17,31,EGGS,1,185
3012383,8/22/17,31,FROZEN FOODS,0,47.727
3012384,8/22/17,31,GROCERY I,66,2346.024
3012385,8/22/17,31,GROCERY II,0,7
3012387,8/22/17,31,HOME AND KITCHEN I,0,18
3012388,8/22/17,31,HOME AND KITCHEN II,2,8
3012390,8/22/17,31,HOME CARE,9,304
3012396,8/22/17,31,MEATS,0,399.5386
3012397,8/22/17,31,PERSONAL CARE,12,278
3012400,8/22/17,31,POULTRY,0,146.829
3012401,8/22/17,31,PREPARED FOODS,0,49
3012402,8/22/17,31,PRODUCE,122,2304.033
3012404,8/22/17,31,SEAFOOD,0,1
3012408,8/22/17,32,BEVERAGES,21,208
3012410,8/22/17,32,BREAD/BAKERY,4,101
3012412,8/22/17,32,CLEANING,13,231
3012413,8/22/17,32,DAIRY,6,84
3012414,8/22/17,32,DELI,1,80
3012415,8/22/17,32,EGGS,0,93
3012416,8/22/17,32,FROZEN FOODS,0,5
3012417,8/22/17,32,GROCERY I,54,807
3012420,8/22/17,32,HOME AND KITCHEN I,0,17
3012423,8/22/17,32,HOME CARE,7,81
3012426,8/22/17,32,LINGERIE,0,1
3012429,8/22/17,32,MEATS,0,60.69
3012430,8/22/17,32,PERSONAL CARE,5,64
3012433,8/22/17,32,POULTRY,0,82.32
3012435,8/22/17,32,PRODUCE,63,325.106
3012438,8/22/17,33,AUTOMOTIVE,0,3
3012440,8/22/17,33,BEAUTY,0,1
3012441,8/22/17,33,BEVERAGES,21,431
3012443,8/22/17,33,BREAD/BAKERY,10,231
3012444,8/22/17,33,CELEBRATION,0,5
3012445,8/22/17,33,CLEANING,17,692
3012446,8/22/17,33,DAIRY,12,380
3012447,8/22/17,33,DELI,6,160
3012448,8/22/17,33,EGGS,1,194
3012449,8/22/17,33,FROZEN FOODS,0,39
3012450,8/22/17,33,GROCERY I,50,2189
3012452,8/22/17,33,HARDWARE,0,1
3012453,8/22/17,33,HOME AND KITCHEN I,0,25
3012454,8/22/17,33,HOME AND KITCHEN II,0,5
3012455,8/22/17,33,HOME APPLIANCES,0,1
3012456,8/22/17,33,HOME CARE,5,190
3012459,8/22/17,33,LINGERIE,0,18
3012460,8/22/17,33,LIQUOR WINE BEER,0,111
3012462,8/22/17,33,MEATS,0,291.105
3012463,8/22/17,33,PERSONAL CARE,10,256
3012465,8/22/17,33,PLAYERS AND ELECTRONICS,0,4
3012466,8/22/17,33,POULTRY,0,245.133
3012467,8/22/17,33,PREPARED FOODS,0,31
3012468,8/22/17,33,PRODUCE,102,2103.285
3012470,8/22/17,33,SEAFOOD,0,8
3012471,8/22/17,34,AUTOMOTIVE,0,5
3012474,8/22/17,34,BEVERAGES,22,1064
3012476,8/22/17,34,BREAD/BAKERY,12,470
3012477,8/22/17,34,CELEBRATION,0,28
3012478,8/22/17,34,CLEANING,22,844
3012479,8/22/17,34,DAIRY,8,526
3012480,8/22/17,34,DELI,6,185.98
3012481,8/22/17,34,EGGS,1,135
3012482,8/22/17,34,FROZEN FOODS,0,111.486
3012483,8/22/17,34,GROCERY I,59,2515.524
3012484,8/22/17,34,GROCERY II,0,5
3012486,8/22/17,34,HOME AND KITCHEN I,0,25
3012487,8/22/17,34,HOME AND KITCHEN II,2,44
3012488,8/22/17,34,HOME APPLIANCES,0,1
3012489,8/22/17,34,HOME CARE,9,343
3012492,8/22/17,34,LINGERIE,0,18
3012495,8/22/17,34,MEATS,0,198.817
3012496,8/22/17,34,PERSONAL CARE,8,304
3012499,8/22/17,34,POULTRY,0,157.826
3012500,8/22/17,34,PREPARED FOODS,0,27
3012501,8/22/17,34,PRODUCE,99,1492.19
3012503,8/22/17,34,SEAFOOD,0,9
3012504,8/22/17,35,AUTOMOTIVE,0,1
3012506,8/22/17,35,BEAUTY,0,1
3012507,8/22/17,35,BEVERAGES,23,374
3012509,8/22/17,35,BREAD/BAKERY,7,50
3012510,8/22/17,35,CELEBRATION,0,7
3012511,8/22/17,35,CLEANING,19,205
3012512,8/22/17,35,DAIRY,7,109
3012513,8/22/17,35,DELI,2,26
3012514,8/22/17,35,EGGS,1,108
3012515,8/22/17,35,FROZEN FOODS,0,11.877
3012516,8/22/17,35,GROCERY I,47,862
3012517,8/22/17,35,GROCERY II,0,3
3012518,8/22/17,35,HARDWARE,0,1
3012519,8/22/17,35,HOME AND KITCHEN I,0,11
3012520,8/22/17,35,HOME AND KITCHEN II,0,13
3012521,8/22/17,35,HOME APPLIANCES,0,1
3012522,8/22/17,35,HOME CARE,7,104
3012525,8/22/17,35,LINGERIE,0,7
3012528,8/22/17,35,MEATS,0,193.307
3012529,8/22/17,35,PERSONAL CARE,9,43
3012532,8/22/17,35,POULTRY,0,81.097
3012533,8/22/17,35,PREPARED FOODS,0,19
3012534,8/22/17,35,PRODUCE,84,627.733
3012536,8/22/17,35,SEAFOOD,0,1
3012537,8/22/17,36,AUTOMOTIVE,0,5
3012540,8/22/17,36,BEVERAGES,27,1025
3012542,8/22/17,36,BREAD/BAKERY,11,465
3012543,8/22/17,36,CELEBRATION,0,9
3012544,8/22/17,36,CLEANING,19,859
3012545,8/22/17,36,DAIRY,16,528
3012546,8/22/17,36,DELI,9,154.806
3012547,8/22/17,36,EGGS,1,115
3012548,8/22/17,36,FROZEN FOODS,0,78.06
3012549,8/22/17,36,GROCERY I,58,1881.333
3012552,8/22/17,36,HOME AND KITCHEN I,0,31
3012553,8/22/17,36,HOME AND KITCHEN II,2,5
3012555,8/22/17,36,HOME CARE,9,269
3012557,8/22/17,36,LAWN AND GARDEN,3,4
3012558,8/22/17,36,LINGERIE,0,14
3012561,8/22/17,36,MEATS,0,107.645
3012562,8/22/17,36,PERSONAL CARE,12,169
3012565,8/22/17,36,POULTRY,0,76.678
3012566,8/22/17,36,PREPARED FOODS,0,30.554
3012567,8/22/17,36,PRODUCE,140,2792.749
3012569,8/22/17,36,SEAFOOD,0,1
3012573,8/22/17,37,BEVERAGES,12,1064
3012575,8/22/17,37,BREAD/BAKERY,12,488.135
3012576,8/22/17,37,CELEBRATION,0,11
3012577,8/22/17,37,CLEANING,10,1074
3012578,8/22/17,37,DAIRY,18,938
3012579,8/22/17,37,DELI,10,116.798996
3012580,8/22/17,37,EGGS,0,181
3012581,8/22/17,37,FROZEN FOODS,0,191
3012582,8/22/17,37,GROCERY I,31,3404
3012588,8/22/17,37,HOME CARE,6,376
3012590,8/22/17,37,LAWN AND GARDEN,0,10
3012594,8/22/17,37,MEATS,0,543.763
3012595,8/22/17,37,PERSONAL CARE,10,212
3012597,8/22/17,37,PLAYERS AND ELECTRONICS,0,13
3012598,8/22/17,37,POULTRY,0,264.094
3012599,8/22/17,37,PREPARED FOODS,0,164.836
3012600,8/22/17,37,PRODUCE,3,7
3012602,8/22/17,37,SEAFOOD,0,17.774
3012606,8/22/17,38,BEVERAGES,15,611
3012608,8/22/17,38,BREAD/BAKERY,11,698.825
3012609,8/22/17,38,CELEBRATION,0,14
3012610,8/22/17,38,CLEANING,13,847
3012611,8/22/17,38,DAIRY,15,827
3012612,8/22/17,38,DELI,7,180.008
3012613,8/22/17,38,EGGS,0,98
3012614,8/22/17,38,FROZEN FOODS,0,160
3012615,8/22/17,38,GROCERY I,33,2870
3012621,8/22/17,38,HOME CARE,5,443
3012623,8/22/17,38,LAWN AND GARDEN,0,7
3012625,8/22/17,38,LIQUOR WINE BEER,5,32
3012627,8/22/17,38,MEATS,0,155.259
3012628,8/22/17,38,PERSONAL CARE,9,269
3012630,8/22/17,38,PLAYERS AND ELECTRONICS,0,11
3012631,8/22/17,38,POULTRY,0,172.089
3012632,8/22/17,38,PREPARED FOODS,0,165.418
3012633,8/22/17,38,PRODUCE,3,1
3012635,8/22/17,38,SEAFOOD,0,19.067001
3012636,8/22/17,39,AUTOMOTIVE,0,4
3012638,8/22/17,39,BEAUTY,0,3
3012639,8/22/17,39,BEVERAGES,30,658
3012641,8/22/17,39,BREAD/BAKERY,10,539
3012643,8/22/17,39,CLEANING,21,1056
3012644,8/22/17,39,DAIRY,23,535
3012645,8/22/17,39,DELI,10,134.31
3012646,8/22/17,39,EGGS,1,221
3012647,8/22/17,39,FROZEN FOODS,0,43
3012648,8/22/17,39,GROCERY I,60,3484.952
3012650,8/22/17,39,HARDWARE,0,1
3012652,8/22/17,39,HOME AND KITCHEN II,1,14
3012654,8/22/17,39,HOME CARE,11,292
3012655,8/22/17,39,LADIESWEAR,0,14
3012656,8/22/17,39,LAWN AND GARDEN,3,8
3012657,8/22/17,39,LINGERIE,0,8
3012660,8/22/17,39,MEATS,0,112.365
3012661,8/22/17,39,PERSONAL CARE,9,203
3012664,8/22/17,39,POULTRY,0,167.5024
3012665,8/22/17,39,PREPARED FOODS,0,84.007
3012666,8/22/17,39,PRODUCE,160,2463.323
3012668,8/22/17,39,SEAFOOD,0,11
3012672,8/22/17,4,BEVERAGES,13,1821
3012674,8/22/17,4,BREAD/BAKERY,8,267.395
3012675,8/22/17,4,CELEBRATION,0,5
3012676,8/22/17,4,CLEANING,9,542
3012677,8/22/17,4,DAIRY,19,558
3012678,8/22/17,4,DELI,7,178.768
3012679,8/22/17,4,EGGS,0,135
3012680,8/22/17,4,FROZEN FOODS,0,104.375
3012681,8/22/17,4,GROCERY I,32,2055
3012687,8/22/17,4,HOME CARE,8,364
3012689,8/22/17,4,LAWN AND GARDEN,0,10
3012693,8/22/17,4,MEATS,0,231.781
3012696,8/22/17,4,PLAYERS AND ELECTRONICS,0,8
3012697,8/22/17,4,POULTRY,0,530.02
3012698,8/22/17,4,PREPARED FOODS,0,88.19
3012699,8/22/17,4,PRODUCE,2,3832.635
3012701,8/22/17,4,SEAFOOD,0,41.473
3012702,8/22/17,40,AUTOMOTIVE,0,6
3012705,8/22/17,40,BEVERAGES,28,863
3012707,8/22/17,40,BREAD/BAKERY,10,292
3012708,8/22/17,40,CELEBRATION,0,21
3012709,8/22/17,40,CLEANING,18,807
3012710,8/22/17,40,DAIRY,13,555
3012711,8/22/17,40,DELI,8,216
3012712,8/22/17,40,EGGS,1,102
3012713,8/22/17,40,FROZEN FOODS,0,36.973
3012714,8/22/17,40,GROCERY I,57,3122
3012715,8/22/17,40,GROCERY II,0,12
3012717,8/22/17,40,HOME AND KITCHEN I,1,36
3012718,8/22/17,40,HOME AND KITCHEN II,0,9
3012719,8/22/17,40,HOME APPLIANCES,0,1
3012720,8/22/17,40,HOME CARE,7,210
3012723,8/22/17,40,LINGERIE,0,20
3012726,8/22/17,40,MEATS,0,120.335
3012727,8/22/17,40,PERSONAL CARE,11,144
3012730,8/22/17,40,POULTRY,1,145.491
3012731,8/22/17,40,PREPARED FOODS,0,43
3012732,8/22/17,40,PRODUCE,119,1946.614
3012734,8/22/17,40,SEAFOOD,0,5
3012738,8/22/17,41,BEVERAGES,11,618
3012740,8/22/17,41,BREAD/BAKERY,11,289.626
3012741,8/22/17,41,CELEBRATION,0,4
3012742,8/22/17,41,CLEANING,12,640
3012743,8/22/17,41,DAIRY,19,391
3012744,8/22/17,41,DELI,8,200.048
3012745,8/22/17,41,EGGS,0,94
3012746,8/22/17,41,FROZEN FOODS,0,118.998
3012747,8/22/17,41,GROCERY I,28,1913
3012753,8/22/17,41,HOME CARE,5,222
3012755,8/22/17,41,LAWN AND GARDEN,0,5
3012759,8/22/17,41,MEATS,0,103.837
3012760,8/22/17,41,PERSONAL CARE,11,389
3012761,8/22/17,41,PET SUPPLIES,0,6
3012763,8/22/17,41,POULTRY,0,145.053
3012764,8/22/17,41,PREPARED FOODS,0,46.353
3012765,8/22/17,41,PRODUCE,3,2
3012767,8/22/17,41,SEAFOOD,0,12
3012801,8/22/17,43,AUTOMOTIVE,0,4
3012804,8/22/17,43,BEVERAGES,23,1480
3012806,8/22/17,43,BREAD/BAKERY,9,164
3012808,8/22/17,43,CLEANING,14,611
3012809,8/22/17,43,DAIRY,19,300
3012810,8/22/17,43,DELI,9,127
3012811,8/22/17,43,EGGS,1,92
3012812,8/22/17,43,FROZEN FOODS,0,18.630001
3012813,8/22/17,43,GROCERY I,54,2158
3012817,8/22/17,43,HOME AND KITCHEN II,0,12
3012819,8/22/17,43,HOME CARE,7,228
3012825,8/22/17,43,MEATS,0,80.836
3012826,8/22/17,43,PERSONAL CARE,10,142
3012829,8/22/17,43,POULTRY,0,118.133995
3012830,8/22/17,43,PREPARED FOODS,0,84
3012831,8/22/17,43,PRODUCE,127,890.72
3012834,8/22/17,44,AUTOMOTIVE,0,34
3012837,8/22/17,44,BEVERAGES,15,8783
3012839,8/22/17,44,BREAD/BAKERY,12,1080.753
3012840,8/22/17,44,CELEBRATION,0,11
3012841,8/22/17,44,CLEANING,11,2404
3012842,8/22/17,44,DAIRY,22,2129
3012843,8/22/17,44,DELI,10,605.141
3012844,8/22/17,44,EGGS,0,745
3012845,8/22/17,44,FROZEN FOODS,0,525.873
3012846,8/22/17,44,GROCERY I,36,7764
3012847,8/22/17,44,GROCERY II,0,75
3012852,8/22/17,44,HOME CARE,7,615
3012858,8/22/17,44,MEATS,0,1504.193
3012859,8/22/17,44,PERSONAL CARE,12,416
3012861,8/22/17,44,PLAYERS AND ELECTRONICS,0,36
3012862,8/22/17,44,POULTRY,0,1565.993
3012863,8/22/17,44,PREPARED FOODS,0,613.183
3012864,8/22/17,44,PRODUCE,3,15184.537
3012866,8/22/17,44,SEAFOOD,0,145.82199
3012867,8/22/17,45,AUTOMOTIVE,0,14
3012870,8/22/17,45,BEVERAGES,14,3022
3012872,8/22/17,45,BREAD/BAKERY,13,861.942
3012873,8/22/17,45,CELEBRATION,0,26
3012874,8/22/17,45,CLEANING,13,1790
3012875,8/22/17,45,DAIRY,21,1741
3012876,8/22/17,45,DELI,10,592.109
3012877,8/22/17,45,EGGS,0,363
3012878,8/22/17,45,FROZEN FOODS,0,223.435
3012879,8/22/17,45,GROCERY I,39,6509
3012885,8/22/17,45,HOME CARE,7,789
3012891,8/22/17,45,MEATS,0,1599.408
3012892,8/22/17,45,PERSONAL CARE,13,409
3012894,8/22/17,45,PLAYERS AND ELECTRONICS,0,18
3012895,8/22/17,45,POULTRY,0,1571.412
3012896,8/22/17,45,PREPARED FOODS,0,276.04
3012897,8/22/17,45,PRODUCE,3,16
3012899,8/22/17,45,SEAFOOD,0,121.899
3012900,8/22/17,46,AUTOMOTIVE,0,17
3012903,8/22/17,46,BEVERAGES,11,4793
3012905,8/22/17,46,BREAD/BAKERY,13,748.534
3012906,8/22/17,46,CELEBRATION,0,17
3012907,8/22/17,46,CLEANING,15,1887
3012908,8/22/17,46,DAIRY,22,1540
3012909,8/22/17,46,DELI,10,851.216
3012910,8/22/17,46,EGGS,0,153
3012911,8/22/17,46,FROZEN FOODS,0,257.501
3012912,8/22/17,46,GROCERY I,36,6903
3012915,8/22/17,46,HOME AND KITCHEN I,0,43
3012918,8/22/17,46,HOME CARE,8,757
3012920,8/22/17,46,LAWN AND GARDEN,0,10
3012924,8/22/17,46,MEATS,0,1142.723
3012925,8/22/17,46,PERSONAL CARE,13,555
3012927,8/22/17,46,PLAYERS AND ELECTRONICS,2,38
3012928,8/22/17,46,POULTRY,1,1074.8201
3012929,8/22/17,46,PREPARED FOODS,0,170.36499
3012930,8/22/17,46,PRODUCE,3,2508.452
3012932,8/22/17,46,SEAFOOD,0,47.05
3012933,8/22/17,47,AUTOMOTIVE,0,33
3012936,8/22/17,47,BEVERAGES,12,3052
3012938,8/22/17,47,BREAD/BAKERY,13,1381.06
3012939,8/22/17,47,CELEBRATION,0,16
3012940,8/22/17,47,CLEANING,13,2076
3012941,8/22/17,47,DAIRY,21,2038
3012942,8/22/17,47,DELI,10,715.537
3012943,8/22/17,47,EGGS,0,345
3012944,8/22/17,47,FROZEN FOODS,0,260.854
3012945,8/22/17,47,GROCERY I,40,8134
3012951,8/22/17,47,HOME CARE,7,852
3012953,8/22/17,47,LAWN AND GARDEN,0,25
3012957,8/22/17,47,MEATS,0,1231.028
3012958,8/22/17,47,PERSONAL CARE,14,880
3012960,8/22/17,47,PLAYERS AND ELECTRONICS,0,10
3012961,8/22/17,47,POULTRY,0,1592.196
3012962,8/22/17,47,PREPARED FOODS,0,339.046
3012963,8/22/17,47,PRODUCE,3,8630.106
3012965,8/22/17,47,SEAFOOD,0,96.708
3012966,8/22/17,48,AUTOMOTIVE,0,11
3012969,8/22/17,48,BEVERAGES,11,1390
3012971,8/22/17,48,BREAD/BAKERY,12,437.845
3012972,8/22/17,48,CELEBRATION,0,25
3012973,8/22/17,48,CLEANING,13,1315
3012974,8/22/17,48,DAIRY,18,872
3012975,8/22/17,48,DELI,6,404.964
3012976,8/22/17,48,EGGS,0,62
3012977,8/22/17,48,FROZEN FOODS,0,119.081
3012978,8/22/17,48,GROCERY I,34,4600
3012980,8/22/17,48,HARDWARE,0,3
3012984,8/22/17,48,HOME CARE,7,822
3012990,8/22/17,48,MEATS,0,1003.731
3012991,8/22/17,48,PERSONAL CARE,10,500
3012993,8/22/17,48,PLAYERS AND ELECTRONICS,1,22
3012994,8/22/17,48,POULTRY,0,754.414
3012995,8/22/17,48,PREPARED FOODS,0,117.881
3012996,8/22/17,48,PRODUCE,3,2135.061
3012998,8/22/17,48,SEAFOOD,0,11.071
3012999,8/22/17,49,AUTOMOTIVE,0,12
3013002,8/22/17,49,BEVERAGES,11,6090
3013004,8/22/17,49,BREAD/BAKERY,12,716.128
3013006,8/22/17,49,CLEANING,10,1550
3013007,8/22/17,49,DAIRY,21,1716
3013008,8/22/17,49,DELI,9,313.102
3013009,8/22/17,49,EGGS,0,375
3013010,8/22/17,49,FROZEN FOODS,0,307.788
3013011,8/22/17,49,GROCERY I,35,5463
3013017,8/22/17,49,HOME CARE,7,358
3013019,8/22/17,49,LAWN AND GARDEN,0,15
3013023,8/22/17,49,MEATS,0,983.105
3013024,8/22/17,49,PERSONAL CARE,13,270
3013026,8/22/17,49,PLAYERS AND ELECTRONICS,0,30
3013027,8/22/17,49,POULTRY,0,1041.163
3013028,8/22/17,49,PREPARED FOODS,0,326.18
3013029,8/22/17,49,PRODUCE,3,8248.459
3013031,8/22/17,49,SEAFOOD,0,96.911
3013035,8/22/17,5,BEVERAGES,11,681
3013037,8/22/17,5,BREAD/BAKERY,7,275.637
3013038,8/22/17,5,CELEBRATION,0,27
3013039,8/22/17,5,CLEANING,10,838
3013040,8/22/17,5,DAIRY,16,510
3013041,8/22/17,5,DELI,7,305.384
3013042,8/22/17,5,EGGS,0,117
3013043,8/22/17,5,FROZEN FOODS,0,125.135
3013044,8/22/17,5,GROCERY I,24,2713
3013050,8/22/17,5,HOME CARE,5,337
3013052,8/22/17,5,LAWN AND GARDEN,0,1
3013056,8/22/17,5,MEATS,0,279.986
3013057,8/22/17,5,PERSONAL CARE,11,256
3013060,8/22/17,5,POULTRY,1,241.7
3013061,8/22/17,5,PREPARED FOODS,0,78.573
3013062,8/22/17,5,PRODUCE,3,4
3013064,8/22/17,5,SEAFOOD,0,30.582
3013065,8/22/17,50,AUTOMOTIVE,0,17
3013068,8/22/17,50,BEVERAGES,14,1463
3013070,8/22/17,50,BREAD/BAKERY,13,466.783
3013071,8/22/17,50,CELEBRATION,0,29
3013072,8/22/17,50,CLEANING,10,1421
3013073,8/22/17,50,DAIRY,21,1094
3013074,8/22/17,50,DELI,8,368.328
3013075,8/22/17,50,EGGS,0,103
3013076,8/22/17,50,FROZEN FOODS,0,123
3013077,8/22/17,50,GROCERY I,33,5329
3013081,8/22/17,50,HOME AND KITCHEN II,2,29
3013083,8/22/17,50,HOME CARE,6,505
3013089,8/22/17,50,MEATS,0,521.215
3013090,8/22/17,50,PERSONAL CARE,11,295
3013092,8/22/17,50,PLAYERS AND ELECTRONICS,0,21
3013093,8/22/17,50,POULTRY,0,531.095
3013094,8/22/17,50,PREPARED FOODS,0,116.573
3013095,8/22/17,50,PRODUCE,3,2931.032
3013097,8/22/17,50,SEAFOOD,0,29.085001
3013101,8/22/17,51,BEVERAGES,15,7311
3013103,8/22/17,51,BREAD/BAKERY,12,1148.096
3013104,8/22/17,51,CELEBRATION,0,8
3013105,8/22/17,51,CLEANING,7,2098
3013106,8/22/17,51,DAIRY,19,2104
3013107,8/22/17,51,DELI,9,328.069
3013108,8/22/17,51,EGGS,0,367
3013109,8/22/17,51,FROZEN FOODS,0,628.92
3013110,8/22/17,51,GROCERY I,31,6223
3013113,8/22/17,51,HOME AND KITCHEN I,2,5
3013116,8/22/17,51,HOME CARE,5,400
3013118,8/22/17,51,LAWN AND GARDEN,0,6
3013122,8/22/17,51,MEATS,0,509.478
3013123,8/22/17,51,PERSONAL CARE,11,544
3013125,8/22/17,51,PLAYERS AND ELECTRONICS,0,20
3013126,8/22/17,51,POULTRY,0,694.898
3013127,8/22/17,51,PREPARED FOODS,0,200
3013128,8/22/17,51,PRODUCE,3,9940.145
3013130,8/22/17,51,SEAFOOD,0,111.006
3013167,8/22/17,53,BEVERAGES,10,510
3013169,8/22/17,53,BREAD/BAKERY,10,335.096
3013170,8/22/17,53,CELEBRATION,0,6
3013171,8/22/17,53,CLEANING,13,489
3013172,8/22/17,53,DAIRY,18,335
3013173,8/22/17,53,DELI,9,110.476
3013174,8/22/17,53,EGGS,0,48
3013175,8/22/17,53,FROZEN FOODS,0,141
3013176,8/22/17,53,GROCERY I,27,1557
3013182,8/22/17,53,HOME CARE,3,204
3013188,8/22/17,53,MEATS,0,236.905
3013189,8/22/17,53,PERSONAL CARE,8,136
3013191,8/22/17,53,PLAYERS AND ELECTRONICS,0,12
3013192,8/22/17,53,POULTRY,0,164.829
3013193,8/22/17,53,PREPARED FOODS,0,56.444
3013194,8/22/17,53,PRODUCE,1,2711.263
3013196,8/22/17,53,SEAFOOD,0,5
3013197,8/22/17,54,AUTOMOTIVE,0,2
3013199,8/22/17,54,BEAUTY,1,1
3013200,8/22/17,54,BEVERAGES,23,872
3013202,8/22/17,54,BREAD/BAKERY,5,136
3013203,8/22/17,54,CELEBRATION,0,1
3013204,8/22/17,54,CLEANING,14,611
3013205,8/22/17,54,DAIRY,6,154
3013206,8/22/17,54,DELI,6,143
3013207,8/22/17,54,EGGS,1,30
3013208,8/22/17,54,FROZEN FOODS,0,10.166
3013209,8/22/17,54,GROCERY I,50,1519
3013210,8/22/17,54,GROCERY II,0,6
3013211,8/22/17,54,HARDWARE,0,2
3013212,8/22/17,54,HOME AND KITCHEN I,0,14
3013213,8/22/17,54,HOME AND KITCHEN II,0,11
3013215,8/22/17,54,HOME CARE,7,138
3013218,8/22/17,54,LINGERIE,0,9
3013221,8/22/17,54,MEATS,0,58.312
3013222,8/22/17,54,PERSONAL CARE,8,122
3013225,8/22/17,54,POULTRY,0,34.337
3013226,8/22/17,54,PREPARED FOODS,0,99
3013227,8/22/17,54,PRODUCE,73,653.491
3013229,8/22/17,54,SEAFOOD,0,3
3013232,8/22/17,6,BEAUTY,1,3
3013233,8/22/17,6,BEVERAGES,18,1050
3013235,8/22/17,6,BREAD/BAKERY,10,346.316
3013236,8/22/17,6,CELEBRATION,0,11
3013237,8/22/17,6,CLEANING,9,797
3013238,8/22/17,6,DAIRY,20,715
3013239,8/22/17,6,DELI,10,230.665
3013240,8/22/17,6,EGGS,0,144
3013241,8/22/17,6,FROZEN FOODS,0,135
3013242,8/22/17,6,GROCERY I,36,3073
3013248,8/22/17,6,HOME CARE,6,373
3013250,8/22/17,6,LAWN AND GARDEN,0,7
3013252,8/22/17,6,LIQUOR WINE BEER,2,59
3013254,8/22/17,6,MEATS,0,595.626
3013255,8/22/17,6,PERSONAL CARE,10,401
3013258,8/22/17,6,POULTRY,0,870.827
3013259,8/22/17,6,PREPARED FOODS,0,162.702
3013260,8/22/17,6,PRODUCE,2,29
3013262,8/22/17,6,SEAFOOD,0,40.726
3013266,8/22/17,7,BEVERAGES,15,2272
3013268,8/22/17,7,BREAD/BAKERY,11,518.276
3013269,8/22/17,7,CELEBRATION,0,17
3013270,8/22/17,7,CLEANING,8,1059
3013271,8/22/17,7,DAIRY,22,1025
3013272,8/22/17,7,DELI,10,163.209
3013273,8/22/17,7,EGGS,0,263
3013274,8/22/17,7,FROZEN FOODS,0,208
3013275,8/22/17,7,GROCERY I,29,3906
3013281,8/22/17,7,HOME CARE,5,308
3013283,8/22/17,7,LAWN AND GARDEN,0,24
3013287,8/22/17,7,MEATS,0,696.255
3013288,8/22/17,7,PERSONAL CARE,14,230
3013290,8/22/17,7,PLAYERS AND ELECTRONICS,0,14
3013291,8/22/17,7,POULTRY,0,887.265
3013292,8/22/17,7,PREPARED FOODS,0,212.95801
3013293,8/22/17,7,PRODUCE,2,2
3013295,8/22/17,7,SEAFOOD,0,72.985
3013299,8/22/17,8,BEVERAGES,15,1600
3013301,8/22/17,8,BREAD/BAKERY,11,509.29102
3013303,8/22/17,8,CLEANING,9,1200
3013304,8/22/17,8,DAIRY,22,1376
3013305,8/22/17,8,DELI,9,282.744
3013306,8/22/17,8,EGGS,0,358
3013307,8/22/17,8,FROZEN FOODS,0,170
3013308,8/22/17,8,GROCERY I,37,3998
3013314,8/22/17,8,HOME CARE,7,365
3013316,8/22/17,8,LAWN AND GARDEN,0,15
3013320,8/22/17,8,MEATS,0,1129.43
3013321,8/22/17,8,PERSONAL CARE,12,254
3013323,8/22/17,8,PLAYERS AND ELECTRONICS,1,12
3013324,8/22/17,8,POULTRY,0,588.473
3013325,8/22/17,8,PREPARED FOODS,0,226.95
3013326,8/22/17,8,PRODUCE,3,1
3013328,8/22/17,8,SEAFOOD,0,73.304
3013329,8/22/17,9,AUTOMOTIVE,0,21
3013332,8/22/17,9,BEVERAGES,32,2217
3013334,8/22/17,9,BREAD/BAKERY,9,521
3013336,8/22/17,9,CLEANING,26,1752
3013337,8/22/17,9,DAIRY,18,584
3013338,8/22/17,9,DELI,8,602.9347
3013339,8/22/17,9,EGGS,1,136
3013340,8/22/17,9,FROZEN FOODS,0,61.495
3013341,8/22/17,9,GROCERY I,66,7685
3013342,8/22/17,9,GROCERY II,0,18
3013344,8/22/17,9,HOME AND KITCHEN I,0,44
3013347,8/22/17,9,HOME CARE,10,696
3013348,8/22/17,9,LADIESWEAR,0,14
3013349,8/22/17,9,LAWN AND GARDEN,3,3
3013353,8/22/17,9,MEATS,0,404.3831
3013354,8/22/17,9,PERSONAL CARE,13,334
3013357,8/22/17,9,POULTRY,2,613.71704
3013358,8/22/17,9,PREPARED FOODS,0,56.86
3013359,8/22/17,9,PRODUCE,146,1906.603
3013361,8/22/17,9,SEAFOOD,0,22.9274
3013365,8/23/17,1,BEVERAGES,27,2803
3013367,8/23/17,1,BREAD/BAKERY,14,232.343
3013368,8/23/17,1,CELEBRATION,0,13
3013369,8/23/17,1,CLEANING,11,720
3013370,8/23/17,1,DAIRY,22,710
3013371,8/23/17,1,DELI,11,144.572
3013372,8/23/17,1,EGGS,0,163
3013373,8/23/17,1,FROZEN FOODS,0,97
3013374,8/23/17,1,GROCERY I,41,2327
3013380,8/23/17,1,HOME CARE,5,211
3013382,8/23/17,1,LAWN AND GARDEN,5,20
3013386,8/23/17,1,MEATS,0,712.06
3013387,8/23/17,1,PERSONAL CARE,8,145
3013389,8/23/17,1,PLAYERS AND ELECTRONICS,0,7
3013390,8/23/17,1,POULTRY,0,709.636
3013391,8/23/17,1,PREPARED FOODS,0,127.85
3013392,8/23/17,1,PRODUCE,211,3951.501
3013394,8/23/17,1,SEAFOOD,0,30.559
3013395,8/23/17,10,AUTOMOTIVE,0,5
3013397,8/23/17,10,BEAUTY,0,1
3013398,8/23/17,10,BEVERAGES,15,370
3013400,8/23/17,10,BREAD/BAKERY,4,112
3013402,8/23/17,10,CLEANING,16,776
3013403,8/23/17,10,DAIRY,74,336
3013404,8/23/17,10,DELI,4,205
3013405,8/23/17,10,EGGS,1,11
3013406,8/23/17,10,FROZEN FOODS,0,50.571
3013407,8/23/17,10,GROCERY I,46,2463
3013409,8/23/17,10,HARDWARE,0,2
3013410,8/23/17,10,HOME AND KITCHEN I,0,24
3013413,8/23/17,10,HOME CARE,6,310
3013416,8/23/17,10,LINGERIE,0,6
3013419,8/23/17,10,MEATS,0,205.056
3013420,8/23/17,10,PERSONAL CARE,10,131
3013423,8/23/17,10,POULTRY,0,216.878
3013424,8/23/17,10,PREPARED FOODS,0,19
3013425,8/23/17,10,PRODUCE,2,351.215
3013427,8/23/17,10,SEAFOOD,0,5
3013428,8/23/17,11,AUTOMOTIVE,0,6
3013431,8/23/17,11,BEVERAGES,35,1836
3013433,8/23/17,11,BREAD/BAKERY,9,576
3013434,8/23/17,11,CELEBRATION,0,31
3013435,8/23/17,11,CLEANING,24,1189
3013436,8/23/17,11,DAIRY,128,320
3013437,8/23/17,11,DELI,10,244.813
3013438,8/23/17,11,EGGS,1,88
3013439,8/23/17,11,FROZEN FOODS,0,52
3013440,8/23/17,11,GROCERY I,62,6304.683
3013441,8/23/17,11,GROCERY II,0,21
3013443,8/23/17,11,HOME AND KITCHEN I,1,13
3013444,8/23/17,11,HOME AND KITCHEN II,1,13
3013446,8/23/17,11,HOME CARE,10,933
3013447,8/23/17,11,LADIESWEAR,0,16
3013449,8/23/17,11,LINGERIE,0,14
3013450,8/23/17,11,LIQUOR WINE BEER,2,81
3013452,8/23/17,11,MEATS,0,694.64
3013453,8/23/17,11,PERSONAL CARE,14,234
3013455,8/23/17,11,PLAYERS AND ELECTRONICS,0,10
3013456,8/23/17,11,POULTRY,0,776.195
3013457,8/23/17,11,PREPARED FOODS,0,41
3013458,8/23/17,11,PRODUCE,1,1988.468
3013460,8/23/17,11,SEAFOOD,0,14
3013461,8/23/17,12,AUTOMOTIVE,0,9
3013464,8/23/17,12,BEVERAGES,16,517
3013466,8/23/17,12,BREAD/BAKERY,7,152
3013468,8/23/17,12,CLEANING,18,695
3013469,8/23/17,12,DAIRY,92,272
3013470,8/23/17,12,DELI,6,120
3013471,8/23/17,12,EGGS,1,70
3013472,8/23/17,12,FROZEN FOODS,0,52
3013473,8/23/17,12,GROCERY I,45,2088
3013485,8/23/17,12,MEATS,0,159.299
3013486,8/23/17,12,PERSONAL CARE,11,213
3013488,8/23/17,12,PLAYERS AND ELECTRONICS,0,6
3013489,8/23/17,12,POULTRY,0,305.056
3013491,8/23/17,12,PRODUCE,1,341.653
3013497,8/23/17,13,BEVERAGES,17,453
3013499,8/23/17,13,BREAD/BAKERY,7,103
3013501,8/23/17,13,CLEANING,17,594
3013502,8/23/17,13,DAIRY,83,238
3013503,8/23/17,13,DELI,1,85
3013504,8/23/17,13,EGGS,1,54
3013505,8/23/17,13,FROZEN FOODS,0,15
3013506,8/23/17,13,GROCERY I,53,1654
3013513,8/23/17,13,LADIESWEAR,0,5
3013518,8/23/17,13,MEATS,0,131.586
3013519,8/23/17,13,PERSONAL CARE,10,143
3013522,8/23/17,13,POULTRY,0,135.026
3013523,8/23/17,13,PREPARED FOODS,0,14
3013524,8/23/17,13,PRODUCE,2,299.712
3013527,8/23/17,14,AUTOMOTIVE,0,4
3013530,8/23/17,14,BEVERAGES,22,441
3013532,8/23/17,14,BREAD/BAKERY,7,174
3013533,8/23/17,14,CELEBRATION,0,4
3013534,8/23/17,14,CLEANING,16,816
3013535,8/23/17,14,DAIRY,81,483
3013536,8/23/17,14,DELI,2,131
3013537,8/23/17,14,EGGS,1,41
3013538,8/23/17,14,FROZEN FOODS,0,13
3013539,8/23/17,14,GROCERY I,52,1907
3013542,8/23/17,14,HOME AND KITCHEN I,0,8
3013548,8/23/17,14,LINGERIE,0,5
3013549,8/23/17,14,LIQUOR WINE BEER,0,7
3013551,8/23/17,14,MEATS,0,381.589
3013552,8/23/17,14,PERSONAL CARE,13,194
3013555,8/23/17,14,POULTRY,0,86.333
3013556,8/23/17,14,PREPARED FOODS,0,38
3013557,8/23/17,14,PRODUCE,2,479.677
3013560,8/23/17,15,AUTOMOTIVE,0,8
3013562,8/23/17,15,BEAUTY,0,1
3013563,8/23/17,15,BEVERAGES,31,612
3013565,8/23/17,15,BREAD/BAKERY,4,199
3013566,8/23/17,15,CELEBRATION,0,4
3013567,8/23/17,15,CLEANING,21,620
3013568,8/23/17,15,DAIRY,98,329
3013569,8/23/17,15,DELI,5,262
3013570,8/23/17,15,EGGS,3,55
3013571,8/23/17,15,FROZEN FOODS,1,23
3013572,8/23/17,15,GROCERY I,62,3720
3013578,8/23/17,15,HOME CARE,10,233
3013579,8/23/17,15,LADIESWEAR,0,12
3013581,8/23/17,15,LINGERIE,0,1
3013582,8/23/17,15,LIQUOR WINE BEER,4,35
3013584,8/23/17,15,MEATS,0,149.201
3013585,8/23/17,15,PERSONAL CARE,13,180
3013588,8/23/17,15,POULTRY,2,97.654
3013589,8/23/17,15,PREPARED FOODS,1,20
3013590,8/23/17,15,PRODUCE,1,903.658
3013592,8/23/17,15,SEAFOOD,0,3
3013593,8/23/17,16,AUTOMOTIVE,0,5
3013596,8/23/17,16,BEVERAGES,20,401
3013598,8/23/17,16,BREAD/BAKERY,6,181
3013600,8/23/17,16,CLEANING,16,838
3013601,8/23/17,16,DAIRY,82,508
3013602,8/23/17,16,DELI,6,221
3013603,8/23/17,16,EGGS,1,258
3013604,8/23/17,16,FROZEN FOODS,0,12
3013605,8/23/17,16,GROCERY I,48,2578
3013609,8/23/17,16,HOME AND KITCHEN II,1,9
3013617,8/23/17,16,MEATS,0,68.885
3013618,8/23/17,16,PERSONAL CARE,8,164
3013621,8/23/17,16,POULTRY,0,76.512
3013622,8/23/17,16,PREPARED FOODS,0,62
3013623,8/23/17,16,PRODUCE,0,1062.49
3013625,8/23/17,16,SEAFOOD,0,5
3013626,8/23/17,17,AUTOMOTIVE,0,5
3013629,8/23/17,17,BEVERAGES,19,1173
3013631,8/23/17,17,BREAD/BAKERY,10,204
3013633,8/23/17,17,CLEANING,15,772
3013634,8/23/17,17,DAIRY,118,404
3013635,8/23/17,17,DELI,8,232
3013636,8/23/17,17,EGGS,1,72
3013637,8/23/17,17,FROZEN FOODS,0,29
3013638,8/23/17,17,GROCERY I,54,2576
3013641,8/23/17,17,HOME AND KITCHEN I,0,19
3013644,8/23/17,17,HOME CARE,9,267
3013650,8/23/17,17,MEATS,0,220.509
3013651,8/23/17,17,PERSONAL CARE,11,130
3013654,8/23/17,17,POULTRY,0,348.53
3013655,8/23/17,17,PREPARED FOODS,0,59
3013656,8/23/17,17,PRODUCE,1,1054.232
3013658,8/23/17,17,SEAFOOD,0,20
3013659,8/23/17,18,AUTOMOTIVE,0,2
3013662,8/23/17,18,BEVERAGES,23,952
3013664,8/23/17,18,BREAD/BAKERY,9,656
3013666,8/23/17,18,CLEANING,20,602
3013667,8/23/17,18,DAIRY,140,444
3013668,8/23/17,18,DELI,9,154.771
3013669,8/23/17,18,EGGS,1,112
3013670,8/23/17,18,FROZEN FOODS,0,28
3013671,8/23/17,18,GROCERY I,55,1607.357
3013677,8/23/17,18,HOME CARE,7,204
3013683,8/23/17,18,MEATS,0,162.8255
3013684,8/23/17,18,PERSONAL CARE,10,118
3013687,8/23/17,18,POULTRY,0,165.4432
3013688,8/23/17,18,PREPARED FOODS,0,45
3013689,8/23/17,18,PRODUCE,2,2035.715
3013691,8/23/17,18,SEAFOOD,0,7.6296
3013695,8/23/17,19,BEVERAGES,19,1060
3013697,8/23/17,19,BREAD/BAKERY,4,222
3013699,8/23/17,19,CLEANING,16,1342
3013700,8/23/17,19,DAIRY,90,444
3013701,8/23/17,19,DELI,7,146
3013702,8/23/17,19,EGGS,1,243
3013703,8/23/17,19,FROZEN FOODS,0,31
3013704,8/23/17,19,GROCERY I,53,1987
3013710,8/23/17,19,HOME CARE,8,258
3013716,8/23/17,19,MEATS,0,140.98401
3013717,8/23/17,19,PERSONAL CARE,12,175
3013718,8/23/17,19,PET SUPPLIES,0,1
3013720,8/23/17,19,POULTRY,0,96.194
3013721,8/23/17,19,PREPARED FOODS,0,26
3013722,8/23/17,19,PRODUCE,1,424.717
3013728,8/23/17,2,BEVERAGES,26,1044
3013730,8/23/17,2,BREAD/BAKERY,15,338.022
3013731,8/23/17,2,CELEBRATION,0,10
3013732,8/23/17,2,CLEANING,9,838
3013733,8/23/17,2,DAIRY,20,827
3013734,8/23/17,2,DELI,9,232.299
3013735,8/23/17,2,EGGS,0,187
3013736,8/23/17,2,FROZEN FOODS,0,117
3013737,8/23/17,2,GROCERY I,36,3052
3013743,8/23/17,2,HOME CARE,5,294
3013745,8/23/17,2,LAWN AND GARDEN,5,9
3013748,8/23/17,2,MAGAZINES,0,3
3013749,8/23/17,2,MEATS,0,388.863
3013750,8/23/17,2,PERSONAL CARE,13,242
3013752,8/23/17,2,PLAYERS AND ELECTRONICS,0,8
3013753,8/23/17,2,POULTRY,0,713.881
3013754,8/23/17,2,PREPARED FOODS,0,122.783005
3013755,8/23/17,2,PRODUCE,212,37
3013757,8/23/17,2,SEAFOOD,0,33.77
3013860,8/23/17,23,BEVERAGES,12,397
3013862,8/23/17,23,BREAD/BAKERY,9,226.65
3013864,8/23/17,23,CLEANING,11,589
3013865,8/23/17,23,DAIRY,20,494
3013866,8/23/17,23,DELI,6,102.628
3013867,8/23/17,23,EGGS,0,45
3013868,8/23/17,23,FROZEN FOODS,0,81
3013869,8/23/17,23,GROCERY I,35,1557
3013875,8/23/17,23,HOME CARE,4,178
3013881,8/23/17,23,MEATS,0,555.362
3013882,8/23/17,23,PERSONAL CARE,11,218
3013884,8/23/17,23,PLAYERS AND ELECTRONICS,0,8
3013885,8/23/17,23,POULTRY,0,460.176
3013886,8/23/17,23,PREPARED FOODS,0,53.551
3013887,8/23/17,23,PRODUCE,180,3
3013889,8/23/17,23,SEAFOOD,0,21.391
3013893,8/23/17,24,BEVERAGES,24,2678
3013895,8/23/17,24,BREAD/BAKERY,15,720.787
3013897,8/23/17,24,CLEANING,9,858
3013898,8/23/17,24,DAIRY,24,905
3013899,8/23/17,24,DELI,9,193.168
3013900,8/23/17,24,EGGS,0,181
3013901,8/23/17,24,FROZEN FOODS,0,171.753
3013902,8/23/17,24,GROCERY I,33,2829
3013908,8/23/17,24,HOME CARE,4,294
3013910,8/23/17,24,LAWN AND GARDEN,8,8
3013914,8/23/17,24,MEATS,0,415.47
3013915,8/23/17,24,PERSONAL CARE,11,271
3013918,8/23/17,24,POULTRY,0,541.872
3013919,8/23/17,24,PREPARED FOODS,0,101.526
3013920,8/23/17,24,PRODUCE,210,6300.022
3013922,8/23/17,24,SEAFOOD,0,54.814
3013926,8/23/17,25,BEVERAGES,18,659
3013928,8/23/17,25,BREAD/BAKERY,12,289.614
3013929,8/23/17,25,CELEBRATION,0,9
3013930,8/23/17,25,CLEANING,6,392
3013931,8/23/17,25,DAIRY,19,388
3013932,8/23/17,25,DELI,8,132.409
3013933,8/23/17,25,EGGS,0,130
3013934,8/23/17,25,FROZEN FOODS,0,61
3013935,8/23/17,25,GROCERY I,31,945
3013941,8/23/17,25,HOME CARE,4,82
3013943,8/23/17,25,LAWN AND GARDEN,9,4
3013947,8/23/17,25,MEATS,0,284.116
3013948,8/23/17,25,PERSONAL CARE,9,84
3013951,8/23/17,25,POULTRY,0,244.18
3013952,8/23/17,25,PREPARED FOODS,0,70.653
3013953,8/23/17,25,PRODUCE,151,1920.234
3013955,8/23/17,25,SEAFOOD,0,5
3013959,8/23/17,26,BEVERAGES,13,307
3013961,8/23/17,26,BREAD/BAKERY,9,221
3013962,8/23/17,26,CELEBRATION,0,10
3013963,8/23/17,26,CLEANING,11,361
3013964,8/23/17,26,DAIRY,12,177
3013965,8/23/17,26,DELI,4,110.341
3013966,8/23/17,26,EGGS,0,37
3013967,8/23/17,26,FROZEN FOODS,0,25
3013968,8/23/17,26,GROCERY I,26,1101
3013974,8/23/17,26,HOME CARE,3,154
3013980,8/23/17,26,MEATS,0,328.973
3013981,8/23/17,26,PERSONAL CARE,8,108
3013983,8/23/17,26,PLAYERS AND ELECTRONICS,0,6
3013984,8/23/17,26,POULTRY,0,90.538
3013985,8/23/17,26,PREPARED FOODS,0,5
3013986,8/23/17,26,PRODUCE,115,623.403
3013988,8/23/17,26,SEAFOOD,0,3.53
3013992,8/23/17,27,BEVERAGES,21,2801
3013994,8/23/17,27,BREAD/BAKERY,16,402.836
3013995,8/23/17,27,CELEBRATION,0,18
3013996,8/23/17,27,CLEANING,11,444
3013997,8/23/17,27,DAIRY,24,507
3013998,8/23/17,27,DELI,10,192.817
3013999,8/23/17,27,EGGS,0,127
3014000,8/23/17,27,FROZEN FOODS,0,87
3014001,8/23/17,27,GROCERY I,37,2053
3014007,8/23/17,27,HOME CARE,5,213
3014009,8/23/17,27,LAWN AND GARDEN,6,7
3014013,8/23/17,27,MEATS,0,180.439
3014014,8/23/17,27,PERSONAL CARE,12,134
3014016,8/23/17,27,PLAYERS AND ELECTRONICS,0,3
3014017,8/23/17,27,POULTRY,1,278.428
3014018,8/23/17,27,PREPARED FOODS,0,89.805
3014019,8/23/17,27,PRODUCE,211,5
3014021,8/23/17,27,SEAFOOD,0,26.337
3014022,8/23/17,28,AUTOMOTIVE,0,15
3014025,8/23/17,28,BEVERAGES,26,938
3014027,8/23/17,28,BREAD/BAKERY,12,379
3014029,8/23/17,28,CLEANING,25,742
3014030,8/23/17,28,DAIRY,139,593
3014031,8/23/17,28,DELI,7,207.552
3014032,8/23/17,28,EGGS,1,576
3014033,8/23/17,28,FROZEN FOODS,0,25
3014034,8/23/17,28,GROCERY I,61,3055.992
3014035,8/23/17,28,GROCERY II,0,4
3014037,8/23/17,28,HOME AND KITCHEN I,1,27
3014039,8/23/17,28,HOME APPLIANCES,0,1
3014040,8/23/17,28,HOME CARE,10,247
3014043,8/23/17,28,LINGERIE,0,22
3014044,8/23/17,28,LIQUOR WINE BEER,5,226
3014046,8/23/17,28,MEATS,0,93.684
3014047,8/23/17,28,PERSONAL CARE,13,212
3014048,8/23/17,28,PET SUPPLIES,0,4
3014050,8/23/17,28,POULTRY,1,171.098
3014051,8/23/17,28,PREPARED FOODS,0,38.507
3014052,8/23/17,28,PRODUCE,1,2646.4429
3014054,8/23/17,28,SEAFOOD,0,3
3014091,8/23/17,3,BEVERAGES,23,3384
3014093,8/23/17,3,BREAD/BAKERY,17,877.256
3014094,8/23/17,3,CELEBRATION,0,16
3014095,8/23/17,3,CLEANING,13,1950
3014096,8/23/17,3,DAIRY,27,1697
3014097,8/23/17,3,DELI,11,328.706
3014098,8/23/17,3,EGGS,0,502
3014099,8/23/17,3,FROZEN FOODS,0,286.856
3014100,8/23/17,3,GROCERY I,52,6162
3014106,8/23/17,3,HOME CARE,8,560
3014108,8/23/17,3,LAWN AND GARDEN,8,22
3014112,8/23/17,3,MEATS,0,1135.474
3014113,8/23/17,3,PERSONAL CARE,17,323
3014115,8/23/17,3,PLAYERS AND ELECTRONICS,1,21
3014116,8/23/17,3,POULTRY,0,1613.129
3014117,8/23/17,3,PREPARED FOODS,0,487.036
3014118,8/23/17,3,PRODUCE,228,5
3014120,8/23/17,3,SEAFOOD,1,122.735
3014124,8/23/17,30,BEVERAGES,23,516
3014126,8/23/17,30,BREAD/BAKERY,8,115
3014128,8/23/17,30,CLEANING,13,337
3014129,8/23/17,30,DAIRY,80,207
3014130,8/23/17,30,DELI,4,92
3014131,8/23/17,30,EGGS,1,154
3014132,8/23/17,30,FROZEN FOODS,0,28
3014133,8/23/17,30,GROCERY I,46,1120
3014145,8/23/17,30,MEATS,0,83.821
3014146,8/23/17,30,PERSONAL CARE,10,84
3014149,8/23/17,30,POULTRY,0,123.522995
3014151,8/23/17,30,PRODUCE,1,823.68
3014154,8/23/17,31,AUTOMOTIVE,0,12
3014157,8/23/17,31,BEVERAGES,25,791
3014159,8/23/17,31,BREAD/BAKERY,6,288
3014160,8/23/17,31,CELEBRATION,0,6
3014161,8/23/17,31,CLEANING,23,754
3014162,8/23/17,31,DAIRY,112,877
3014163,8/23/17,31,DELI,4,199.965
3014164,8/23/17,31,EGGS,1,185
3014165,8/23/17,31,FROZEN FOODS,0,47.727
3014166,8/23/17,31,GROCERY I,60,2346.024
3014167,8/23/17,31,GROCERY II,0,7
3014169,8/23/17,31,HOME AND KITCHEN I,1,18
3014170,8/23/17,31,HOME AND KITCHEN II,2,8
3014172,8/23/17,31,HOME CARE,10,304
3014178,8/23/17,31,MEATS,0,399.5386
3014179,8/23/17,31,PERSONAL CARE,12,278
3014182,8/23/17,31,POULTRY,0,146.829
3014183,8/23/17,31,PREPARED FOODS,0,49
3014184,8/23/17,31,PRODUCE,1,2304.033
3014186,8/23/17,31,SEAFOOD,0,1
3014190,8/23/17,32,BEVERAGES,17,208
3014192,8/23/17,32,BREAD/BAKERY,7,101
3014194,8/23/17,32,CLEANING,18,231
3014195,8/23/17,32,DAIRY,68,84
3014196,8/23/17,32,DELI,1,80
3014197,8/23/17,32,EGGS,1,93
3014198,8/23/17,32,FROZEN FOODS,0,5
3014199,8/23/17,32,GROCERY I,47,807
3014202,8/23/17,32,HOME AND KITCHEN I,0,17
3014205,8/23/17,32,HOME CARE,3,81
3014208,8/23/17,32,LINGERIE,0,1
3014211,8/23/17,32,MEATS,0,60.69
3014212,8/23/17,32,PERSONAL CARE,6,64
3014215,8/23/17,32,POULTRY,0,82.32
3014217,8/23/17,32,PRODUCE,1,325.106
3014220,8/23/17,33,AUTOMOTIVE,0,3
3014222,8/23/17,33,BEAUTY,0,1
3014223,8/23/17,33,BEVERAGES,19,431
3014225,8/23/17,33,BREAD/BAKERY,9,231
3014226,8/23/17,33,CELEBRATION,0,5
3014227,8/23/17,33,CLEANING,14,692
3014228,8/23/17,33,DAIRY,104,380
3014229,8/23/17,33,DELI,7,160
3014230,8/23/17,33,EGGS,1,194
3014231,8/23/17,33,FROZEN FOODS,0,39
3014232,8/23/17,33,GROCERY I,48,2189
3014234,8/23/17,33,HARDWARE,0,1
3014235,8/23/17,33,HOME AND KITCHEN I,0,25
3014236,8/23/17,33,HOME AND KITCHEN II,1,5
3014237,8/23/17,33,HOME APPLIANCES,0,1
3014238,8/23/17,33,HOME CARE,8,190
3014241,8/23/17,33,LINGERIE,0,18
3014242,8/23/17,33,LIQUOR WINE BEER,1,111
3014244,8/23/17,33,MEATS,0,291.105
3014245,8/23/17,33,PERSONAL CARE,11,256
3014247,8/23/17,33,PLAYERS AND ELECTRONICS,0,4
3014248,8/23/17,33,POULTRY,0,245.133
3014249,8/23/17,33,PREPARED FOODS,0,31
3014250,8/23/17,33,PRODUCE,1,2103.285
3014252,8/23/17,33,SEAFOOD,0,8
3014253,8/23/17,34,AUTOMOTIVE,0,5
3014256,8/23/17,34,BEVERAGES,23,1064
3014258,8/23/17,34,BREAD/BAKERY,9,470
3014259,8/23/17,34,CELEBRATION,0,28
3014260,8/23/17,34,CLEANING,21,844
3014261,8/23/17,34,DAIRY,114,526
3014262,8/23/17,34,DELI,4,185.98
3014263,8/23/17,34,EGGS,1,135
3014264,8/23/17,34,FROZEN FOODS,0,111.486
3014265,8/23/17,34,GROCERY I,59,2515.524
3014266,8/23/17,34,GROCERY II,0,5
3014268,8/23/17,34,HOME AND KITCHEN I,1,25
3014269,8/23/17,34,HOME AND KITCHEN II,2,44
3014270,8/23/17,34,HOME APPLIANCES,0,1
3014271,8/23/17,34,HOME CARE,4,343
3014274,8/23/17,34,LINGERIE,0,18
3014277,8/23/17,34,MEATS,0,198.817
3014278,8/23/17,34,PERSONAL CARE,9,304
3014281,8/23/17,34,POULTRY,0,157.826
3014282,8/23/17,34,PREPARED FOODS,0,27
3014283,8/23/17,34,PRODUCE,0,1492.19
3014285,8/23/17,34,SEAFOOD,0,9
3014286,8/23/17,35,AUTOMOTIVE,0,1
3014288,8/23/17,35,BEAUTY,0,1
3014289,8/23/17,35,BEVERAGES,24,374
3014291,8/23/17,35,BREAD/BAKERY,5,50
3014292,8/23/17,35,CELEBRATION,1,7
3014293,8/23/17,35,CLEANING,18,205
3014294,8/23/17,35,DAIRY,68,109
3014295,8/23/17,35,DELI,1,26
3014296,8/23/17,35,EGGS,1,108
3014297,8/23/17,35,FROZEN FOODS,0,11.877
3014298,8/23/17,35,GROCERY I,54,862
3014299,8/23/17,35,GROCERY II,0,3
3014300,8/23/17,35,HARDWARE,0,1
3014301,8/23/17,35,HOME AND KITCHEN I,0,11
3014302,8/23/17,35,HOME AND KITCHEN II,0,13
3014303,8/23/17,35,HOME APPLIANCES,0,1
3014304,8/23/17,35,HOME CARE,4,104
3014307,8/23/17,35,LINGERIE,0,7
3014310,8/23/17,35,MEATS,0,193.307
3014311,8/23/17,35,PERSONAL CARE,9,43
3014314,8/23/17,35,POULTRY,0,81.097
3014315,8/23/17,35,PREPARED FOODS,0,19
3014316,8/23/17,35,PRODUCE,2,627.733
3014318,8/23/17,35,SEAFOOD,0,1
3014319,8/23/17,36,AUTOMOTIVE,0,5
3014322,8/23/17,36,BEVERAGES,37,1025
3014324,8/23/17,36,BREAD/BAKERY,10,465
3014325,8/23/17,36,CELEBRATION,0,9
3014326,8/23/17,36,CLEANING,24,859
3014327,8/23/17,36,DAIRY,135,528
3014328,8/23/17,36,DELI,5,154.806
3014329,8/23/17,36,EGGS,1,115
3014330,8/23/17,36,FROZEN FOODS,1,78.06
3014331,8/23/17,36,GROCERY I,58,1881.333
3014334,8/23/17,36,HOME AND KITCHEN I,1,31
3014335,8/23/17,36,HOME AND KITCHEN II,0,5
3014337,8/23/17,36,HOME CARE,10,269
3014339,8/23/17,36,LAWN AND GARDEN,0,4
3014340,8/23/17,36,LINGERIE,0,14
3014343,8/23/17,36,MEATS,0,107.645
3014344,8/23/17,36,PERSONAL CARE,10,169
3014347,8/23/17,36,POULTRY,0,76.678
3014348,8/23/17,36,PREPARED FOODS,0,30.554
3014349,8/23/17,36,PRODUCE,1,2792.749
3014351,8/23/17,36,SEAFOOD,0,1
3014355,8/23/17,37,BEVERAGES,24,1064
3014357,8/23/17,37,BREAD/BAKERY,16,488.135
3014358,8/23/17,37,CELEBRATION,0,11
3014359,8/23/17,37,CLEANING,11,1074
3014360,8/23/17,37,DAIRY,20,938
3014361,8/23/17,37,DELI,11,116.798996
3014362,8/23/17,37,EGGS,0,181
3014363,8/23/17,37,FROZEN FOODS,0,191
3014364,8/23/17,37,GROCERY I,43,3404
3014370,8/23/17,37,HOME CARE,5,376
3014372,8/23/17,37,LAWN AND GARDEN,6,10
3014376,8/23/17,37,MEATS,0,543.763
3014377,8/23/17,37,PERSONAL CARE,13,212
3014379,8/23/17,37,PLAYERS AND ELECTRONICS,0,13
3014380,8/23/17,37,POULTRY,0,264.094
3014381,8/23/17,37,PREPARED FOODS,0,164.836
3014382,8/23/17,37,PRODUCE,208,7
3014384,8/23/17,37,SEAFOOD,0,17.774
3014388,8/23/17,38,BEVERAGES,18,611
3014390,8/23/17,38,BREAD/BAKERY,14,698.825
3014391,8/23/17,38,CELEBRATION,0,14
3014392,8/23/17,38,CLEANING,13,847
3014393,8/23/17,38,DAIRY,19,827
3014394,8/23/17,38,DELI,9,180.008
3014395,8/23/17,38,EGGS,0,98
3014396,8/23/17,38,FROZEN FOODS,0,160
3014397,8/23/17,38,GROCERY I,44,2870
3014403,8/23/17,38,HOME CARE,8,443
3014405,8/23/17,38,LAWN AND GARDEN,4,7
3014407,8/23/17,38,LIQUOR WINE BEER,6,32
3014409,8/23/17,38,MEATS,0,155.259
3014410,8/23/17,38,PERSONAL CARE,13,269
3014412,8/23/17,38,PLAYERS AND ELECTRONICS,1,11
3014413,8/23/17,38,POULTRY,0,172.089
3014414,8/23/17,38,PREPARED FOODS,0,165.418
3014415,8/23/17,38,PRODUCE,182,1
3014417,8/23/17,38,SEAFOOD,0,19.067001
3014418,8/23/17,39,AUTOMOTIVE,0,4
3014420,8/23/17,39,BEAUTY,1,3
3014421,8/23/17,39,BEVERAGES,31,658
3014423,8/23/17,39,BREAD/BAKERY,9,539
3014425,8/23/17,39,CLEANING,26,1056
3014426,8/23/17,39,DAIRY,137,535
3014427,8/23/17,39,DELI,9,134.31
3014428,8/23/17,39,EGGS,1,221
3014429,8/23/17,39,FROZEN FOODS,0,43
3014430,8/23/17,39,GROCERY I,58,3484.952
3014432,8/23/17,39,HARDWARE,0,1
3014434,8/23/17,39,HOME AND KITCHEN II,2,14
3014436,8/23/17,39,HOME CARE,9,292
3014437,8/23/17,39,LADIESWEAR,0,14
3014438,8/23/17,39,LAWN AND GARDEN,0,8
3014439,8/23/17,39,LINGERIE,1,8
3014442,8/23/17,39,MEATS,0,112.365
3014443,8/23/17,39,PERSONAL CARE,14,203
3014446,8/23/17,39,POULTRY,1,167.5024
3014447,8/23/17,39,PREPARED FOODS,0,84.007
3014448,8/23/17,39,PRODUCE,1,2463.323
3014450,8/23/17,39,SEAFOOD,0,11
3014454,8/23/17,4,BEVERAGES,17,1821
3014456,8/23/17,4,BREAD/BAKERY,12,267.395
3014457,8/23/17,4,CELEBRATION,0,5
3014458,8/23/17,4,CLEANING,14,542
3014459,8/23/17,4,DAIRY,22,558
3014460,8/23/17,4,DELI,10,178.768
3014461,8/23/17,4,EGGS,0,135
3014462,8/23/17,4,FROZEN FOODS,0,104.375
3014463,8/23/17,4,GROCERY I,35,2055
3014469,8/23/17,4,HOME CARE,6,364
3014471,8/23/17,4,LAWN AND GARDEN,6,10
3014475,8/23/17,4,MEATS,0,231.781
3014478,8/23/17,4,PLAYERS AND ELECTRONICS,0,8
3014479,8/23/17,4,POULTRY,0,530.02
3014480,8/23/17,4,PREPARED FOODS,0,88.19
3014481,8/23/17,4,PRODUCE,182,3832.635
3014483,8/23/17,4,SEAFOOD,0,41.473
3014484,8/23/17,40,AUTOMOTIVE,0,6
3014487,8/23/17,40,BEVERAGES,24,863
3014489,8/23/17,40,BREAD/BAKERY,9,292
3014490,8/23/17,40,CELEBRATION,0,21
3014491,8/23/17,40,CLEANING,19,807
3014492,8/23/17,40,DAIRY,110,555
3014493,8/23/17,40,DELI,8,216
3014494,8/23/17,40,EGGS,1,102
3014495,8/23/17,40,FROZEN FOODS,1,36.973
3014496,8/23/17,40,GROCERY I,57,3122
3014497,8/23/17,40,GROCERY II,0,12
3014499,8/23/17,40,HOME AND KITCHEN I,1,36
3014500,8/23/17,40,HOME AND KITCHEN II,1,9
3014501,8/23/17,40,HOME APPLIANCES,0,1
3014502,8/23/17,40,HOME CARE,9,210
3014505,8/23/17,40,LINGERIE,0,20
3014508,8/23/17,40,MEATS,0,120.335
3014509,8/23/17,40,PERSONAL CARE,11,144
3014512,8/23/17,40,POULTRY,0,145.491
3014513,8/23/17,40,PREPARED FOODS,0,43
3014514,8/23/17,40,PRODUCE,1,1946.614
3014516,8/23/17,40,SEAFOOD,0,5
3014520,8/23/17,41,BEVERAGES,20,618
3014522,8/23/17,41,BREAD/BAKERY,13,289.626
3014523,8/23/17,41,CELEBRATION,0,4
3014524,8/23/17,41,CLEANING,12,640
3014525,8/23/17,41,DAIRY,22,391
3014526,8/23/17,41,DELI,8,200.048
3014527,8/23/17,41,EGGS,0,94
3014528,8/23/17,41,FROZEN FOODS,0,118.998
3014529,8/23/17,41,GROCERY I,37,1913
3014535,8/23/17,41,HOME CARE,5,222
3014537,8/23/17,41,LAWN AND GARDEN,5,5
3014541,8/23/17,41,MEATS,0,103.837
3014542,8/23/17,41,PERSONAL CARE,14,389
3014543,8/23/17,41,PET SUPPLIES,0,6
3014545,8/23/17,41,POULTRY,0,145.053
3014546,8/23/17,41,PREPARED FOODS,0,46.353
3014547,8/23/17,41,PRODUCE,186,2
3014549,8/23/17,41,SEAFOOD,0,12
3014583,8/23/17,43,AUTOMOTIVE,0,4
3014586,8/23/17,43,BEVERAGES,25,1480
3014588,8/23/17,43,BREAD/BAKERY,9,164
3014590,8/23/17,43,CLEANING,23,611
3014591,8/23/17,43,DAIRY,131,300
3014592,8/23/17,43,DELI,8,127
3014593,8/23/17,43,EGGS,1,92
3014594,8/23/17,43,FROZEN FOODS,0,18.630001
3014595,8/23/17,43,GROCERY I,58,2158
3014599,8/23/17,43,HOME AND KITCHEN II,1,12
3014601,8/23/17,43,HOME CARE,8,228
3014607,8/23/17,43,MEATS,0,80.836
3014608,8/23/17,43,PERSONAL CARE,10,142
3014611,8/23/17,43,POULTRY,0,118.133995
3014612,8/23/17,43,PREPARED FOODS,0,84
3014613,8/23/17,43,PRODUCE,1,890.72
3014616,8/23/17,44,AUTOMOTIVE,0,34
3014619,8/23/17,44,BEVERAGES,31,8783
3014621,8/23/17,44,BREAD/BAKERY,17,1080.753
3014622,8/23/17,44,CELEBRATION,0,11
3014623,8/23/17,44,CLEANING,16,2404
3014624,8/23/17,44,DAIRY,28,2129
3014625,8/23/17,44,DELI,11,605.141
3014626,8/23/17,44,EGGS,0,745
3014627,8/23/17,44,FROZEN FOODS,0,525.873
3014628,8/23/17,44,GROCERY I,51,7764
3014629,8/23/17,44,GROCERY II,0,75
3014634,8/23/17,44,HOME CARE,8,615
3014640,8/23/17,44,MEATS,0,1504.193
3014641,8/23/17,44,PERSONAL CARE,18,416
3014643,8/23/17,44,PLAYERS AND ELECTRONICS,0,36
3014644,8/23/17,44,POULTRY,0,1565.993
3014645,8/23/17,44,PREPARED FOODS,0,613.183
3014646,8/23/17,44,PRODUCE,237,15184.537
3014648,8/23/17,44,SEAFOOD,1,145.82199
3014649,8/23/17,45,AUTOMOTIVE,0,14
3014652,8/23/17,45,BEVERAGES,26,3022
3014654,8/23/17,45,BREAD/BAKERY,23,861.942
3014655,8/23/17,45,CELEBRATION,0,26
3014656,8/23/17,45,CLEANING,15,1790
3014657,8/23/17,45,DAIRY,24,1741
3014658,8/23/17,45,DELI,10,592.109
3014659,8/23/17,45,EGGS,0,363
3014660,8/23/17,45,FROZEN FOODS,0,223.435
3014661,8/23/17,45,GROCERY I,53,6509
3014667,8/23/17,45,HOME CARE,7,789
3014673,8/23/17,45,MEATS,0,1599.408
3014674,8/23/17,45,PERSONAL CARE,20,409
3014676,8/23/17,45,PLAYERS AND ELECTRONICS,0,18
3014677,8/23/17,45,POULTRY,0,1571.412
3014678,8/23/17,45,PREPARED FOODS,0,276.04
3014679,8/23/17,45,PRODUCE,228,16
3014681,8/23/17,45,SEAFOOD,0,121.899
3014682,8/23/17,46,AUTOMOTIVE,0,17
3014685,8/23/17,46,BEVERAGES,27,4793
3014687,8/23/17,46,BREAD/BAKERY,17,748.534
3014688,8/23/17,46,CELEBRATION,0,17
3014689,8/23/17,46,CLEANING,19,1887
3014690,8/23/17,46,DAIRY,23,1540
3014691,8/23/17,46,DELI,11,851.216
3014692,8/23/17,46,EGGS,0,153
3014693,8/23/17,46,FROZEN FOODS,0,257.501
3014694,8/23/17,46,GROCERY I,47,6903
3014697,8/23/17,46,HOME AND KITCHEN I,1,43
3014700,8/23/17,46,HOME CARE,8,757
3014702,8/23/17,46,LAWN AND GARDEN,11,10
3014706,8/23/17,46,MEATS,0,1142.723
3014707,8/23/17,46,PERSONAL CARE,17,555
3014709,8/23/17,46,PLAYERS AND ELECTRONICS,2,38
3014710,8/23/17,46,POULTRY,0,1074.8201
3014711,8/23/17,46,PREPARED FOODS,0,170.36499
3014712,8/23/17,46,PRODUCE,224,2508.452
3014714,8/23/17,46,SEAFOOD,0,47.05
3014715,8/23/17,47,AUTOMOTIVE,0,33
3014718,8/23/17,47,BEVERAGES,24,3052
3014720,8/23/17,47,BREAD/BAKERY,21,1381.06
3014721,8/23/17,47,CELEBRATION,0,16
3014722,8/23/17,47,CLEANING,15,2076
3014723,8/23/17,47,DAIRY,25,2038
3014724,8/23/17,47,DELI,9,715.537
3014725,8/23/17,47,EGGS,0,345
3014726,8/23/17,47,FROZEN FOODS,0,260.854
3014727,8/23/17,47,GROCERY I,52,8134
3014733,8/23/17,47,HOME CARE,6,852
3014735,8/23/17,47,LAWN AND GARDEN,10,25
3014739,8/23/17,47,MEATS,0,1231.028
3014740,8/23/17,47,PERSONAL CARE,16,880
3014742,8/23/17,47,PLAYERS AND ELECTRONICS,0,10
3014743,8/23/17,47,POULTRY,1,1592.196
3014744,8/23/17,47,PREPARED FOODS,0,339.046
3014745,8/23/17,47,PRODUCE,218,8630.106
3014747,8/23/17,47,SEAFOOD,0,96.708
3014748,8/23/17,48,AUTOMOTIVE,0,11
3014751,8/23/17,48,BEVERAGES,22,1390
3014753,8/23/17,48,BREAD/BAKERY,16,437.845
3014754,8/23/17,48,CELEBRATION,0,25
3014755,8/23/17,48,CLEANING,17,1315
3014756,8/23/17,48,DAIRY,22,872
3014757,8/23/17,48,DELI,8,404.964
3014758,8/23/17,48,EGGS,0,62
3014759,8/23/17,48,FROZEN FOODS,0,119.081
3014760,8/23/17,48,GROCERY I,41,4600
3014762,8/23/17,48,HARDWARE,0,3
3014766,8/23/17,48,HOME CARE,7,822
3014772,8/23/17,48,MEATS,0,1003.731
3014773,8/23/17,48,PERSONAL CARE,14,500
3014775,8/23/17,48,PLAYERS AND ELECTRONICS,0,22
3014776,8/23/17,48,POULTRY,0,754.414
3014777,8/23/17,48,PREPARED FOODS,0,117.881
3014778,8/23/17,48,PRODUCE,208,2135.061
3014780,8/23/17,48,SEAFOOD,0,11.071
3014781,8/23/17,49,AUTOMOTIVE,0,12
3014784,8/23/17,49,BEVERAGES,27,6090
3014786,8/23/17,49,BREAD/BAKERY,22,716.128
3014788,8/23/17,49,CLEANING,13,1550
3014789,8/23/17,49,DAIRY,26,1716
3014790,8/23/17,49,DELI,11,313.102
3014791,8/23/17,49,EGGS,0,375
3014792,8/23/17,49,FROZEN FOODS,0,307.788
3014793,8/23/17,49,GROCERY I,52,5463
3014799,8/23/17,49,HOME CARE,7,358
3014801,8/23/17,49,LAWN AND GARDEN,5,15
3014805,8/23/17,49,MEATS,0,983.105
3014806,8/23/17,49,PERSONAL CARE,16,270
3014808,8/23/17,49,PLAYERS AND ELECTRONICS,0,30
3014809,8/23/17,49,POULTRY,0,1041.163
3014810,8/23/17,49,PREPARED FOODS,0,326.18
3014811,8/23/17,49,PRODUCE,244,8248.459
3014813,8/23/17,49,SEAFOOD,0,96.911
3014817,8/23/17,5,BEVERAGES,18,681
3014819,8/23/17,5,BREAD/BAKERY,10,275.637
3014820,8/23/17,5,CELEBRATION,0,27
3014821,8/23/17,5,CLEANING,14,838
3014822,8/23/17,5,DAIRY,18,510
3014823,8/23/17,5,DELI,10,305.384
3014824,8/23/17,5,EGGS,0,117
3014825,8/23/17,5,FROZEN FOODS,0,125.135
3014826,8/23/17,5,GROCERY I,38,2713
3014832,8/23/17,5,HOME CARE,7,337
3014834,8/23/17,5,LAWN AND GARDEN,3,1
3014838,8/23/17,5,MEATS,0,279.986
3014839,8/23/17,5,PERSONAL CARE,13,256
3014842,8/23/17,5,POULTRY,0,241.7
3014843,8/23/17,5,PREPARED FOODS,0,78.573
3014844,8/23/17,5,PRODUCE,171,4
3014846,8/23/17,5,SEAFOOD,0,30.582
3014847,8/23/17,50,AUTOMOTIVE,0,17
3014850,8/23/17,50,BEVERAGES,22,1463
3014852,8/23/17,50,BREAD/BAKERY,18,466.783
3014853,8/23/17,50,CELEBRATION,0,29
3014854,8/23/17,50,CLEANING,12,1421
3014855,8/23/17,50,DAIRY,23,1094
3014856,8/23/17,50,DELI,11,368.328
3014857,8/23/17,50,EGGS,0,103
3014858,8/23/17,50,FROZEN FOODS,0,123
3014859,8/23/17,50,GROCERY I,43,5329
3014863,8/23/17,50,HOME AND KITCHEN II,2,29
3014865,8/23/17,50,HOME CARE,6,505
3014871,8/23/17,50,MEATS,0,521.215
3014872,8/23/17,50,PERSONAL CARE,15,295
3014874,8/23/17,50,PLAYERS AND ELECTRONICS,0,21
3014875,8/23/17,50,POULTRY,0,531.095
3014876,8/23/17,50,PREPARED FOODS,0,116.573
3014877,8/23/17,50,PRODUCE,223,2931.032
3014879,8/23/17,50,SEAFOOD,0,29.085001
3014883,8/23/17,51,BEVERAGES,31,7311
3014885,8/23/17,51,BREAD/BAKERY,20,1148.096
3014886,8/23/17,51,CELEBRATION,0,8
3014887,8/23/17,51,CLEANING,10,2098
3014888,8/23/17,51,DAIRY,26,2104
3014889,8/23/17,51,DELI,10,328.069
3014890,8/23/17,51,EGGS,0,367
3014891,8/23/17,51,FROZEN FOODS,0,628.92
3014892,8/23/17,51,GROCERY I,42,6223
3014895,8/23/17,51,HOME AND KITCHEN I,0,5
3014898,8/23/17,51,HOME CARE,6,400
3014900,8/23/17,51,LAWN AND GARDEN,7,6
3014904,8/23/17,51,MEATS,0,509.478
3014905,8/23/17,51,PERSONAL CARE,12,544
3014907,8/23/17,51,PLAYERS AND ELECTRONICS,0,20
3014908,8/23/17,51,POULTRY,0,694.898
3014909,8/23/17,51,PREPARED FOODS,0,200
3014910,8/23/17,51,PRODUCE,212,9940.145
3014912,8/23/17,51,SEAFOOD,1,111.006
3014949,8/23/17,53,BEVERAGES,19,510
3014951,8/23/17,53,BREAD/BAKERY,11,335.096
3014952,8/23/17,53,CELEBRATION,0,6
3014953,8/23/17,53,CLEANING,16,489
3014954,8/23/17,53,DAIRY,20,335
3014955,8/23/17,53,DELI,8,110.476
3014956,8/23/17,53,EGGS,0,48
3014957,8/23/17,53,FROZEN FOODS,0,141
3014958,8/23/17,53,GROCERY I,35,1557
3014964,8/23/17,53,HOME CARE,5,204
3014970,8/23/17,53,MEATS,0,236.905
3014971,8/23/17,53,PERSONAL CARE,10,136
3014973,8/23/17,53,PLAYERS AND ELECTRONICS,0,12
3014974,8/23/17,53,POULTRY,0,164.829
3014975,8/23/17,53,PREPARED FOODS,0,56.444
3014976,8/23/17,53,PRODUCE,155,2711.263
3014978,8/23/17,53,SEAFOOD,0,5
3014979,8/23/17,54,AUTOMOTIVE,0,2
3014981,8/23/17,54,BEAUTY,0,1
3014982,8/23/17,54,BEVERAGES,24,872
3014984,8/23/17,54,BREAD/BAKERY,5,136
3014985,8/23/17,54,CELEBRATION,0,1
3014986,8/23/17,54,CLEANING,16,611
3014987,8/23/17,54,DAIRY,61,154
3014988,8/23/17,54,DELI,5,143
3014989,8/23/17,54,EGGS,1,30
3014990,8/23/17,54,FROZEN FOODS,0,10.166
3014991,8/23/17,54,GROCERY I,46,1519
3014992,8/23/17,54,GROCERY II,0,6
3014993,8/23/17,54,HARDWARE,0,2
3014994,8/23/17,54,HOME AND KITCHEN I,0,14
3014995,8/23/17,54,HOME AND KITCHEN II,0,11
3014997,8/23/17,54,HOME CARE,9,138
3015000,8/23/17,54,LINGERIE,0,9
3015003,8/23/17,54,MEATS,0,58.312
3015004,8/23/17,54,PERSONAL CARE,10,122
3015007,8/23/17,54,POULTRY,0,34.337
3015008,8/23/17,54,PREPARED FOODS,0,99
3015009,8/23/17,54,PRODUCE,2,653.491
3015011,8/23/17,54,SEAFOOD,0,3
3015014,8/23/17,6,BEAUTY,1,3
3015015,8/23/17,6,BEVERAGES,27,1050
3015017,8/23/17,6,BREAD/BAKERY,16,346.316
3015018,8/23/17,6,CELEBRATION,0,11
3015019,8/23/17,6,CLEANING,16,797
3015020,8/23/17,6,DAIRY,23,715
3015021,8/23/17,6,DELI,10,230.665
3015022,8/23/17,6,EGGS,0,144
3015023,8/23/17,6,FROZEN FOODS,0,135
3015024,8/23/17,6,GROCERY I,39,3073
3015030,8/23/17,6,HOME CARE,5,373
3015032,8/23/17,6,LAWN AND GARDEN,7,7
3015034,8/23/17,6,LIQUOR WINE BEER,3,59
3015036,8/23/17,6,MEATS,0,595.626
3015037,8/23/17,6,PERSONAL CARE,15,401
3015040,8/23/17,6,POULTRY,0,870.827
3015041,8/23/17,6,PREPARED FOODS,0,162.702
3015042,8/23/17,6,PRODUCE,191,29
3015044,8/23/17,6,SEAFOOD,1,40.726
3015048,8/23/17,7,BEVERAGES,23,2272
3015050,8/23/17,7,BREAD/BAKERY,12,518.276
3015051,8/23/17,7,CELEBRATION,0,17
3015052,8/23/17,7,CLEANING,8,1059
3015053,8/23/17,7,DAIRY,24,1025
3015054,8/23/17,7,DELI,11,163.209
3015055,8/23/17,7,EGGS,0,263
3015056,8/23/17,7,FROZEN FOODS,0,208
3015057,8/23/17,7,GROCERY I,38,3906
3015063,8/23/17,7,HOME CARE,6,308
3015065,8/23/17,7,LAWN AND GARDEN,9,24
3015069,8/23/17,7,MEATS,0,696.255
3015070,8/23/17,7,PERSONAL CARE,13,230
3015072,8/23/17,7,PLAYERS AND ELECTRONICS,0,14
3015073,8/23/17,7,POULTRY,0,887.265
3015074,8/23/17,7,PREPARED FOODS,0,212.95801
3015075,8/23/17,7,PRODUCE,229,2
3015077,8/23/17,7,SEAFOOD,1,72.985
3015081,8/23/17,8,BEVERAGES,24,1600
3015083,8/23/17,8,BREAD/BAKERY,16,509.29102
3015085,8/23/17,8,CLEANING,13,1200
3015086,8/23/17,8,DAIRY,21,1376
3015087,8/23/17,8,DELI,10,282.744
3015088,8/23/17,8,EGGS,0,358
3015089,8/23/17,8,FROZEN FOODS,0,170
3015090,8/23/17,8,GROCERY I,48,3998
3015096,8/23/17,8,HOME CARE,5,365
3015098,8/23/17,8,LAWN AND GARDEN,8,15
3015102,8/23/17,8,MEATS,0,1129.43
3015103,8/23/17,8,PERSONAL CARE,14,254
3015105,8/23/17,8,PLAYERS AND ELECTRONICS,0,12
3015106,8/23/17,8,POULTRY,0,588.473
3015107,8/23/17,8,PREPARED FOODS,0,226.95
3015108,8/23/17,8,PRODUCE,237,1
3015110,8/23/17,8,SEAFOOD,0,73.304
3015111,8/23/17,9,AUTOMOTIVE,0,21
3015114,8/23/17,9,BEVERAGES,27,2217
3015116,8/23/17,9,BREAD/BAKERY,8,521
3015118,8/23/17,9,CLEANING,24,1752
3015119,8/23/17,9,DAIRY,138,584
3015120,8/23/17,9,DELI,8,602.9347
3015121,8/23/17,9,EGGS,1,136
3015122,8/23/17,9,FROZEN FOODS,0,61.495
3015123,8/23/17,9,GROCERY I,63,7685
3015124,8/23/17,9,GROCERY II,0,18
3015126,8/23/17,9,HOME AND KITCHEN I,1,44
3015129,8/23/17,9,HOME CARE,10,696
3015130,8/23/17,9,LADIESWEAR,0,14
3015131,8/23/17,9,LAWN AND GARDEN,0,3
3015135,8/23/17,9,MEATS,0,404.3831
3015136,8/23/17,9,PERSONAL CARE,15,334
3015139,8/23/17,9,POULTRY,0,613.71704
3015140,8/23/17,9,PREPARED FOODS,0,56.86
3015141,8/23/17,9,PRODUCE,2,1906.603
3015143,8/23/17,9,SEAFOOD,0,22.9274
3015147,8/24/17,1,BEVERAGES,26,2803
3015149,8/24/17,1,BREAD/BAKERY,1,232.343
3015150,8/24/17,1,CELEBRATION,0,13
3015151,8/24/17,1,CLEANING,12,720
3015152,8/24/17,1,DAIRY,13,710
3015153,8/24/17,1,DELI,11,144.572
3015154,8/24/17,1,EGGS,0,163
3015155,8/24/17,1,FROZEN FOODS,0,97
3015156,8/24/17,1,GROCERY I,44,2327
3015162,8/24/17,1,HOME CARE,6,211
3015164,8/24/17,1,LAWN AND GARDEN,0,20
3015168,8/24/17,1,MEATS,0,712.06
3015169,8/24/17,1,PERSONAL CARE,7,145
3015171,8/24/17,1,PLAYERS AND ELECTRONICS,0,7
3015172,8/24/17,1,POULTRY,0,709.636
3015173,8/24/17,1,PREPARED FOODS,0,127.85
3015174,8/24/17,1,PRODUCE,3,3951.501
3015176,8/24/17,1,SEAFOOD,1,30.559
3015177,8/24/17,10,AUTOMOTIVE,0,5
3015179,8/24/17,10,BEAUTY,0,1
3015180,8/24/17,10,BEVERAGES,13,370
3015182,8/24/17,10,BREAD/BAKERY,2,112
3015184,8/24/17,10,CLEANING,16,776
3015185,8/24/17,10,DAIRY,7,336
3015186,8/24/17,10,DELI,4,205
3015187,8/24/17,10,EGGS,1,11
3015188,8/24/17,10,FROZEN FOODS,1,50.571
3015189,8/24/17,10,GROCERY I,52,2463
3015191,8/24/17,10,HARDWARE,0,2
3015192,8/24/17,10,HOME AND KITCHEN I,1,24
3015195,8/24/17,10,HOME CARE,7,310
3015198,8/24/17,10,LINGERIE,0,6
3015201,8/24/17,10,MEATS,18,205.056
3015202,8/24/17,10,PERSONAL CARE,8,131
3015205,8/24/17,10,POULTRY,0,216.878
3015206,8/24/17,10,PREPARED FOODS,0,19
3015207,8/24/17,10,PRODUCE,1,351.215
3015209,8/24/17,10,SEAFOOD,0,5
3015210,8/24/17,11,AUTOMOTIVE,0,6
3015213,8/24/17,11,BEVERAGES,27,1836
3015215,8/24/17,11,BREAD/BAKERY,5,576
3015216,8/24/17,11,CELEBRATION,0,31
3015217,8/24/17,11,CLEANING,24,1189
3015218,8/24/17,11,DAIRY,11,320
3015219,8/24/17,11,DELI,10,244.813
3015220,8/24/17,11,EGGS,1,88
3015221,8/24/17,11,FROZEN FOODS,0,52
3015222,8/24/17,11,GROCERY I,59,6304.683
3015223,8/24/17,11,GROCERY II,0,21
3015225,8/24/17,11,HOME AND KITCHEN I,1,13
3015226,8/24/17,11,HOME AND KITCHEN II,1,13
3015228,8/24/17,11,HOME CARE,8,933
3015229,8/24/17,11,LADIESWEAR,0,16
3015231,8/24/17,11,LINGERIE,0,14
3015232,8/24/17,11,LIQUOR WINE BEER,1,81
3015234,8/24/17,11,MEATS,22,694.64
3015235,8/24/17,11,PERSONAL CARE,14,234
3015237,8/24/17,11,PLAYERS AND ELECTRONICS,0,10
3015238,8/24/17,11,POULTRY,0,776.195
3015239,8/24/17,11,PREPARED FOODS,0,41
3015240,8/24/17,11,PRODUCE,1,1988.468
3015242,8/24/17,11,SEAFOOD,0,14
3015243,8/24/17,12,AUTOMOTIVE,0,9
3015246,8/24/17,12,BEVERAGES,14,517
3015248,8/24/17,12,BREAD/BAKERY,2,152
3015250,8/24/17,12,CLEANING,17,695
3015251,8/24/17,12,DAIRY,8,272
3015252,8/24/17,12,DELI,6,120
3015253,8/24/17,12,EGGS,1,70
3015254,8/24/17,12,FROZEN FOODS,0,52
3015255,8/24/17,12,GROCERY I,50,2088
3015267,8/24/17,12,MEATS,19,159.299
3015268,8/24/17,12,PERSONAL CARE,12,213
3015270,8/24/17,12,PLAYERS AND ELECTRONICS,0,6
3015271,8/24/17,12,POULTRY,0,305.056
3015273,8/24/17,12,PRODUCE,1,341.653
3015279,8/24/17,13,BEVERAGES,15,453
3015281,8/24/17,13,BREAD/BAKERY,3,103
3015283,8/24/17,13,CLEANING,13,594
3015284,8/24/17,13,DAIRY,4,238
3015285,8/24/17,13,DELI,3,85
3015286,8/24/17,13,EGGS,1,54
3015287,8/24/17,13,FROZEN FOODS,0,15
3015288,8/24/17,13,GROCERY I,41,1654
3015295,8/24/17,13,LADIESWEAR,0,5
3015300,8/24/17,13,MEATS,17,131.586
3015301,8/24/17,13,PERSONAL CARE,8,143
3015304,8/24/17,13,POULTRY,0,135.026
3015305,8/24/17,13,PREPARED FOODS,0,14
3015306,8/24/17,13,PRODUCE,0,299.712
3015309,8/24/17,14,AUTOMOTIVE,0,4
3015312,8/24/17,14,BEVERAGES,20,441
3015314,8/24/17,14,BREAD/BAKERY,3,174
3015315,8/24/17,14,CELEBRATION,0,4
3015316,8/24/17,14,CLEANING,17,816
3015317,8/24/17,14,DAIRY,3,483
3015318,8/24/17,14,DELI,2,131
3015319,8/24/17,14,EGGS,1,41
3015320,8/24/17,14,FROZEN FOODS,0,13
3015321,8/24/17,14,GROCERY I,52,1907
3015324,8/24/17,14,HOME AND KITCHEN I,0,8
3015330,8/24/17,14,LINGERIE,0,5
3015331,8/24/17,14,LIQUOR WINE BEER,0,7
3015333,8/24/17,14,MEATS,14,381.589
3015334,8/24/17,14,PERSONAL CARE,11,194
3015337,8/24/17,14,POULTRY,0,86.333
3015338,8/24/17,14,PREPARED FOODS,0,38
3015339,8/24/17,14,PRODUCE,2,479.677
3015342,8/24/17,15,AUTOMOTIVE,0,8
3015344,8/24/17,15,BEAUTY,0,1
3015345,8/24/17,15,BEVERAGES,22,612
3015347,8/24/17,15,BREAD/BAKERY,2,199
3015348,8/24/17,15,CELEBRATION,0,4
3015349,8/24/17,15,CLEANING,19,620
3015350,8/24/17,15,DAIRY,8,329
3015351,8/24/17,15,DELI,5,262
3015352,8/24/17,15,EGGS,1,55
3015353,8/24/17,15,FROZEN FOODS,0,23
3015354,8/24/17,15,GROCERY I,57,3720
3015360,8/24/17,15,HOME CARE,8,233
3015361,8/24/17,15,LADIESWEAR,0,12
3015363,8/24/17,15,LINGERIE,0,1
3015364,8/24/17,15,LIQUOR WINE BEER,1,35
3015366,8/24/17,15,MEATS,15,149.201
3015367,8/24/17,15,PERSONAL CARE,8,180
3015370,8/24/17,15,POULTRY,0,97.654
3015371,8/24/17,15,PREPARED FOODS,1,20
3015372,8/24/17,15,PRODUCE,1,903.658
3015374,8/24/17,15,SEAFOOD,0,3
3015375,8/24/17,16,AUTOMOTIVE,0,5
3015378,8/24/17,16,BEVERAGES,19,401
3015380,8/24/17,16,BREAD/BAKERY,3,181
3015382,8/24/17,16,CLEANING,13,838
3015383,8/24/17,16,DAIRY,6,508
3015384,8/24/17,16,DELI,4,221
3015385,8/24/17,16,EGGS,1,258
3015386,8/24/17,16,FROZEN FOODS,0,12
3015387,8/24/17,16,GROCERY I,48,2578
3015391,8/24/17,16,HOME AND KITCHEN II,0,9
3015399,8/24/17,16,MEATS,15,68.885
3015400,8/24/17,16,PERSONAL CARE,9,164
3015403,8/24/17,16,POULTRY,0,76.512
3015404,8/24/17,16,PREPARED FOODS,0,62
3015405,8/24/17,16,PRODUCE,0,1062.49
3015407,8/24/17,16,SEAFOOD,0,5
3015408,8/24/17,17,AUTOMOTIVE,0,5
3015411,8/24/17,17,BEVERAGES,20,1173
3015413,8/24/17,17,BREAD/BAKERY,3,204
3015415,8/24/17,17,CLEANING,16,772
3015416,8/24/17,17,DAIRY,10,404
3015417,8/24/17,17,DELI,8,232
3015418,8/24/17,17,EGGS,1,72
3015419,8/24/17,17,FROZEN FOODS,0,29
3015420,8/24/17,17,GROCERY I,52,2576
3015423,8/24/17,17,HOME AND KITCHEN I,0,19
3015426,8/24/17,17,HOME CARE,10,267
3015432,8/24/17,17,MEATS,18,220.509
3015433,8/24/17,17,PERSONAL CARE,10,130
3015436,8/24/17,17,POULTRY,0,348.53
3015437,8/24/17,17,PREPARED FOODS,0,59
3015438,8/24/17,17,PRODUCE,1,1054.232
3015440,8/24/17,17,SEAFOOD,0,20
3015441,8/24/17,18,AUTOMOTIVE,0,2
3015444,8/24/17,18,BEVERAGES,27,952
3015446,8/24/17,18,BREAD/BAKERY,3,656
3015448,8/24/17,18,CLEANING,14,602
3015449,8/24/17,18,DAIRY,9,444
3015450,8/24/17,18,DELI,9,154.771
3015451,8/24/17,18,EGGS,1,112
3015452,8/24/17,18,FROZEN FOODS,0,28
3015453,8/24/17,18,GROCERY I,63,1607.357
3015459,8/24/17,18,HOME CARE,9,204
3015465,8/24/17,18,MEATS,19,162.8255
3015466,8/24/17,18,PERSONAL CARE,10,118
3015469,8/24/17,18,POULTRY,0,165.4432
3015470,8/24/17,18,PREPARED FOODS,0,45
3015471,8/24/17,18,PRODUCE,2,2035.715
3015473,8/24/17,18,SEAFOOD,0,7.6296
3015477,8/24/17,19,BEVERAGES,16,1060
3015479,8/24/17,19,BREAD/BAKERY,1,222
3015481,8/24/17,19,CLEANING,19,1342
3015482,8/24/17,19,DAIRY,3,444
3015483,8/24/17,19,DELI,5,146
3015484,8/24/17,19,EGGS,1,243
3015485,8/24/17,19,FROZEN FOODS,0,31
3015486,8/24/17,19,GROCERY I,47,1987
3015492,8/24/17,19,HOME CARE,5,258
3015498,8/24/17,19,MEATS,16,140.98401
3015499,8/24/17,19,PERSONAL CARE,11,175
3015500,8/24/17,19,PET SUPPLIES,0,1
3015502,8/24/17,19,POULTRY,0,96.194
3015503,8/24/17,19,PREPARED FOODS,0,26
3015504,8/24/17,19,PRODUCE,1,424.717
3015510,8/24/17,2,BEVERAGES,35,1044
3015512,8/24/17,2,BREAD/BAKERY,12,338.022
3015513,8/24/17,2,CELEBRATION,0,10
3015514,8/24/17,2,CLEANING,10,838
3015515,8/24/17,2,DAIRY,9,827
3015516,8/24/17,2,DELI,9,232.299
3015517,8/24/17,2,EGGS,0,187
3015518,8/24/17,2,FROZEN FOODS,0,117
3015519,8/24/17,2,GROCERY I,55,3052
3015525,8/24/17,2,HOME CARE,7,294
3015527,8/24/17,2,LAWN AND GARDEN,0,9
3015530,8/24/17,2,MAGAZINES,0,3
3015531,8/24/17,2,MEATS,0,388.863
3015532,8/24/17,2,PERSONAL CARE,11,242
3015534,8/24/17,2,PLAYERS AND ELECTRONICS,0,8
3015535,8/24/17,2,POULTRY,0,713.881
3015536,8/24/17,2,PREPARED FOODS,0,122.783005
3015537,8/24/17,2,PRODUCE,3,37
3015539,8/24/17,2,SEAFOOD,0,33.77
3015642,8/24/17,23,BEVERAGES,27,397
3015644,8/24/17,23,BREAD/BAKERY,9,226.65
3015646,8/24/17,23,CLEANING,8,589
3015647,8/24/17,23,DAIRY,8,494
3015648,8/24/17,23,DELI,7,102.628
3015649,8/24/17,23,EGGS,0,45
3015650,8/24/17,23,FROZEN FOODS,0,81
3015651,8/24/17,23,GROCERY I,40,1557
3015657,8/24/17,23,HOME CARE,4,178
3015663,8/24/17,23,MEATS,0,555.362
3015664,8/24/17,23,PERSONAL CARE,8,218
3015666,8/24/17,23,PLAYERS AND ELECTRONICS,0,8
3015667,8/24/17,23,POULTRY,0,460.176
3015668,8/24/17,23,PREPARED FOODS,0,53.551
3015669,8/24/17,23,PRODUCE,3,3
3015671,8/24/17,23,SEAFOOD,1,21.391
3015675,8/24/17,24,BEVERAGES,31,2678
3015677,8/24/17,24,BREAD/BAKERY,12,720.787
3015679,8/24/17,24,CLEANING,12,858
3015680,8/24/17,24,DAIRY,14,905
3015681,8/24/17,24,DELI,9,193.168
3015682,8/24/17,24,EGGS,0,181
3015683,8/24/17,24,FROZEN FOODS,0,171.753
3015684,8/24/17,24,GROCERY I,45,2829
3015690,8/24/17,24,HOME CARE,5,294
3015692,8/24/17,24,LAWN AND GARDEN,0,8
3015696,8/24/17,24,MEATS,0,415.47
3015697,8/24/17,24,PERSONAL CARE,8,271
3015700,8/24/17,24,POULTRY,0,541.872
3015701,8/24/17,24,PREPARED FOODS,0,101.526
3015702,8/24/17,24,PRODUCE,1,6300.022
3015704,8/24/17,24,SEAFOOD,1,54.814
3015708,8/24/17,25,BEVERAGES,22,659
3015710,8/24/17,25,BREAD/BAKERY,11,289.614
3015711,8/24/17,25,CELEBRATION,0,9
3015712,8/24/17,25,CLEANING,7,392
3015713,8/24/17,25,DAIRY,12,388
3015714,8/24/17,25,DELI,8,132.409
3015715,8/24/17,25,EGGS,0,130
3015716,8/24/17,25,FROZEN FOODS,0,61
3015717,8/24/17,25,GROCERY I,32,945
3015723,8/24/17,25,HOME CARE,1,82
3015725,8/24/17,25,LAWN AND GARDEN,0,4
3015729,8/24/17,25,MEATS,0,284.116
3015730,8/24/17,25,PERSONAL CARE,3,84
3015733,8/24/17,25,POULTRY,0,244.18
3015734,8/24/17,25,PREPARED FOODS,0,70.653
3015735,8/24/17,25,PRODUCE,1,1920.234
3015737,8/24/17,25,SEAFOOD,0,5
3015741,8/24/17,26,BEVERAGES,19,307
3015743,8/24/17,26,BREAD/BAKERY,5,221
3015744,8/24/17,26,CELEBRATION,0,10
3015745,8/24/17,26,CLEANING,7,361
3015746,8/24/17,26,DAIRY,4,177
3015747,8/24/17,26,DELI,1,110.341
3015748,8/24/17,26,EGGS,0,37
3015749,8/24/17,26,FROZEN FOODS,0,25
3015750,8/24/17,26,GROCERY I,32,1101
3015756,8/24/17,26,HOME CARE,2,154
3015762,8/24/17,26,MEATS,0,328.973
3015763,8/24/17,26,PERSONAL CARE,4,108
3015765,8/24/17,26,PLAYERS AND ELECTRONICS,0,6
3015766,8/24/17,26,POULTRY,0,90.538
3015767,8/24/17,26,PREPARED FOODS,0,5
3015768,8/24/17,26,PRODUCE,2,623.403
3015770,8/24/17,26,SEAFOOD,0,3.53
3015774,8/24/17,27,BEVERAGES,30,2801
3015776,8/24/17,27,BREAD/BAKERY,12,402.836
3015777,8/24/17,27,CELEBRATION,0,18
3015778,8/24/17,27,CLEANING,10,444
3015779,8/24/17,27,DAIRY,14,507
3015780,8/24/17,27,DELI,7,192.817
3015781,8/24/17,27,EGGS,0,127
3015782,8/24/17,27,FROZEN FOODS,0,87
3015783,8/24/17,27,GROCERY I,52,2053
3015789,8/24/17,27,HOME CARE,6,213
3015791,8/24/17,27,LAWN AND GARDEN,0,7
3015795,8/24/17,27,MEATS,0,180.439
3015796,8/24/17,27,PERSONAL CARE,5,134
3015798,8/24/17,27,PLAYERS AND ELECTRONICS,0,3
3015799,8/24/17,27,POULTRY,0,278.428
3015800,8/24/17,27,PREPARED FOODS,0,89.805
3015801,8/24/17,27,PRODUCE,1,5
3015803,8/24/17,27,SEAFOOD,1,26.337
3015804,8/24/17,28,AUTOMOTIVE,0,15
3015807,8/24/17,28,BEVERAGES,29,938
3015809,8/24/17,28,BREAD/BAKERY,3,379
3015811,8/24/17,28,CLEANING,22,742
3015812,8/24/17,28,DAIRY,9,593
3015813,8/24/17,28,DELI,7,207.552
3015814,8/24/17,28,EGGS,1,576
3015815,8/24/17,28,FROZEN FOODS,0,25
3015816,8/24/17,28,GROCERY I,58,3055.992
3015817,8/24/17,28,GROCERY II,0,4
3015819,8/24/17,28,HOME AND KITCHEN I,1,27
3015821,8/24/17,28,HOME APPLIANCES,0,1
3015822,8/24/17,28,HOME CARE,8,247
3015825,8/24/17,28,LINGERIE,0,22
3015826,8/24/17,28,LIQUOR WINE BEER,2,226
3015828,8/24/17,28,MEATS,23,93.684
3015829,8/24/17,28,PERSONAL CARE,8,212
3015830,8/24/17,28,PET SUPPLIES,0,4
3015832,8/24/17,28,POULTRY,0,171.098
3015833,8/24/17,28,PREPARED FOODS,0,38.507
3015834,8/24/17,28,PRODUCE,1,2646.4429
3015836,8/24/17,28,SEAFOOD,0,3
3015873,8/24/17,3,BEVERAGES,33,3384
3015875,8/24/17,3,BREAD/BAKERY,10,877.256
3015876,8/24/17,3,CELEBRATION,0,16
3015877,8/24/17,3,CLEANING,13,1950
3015878,8/24/17,3,DAIRY,14,1697
3015879,8/24/17,3,DELI,10,328.706
3015880,8/24/17,3,EGGS,0,502
3015881,8/24/17,3,FROZEN FOODS,0,286.856
3015882,8/24/17,3,GROCERY I,64,6162
3015888,8/24/17,3,HOME CARE,9,560
3015890,8/24/17,3,LAWN AND GARDEN,0,22
3015894,8/24/17,3,MEATS,0,1135.474
3015895,8/24/17,3,PERSONAL CARE,15,323
3015897,8/24/17,3,PLAYERS AND ELECTRONICS,0,21
3015898,8/24/17,3,POULTRY,0,1613.129
3015899,8/24/17,3,PREPARED FOODS,0,487.036
3015900,8/24/17,3,PRODUCE,3,5
3015902,8/24/17,3,SEAFOOD,1,122.735
3015906,8/24/17,30,BEVERAGES,22,516
3015908,8/24/17,30,BREAD/BAKERY,3,115
3015910,8/24/17,30,CLEANING,13,337
3015911,8/24/17,30,DAIRY,7,207
3015912,8/24/17,30,DELI,3,92
3015913,8/24/17,30,EGGS,1,154
3015914,8/24/17,30,FROZEN FOODS,0,28
3015915,8/24/17,30,GROCERY I,43,1120
3015927,8/24/17,30,MEATS,19,83.821
3015928,8/24/17,30,PERSONAL CARE,5,84
3015931,8/24/17,30,POULTRY,0,123.522995
3015933,8/24/17,30,PRODUCE,1,823.68
3015936,8/24/17,31,AUTOMOTIVE,0,12
3015939,8/24/17,31,BEVERAGES,24,791
3015941,8/24/17,31,BREAD/BAKERY,3,288
3015942,8/24/17,31,CELEBRATION,0,6
3015943,8/24/17,31,CLEANING,22,754
3015944,8/24/17,31,DAIRY,5,877
3015945,8/24/17,31,DELI,7,199.965
3015946,8/24/17,31,EGGS,1,185
3015947,8/24/17,31,FROZEN FOODS,0,47.727
3015948,8/24/17,31,GROCERY I,62,2346.024
3015949,8/24/17,31,GROCERY II,0,7
3015951,8/24/17,31,HOME AND KITCHEN I,1,18
3015952,8/24/17,31,HOME AND KITCHEN II,1,8
3015954,8/24/17,31,HOME CARE,13,304
3015960,8/24/17,31,MEATS,23,399.5386
3015961,8/24/17,31,PERSONAL CARE,11,278
3015964,8/24/17,31,POULTRY,0,146.829
3015965,8/24/17,31,PREPARED FOODS,0,49
3015966,8/24/17,31,PRODUCE,1,2304.033
3015968,8/24/17,31,SEAFOOD,0,1
3015972,8/24/17,32,BEVERAGES,22,208
3015974,8/24/17,32,BREAD/BAKERY,2,101
3015976,8/24/17,32,CLEANING,13,231
3015977,8/24/17,32,DAIRY,2,84
3015978,8/24/17,32,DELI,1,80
3015979,8/24/17,32,EGGS,1,93
3015980,8/24/17,32,FROZEN FOODS,0,5
3015981,8/24/17,32,GROCERY I,48,807
3015984,8/24/17,32,HOME AND KITCHEN I,0,17
3015987,8/24/17,32,HOME CARE,4,81
3015990,8/24/17,32,LINGERIE,0,1
3015993,8/24/17,32,MEATS,18,60.69
3015994,8/24/17,32,PERSONAL CARE,6,64
3015997,8/24/17,32,POULTRY,0,82.32
3015999,8/24/17,32,PRODUCE,1,325.106
3016002,8/24/17,33,AUTOMOTIVE,0,3
3016004,8/24/17,33,BEAUTY,0,1
3016005,8/24/17,33,BEVERAGES,20,431
3016007,8/24/17,33,BREAD/BAKERY,3,231
3016008,8/24/17,33,CELEBRATION,0,5
3016009,8/24/17,33,CLEANING,16,692
3016010,8/24/17,33,DAIRY,3,380
3016011,8/24/17,33,DELI,4,160
3016012,8/24/17,33,EGGS,1,194
3016013,8/24/17,33,FROZEN FOODS,0,39
3016014,8/24/17,33,GROCERY I,51,2189
3016016,8/24/17,33,HARDWARE,0,1
3016017,8/24/17,33,HOME AND KITCHEN I,0,25
3016018,8/24/17,33,HOME AND KITCHEN II,0,5
3016019,8/24/17,33,HOME APPLIANCES,0,1
3016020,8/24/17,33,HOME CARE,7,190
3016023,8/24/17,33,LINGERIE,0,18
3016024,8/24/17,33,LIQUOR WINE BEER,0,111
3016026,8/24/17,33,MEATS,22,291.105
3016027,8/24/17,33,PERSONAL CARE,12,256
3016029,8/24/17,33,PLAYERS AND ELECTRONICS,0,4
3016030,8/24/17,33,POULTRY,0,245.133
3016031,8/24/17,33,PREPARED FOODS,0,31
3016032,8/24/17,33,PRODUCE,1,2103.285
3016034,8/24/17,33,SEAFOOD,0,8
3016035,8/24/17,34,AUTOMOTIVE,0,5
3016038,8/24/17,34,BEVERAGES,21,1064
3016040,8/24/17,34,BREAD/BAKERY,3,470
3016041,8/24/17,34,CELEBRATION,0,28
3016042,8/24/17,34,CLEANING,22,844
3016043,8/24/17,34,DAIRY,5,526
3016044,8/24/17,34,DELI,5,185.98
3016045,8/24/17,34,EGGS,1,135
3016046,8/24/17,34,FROZEN FOODS,0,111.486
3016047,8/24/17,34,GROCERY I,60,2515.524
3016048,8/24/17,34,GROCERY II,0,5
3016050,8/24/17,34,HOME AND KITCHEN I,0,25
3016051,8/24/17,34,HOME AND KITCHEN II,2,44
3016052,8/24/17,34,HOME APPLIANCES,0,1
3016053,8/24/17,34,HOME CARE,5,343
3016056,8/24/17,34,LINGERIE,0,18
3016059,8/24/17,34,MEATS,22,198.817
3016060,8/24/17,34,PERSONAL CARE,13,304
3016063,8/24/17,34,POULTRY,1,157.826
3016064,8/24/17,34,PREPARED FOODS,0,27
3016065,8/24/17,34,PRODUCE,0,1492.19
3016067,8/24/17,34,SEAFOOD,0,9
3016068,8/24/17,35,AUTOMOTIVE,0,1
3016070,8/24/17,35,BEAUTY,0,1
3016071,8/24/17,35,BEVERAGES,21,374
3016073,8/24/17,35,BREAD/BAKERY,1,50
3016074,8/24/17,35,CELEBRATION,0,7
3016075,8/24/17,35,CLEANING,17,205
3016076,8/24/17,35,DAIRY,6,109
3016077,8/24/17,35,DELI,3,26
3016078,8/24/17,35,EGGS,1,108
3016079,8/24/17,35,FROZEN FOODS,0,11.877
3016080,8/24/17,35,GROCERY I,51,862
3016081,8/24/17,35,GROCERY II,0,3
3016082,8/24/17,35,HARDWARE,0,1
3016083,8/24/17,35,HOME AND KITCHEN I,0,11
3016084,8/24/17,35,HOME AND KITCHEN II,0,13
3016085,8/24/17,35,HOME APPLIANCES,0,1
3016086,8/24/17,35,HOME CARE,6,104
3016089,8/24/17,35,LINGERIE,0,7
3016092,8/24/17,35,MEATS,20,193.307
3016093,8/24/17,35,PERSONAL CARE,6,43
3016096,8/24/17,35,POULTRY,0,81.097
3016097,8/24/17,35,PREPARED FOODS,0,19
3016098,8/24/17,35,PRODUCE,1,627.733
3016100,8/24/17,35,SEAFOOD,0,1
3016101,8/24/17,36,AUTOMOTIVE,0,5
3016104,8/24/17,36,BEVERAGES,27,1025
3016106,8/24/17,36,BREAD/BAKERY,2,465
3016107,8/24/17,36,CELEBRATION,0,9
3016108,8/24/17,36,CLEANING,16,859
3016109,8/24/17,36,DAIRY,5,528
3016110,8/24/17,36,DELI,6,154.806
3016111,8/24/17,36,EGGS,1,115
3016112,8/24/17,36,FROZEN FOODS,0,78.06
3016113,8/24/17,36,GROCERY I,58,1881.333
3016116,8/24/17,36,HOME AND KITCHEN I,0,31
3016117,8/24/17,36,HOME AND KITCHEN II,1,5
3016119,8/24/17,36,HOME CARE,7,269
3016121,8/24/17,36,LAWN AND GARDEN,0,4
3016122,8/24/17,36,LINGERIE,0,14
3016125,8/24/17,36,MEATS,22,107.645
3016126,8/24/17,36,PERSONAL CARE,11,169
3016129,8/24/17,36,POULTRY,0,76.678
3016130,8/24/17,36,PREPARED FOODS,0,30.554
3016131,8/24/17,36,PRODUCE,1,2792.749
3016133,8/24/17,36,SEAFOOD,0,1
3016137,8/24/17,37,BEVERAGES,35,1064
3016139,8/24/17,37,BREAD/BAKERY,12,488.135
3016140,8/24/17,37,CELEBRATION,0,11
3016141,8/24/17,37,CLEANING,10,1074
3016142,8/24/17,37,DAIRY,8,938
3016143,8/24/17,37,DELI,10,116.798996
3016144,8/24/17,37,EGGS,0,181
3016145,8/24/17,37,FROZEN FOODS,0,191
3016146,8/24/17,37,GROCERY I,51,3404
3016152,8/24/17,37,HOME CARE,8,376
3016154,8/24/17,37,LAWN AND GARDEN,0,10
3016158,8/24/17,37,MEATS,0,543.763
3016159,8/24/17,37,PERSONAL CARE,11,212
3016161,8/24/17,37,PLAYERS AND ELECTRONICS,0,13
3016162,8/24/17,37,POULTRY,0,264.094
3016163,8/24/17,37,PREPARED FOODS,0,164.836
3016164,8/24/17,37,PRODUCE,2,7
3016166,8/24/17,37,SEAFOOD,0,17.774
3016170,8/24/17,38,BEVERAGES,35,611
3016172,8/24/17,38,BREAD/BAKERY,8,698.825
3016173,8/24/17,38,CELEBRATION,0,14
3016174,8/24/17,38,CLEANING,11,847
3016175,8/24/17,38,DAIRY,11,827
3016176,8/24/17,38,DELI,9,180.008
3016177,8/24/17,38,EGGS,0,98
3016178,8/24/17,38,FROZEN FOODS,0,160
3016179,8/24/17,38,GROCERY I,60,2870
3016185,8/24/17,38,HOME CARE,5,443
3016187,8/24/17,38,LAWN AND GARDEN,0,7
3016189,8/24/17,38,LIQUOR WINE BEER,3,32
3016191,8/24/17,38,MEATS,0,155.259
3016192,8/24/17,38,PERSONAL CARE,12,269
3016194,8/24/17,38,PLAYERS AND ELECTRONICS,0,11
3016195,8/24/17,38,POULTRY,0,172.089
3016196,8/24/17,38,PREPARED FOODS,0,165.418
3016197,8/24/17,38,PRODUCE,1,1
3016199,8/24/17,38,SEAFOOD,1,19.067001
3016200,8/24/17,39,AUTOMOTIVE,0,4
3016202,8/24/17,39,BEAUTY,1,3
3016203,8/24/17,39,BEVERAGES,26,658
3016205,8/24/17,39,BREAD/BAKERY,3,539
3016207,8/24/17,39,CLEANING,22,1056
3016208,8/24/17,39,DAIRY,10,535
3016209,8/24/17,39,DELI,8,134.31
3016210,8/24/17,39,EGGS,1,221
3016211,8/24/17,39,FROZEN FOODS,0,43
3016212,8/24/17,39,GROCERY I,57,3484.952
3016214,8/24/17,39,HARDWARE,0,1
3016216,8/24/17,39,HOME AND KITCHEN II,2,14
3016218,8/24/17,39,HOME CARE,11,292
3016219,8/24/17,39,LADIESWEAR,0,14
3016220,8/24/17,39,LAWN AND GARDEN,0,8
3016221,8/24/17,39,LINGERIE,2,8
3016224,8/24/17,39,MEATS,19,112.365
3016225,8/24/17,39,PERSONAL CARE,10,203
3016228,8/24/17,39,POULTRY,1,167.5024
3016229,8/24/17,39,PREPARED FOODS,0,84.007
3016230,8/24/17,39,PRODUCE,1,2463.323
3016232,8/24/17,39,SEAFOOD,0,11
3016236,8/24/17,4,BEVERAGES,26,1821
3016238,8/24/17,4,BREAD/BAKERY,12,267.395
3016239,8/24/17,4,CELEBRATION,0,5
3016240,8/24/17,4,CLEANING,12,542
3016241,8/24/17,4,DAIRY,8,558
3016242,8/24/17,4,DELI,10,178.768
3016243,8/24/17,4,EGGS,0,135
3016244,8/24/17,4,FROZEN FOODS,0,104.375
3016245,8/24/17,4,GROCERY I,47,2055
3016251,8/24/17,4,HOME CARE,6,364
3016253,8/24/17,4,LAWN AND GARDEN,0,10
3016257,8/24/17,4,MEATS,0,231.781
3016260,8/24/17,4,PLAYERS AND ELECTRONICS,0,8
3016261,8/24/17,4,POULTRY,0,530.02
3016262,8/24/17,4,PREPARED FOODS,0,88.19
3016263,8/24/17,4,PRODUCE,2,3832.635
3016265,8/24/17,4,SEAFOOD,1,41.473
3016266,8/24/17,40,AUTOMOTIVE,0,6
3016269,8/24/17,40,BEVERAGES,21,863
3016271,8/24/17,40,BREAD/BAKERY,3,292
3016272,8/24/17,40,CELEBRATION,0,21
3016273,8/24/17,40,CLEANING,16,807
3016274,8/24/17,40,DAIRY,5,555
3016275,8/24/17,40,DELI,7,216
3016276,8/24/17,40,EGGS,1,102
3016277,8/24/17,40,FROZEN FOODS,0,36.973
3016278,8/24/17,40,GROCERY I,63,3122
3016279,8/24/17,40,GROCERY II,0,12
3016281,8/24/17,40,HOME AND KITCHEN I,1,36
3016282,8/24/17,40,HOME AND KITCHEN II,0,9
3016283,8/24/17,40,HOME APPLIANCES,0,1
3016284,8/24/17,40,HOME CARE,10,210
3016287,8/24/17,40,LINGERIE,0,20
3016290,8/24/17,40,MEATS,10,120.335
3016291,8/24/17,40,PERSONAL CARE,8,144
3016294,8/24/17,40,POULTRY,1,145.491
3016295,8/24/17,40,PREPARED FOODS,0,43
3016296,8/24/17,40,PRODUCE,2,1946.614
3016298,8/24/17,40,SEAFOOD,0,5
3016302,8/24/17,41,BEVERAGES,32,618
3016304,8/24/17,41,BREAD/BAKERY,10,289.626
3016305,8/24/17,41,CELEBRATION,0,4
3016306,8/24/17,41,CLEANING,14,640
3016307,8/24/17,41,DAIRY,12,391
3016308,8/24/17,41,DELI,8,200.048
3016309,8/24/17,41,EGGS,0,94
3016310,8/24/17,41,FROZEN FOODS,0,118.998
3016311,8/24/17,41,GROCERY I,53,1913
3016317,8/24/17,41,HOME CARE,4,222
3016319,8/24/17,41,LAWN AND GARDEN,0,5
3016323,8/24/17,41,MEATS,0,103.837
3016324,8/24/17,41,PERSONAL CARE,6,389
3016325,8/24/17,41,PET SUPPLIES,0,6
3016327,8/24/17,41,POULTRY,0,145.053
3016328,8/24/17,41,PREPARED FOODS,0,46.353
3016329,8/24/17,41,PRODUCE,2,2
3016331,8/24/17,41,SEAFOOD,0,12
3016365,8/24/17,43,AUTOMOTIVE,0,4
3016368,8/24/17,43,BEVERAGES,26,1480
3016370,8/24/17,43,BREAD/BAKERY,3,164
3016372,8/24/17,43,CLEANING,19,611
3016373,8/24/17,43,DAIRY,9,300
3016374,8/24/17,43,DELI,7,127
3016375,8/24/17,43,EGGS,1,92
3016376,8/24/17,43,FROZEN FOODS,0,18.630001
3016377,8/24/17,43,GROCERY I,58,2158
3016381,8/24/17,43,HOME AND KITCHEN II,0,12
3016383,8/24/17,43,HOME CARE,12,228
3016389,8/24/17,43,MEATS,20,80.836
3016390,8/24/17,43,PERSONAL CARE,13,142
3016393,8/24/17,43,POULTRY,0,118.133995
3016394,8/24/17,43,PREPARED FOODS,0,84
3016395,8/24/17,43,PRODUCE,1,890.72
3016398,8/24/17,44,AUTOMOTIVE,0,34
3016401,8/24/17,44,BEVERAGES,44,8783
3016403,8/24/17,44,BREAD/BAKERY,14,1080.753
3016404,8/24/17,44,CELEBRATION,0,11
3016405,8/24/17,44,CLEANING,16,2404
3016406,8/24/17,44,DAIRY,14,2129
3016407,8/24/17,44,DELI,11,605.141
3016408,8/24/17,44,EGGS,0,745
3016409,8/24/17,44,FROZEN FOODS,0,525.873
3016410,8/24/17,44,GROCERY I,64,7764
3016411,8/24/17,44,GROCERY II,0,75
3016416,8/24/17,44,HOME CARE,8,615
3016422,8/24/17,44,MEATS,0,1504.193
3016423,8/24/17,44,PERSONAL CARE,20,416
3016425,8/24/17,44,PLAYERS AND ELECTRONICS,0,36
3016426,8/24/17,44,POULTRY,0,1565.993
3016427,8/24/17,44,PREPARED FOODS,0,613.183
3016428,8/24/17,44,PRODUCE,4,15184.537
3016430,8/24/17,44,SEAFOOD,1,145.82199
3016431,8/24/17,45,AUTOMOTIVE,0,14
3016434,8/24/17,45,BEVERAGES,39,3022
3016436,8/24/17,45,BREAD/BAKERY,13,861.942
3016437,8/24/17,45,CELEBRATION,0,26
3016438,8/24/17,45,CLEANING,14,1790
3016439,8/24/17,45,DAIRY,13,1741
3016440,8/24/17,45,DELI,10,592.109
3016441,8/24/17,45,EGGS,0,363
3016442,8/24/17,45,FROZEN FOODS,0,223.435
3016443,8/24/17,45,GROCERY I,64,6509
3016449,8/24/17,45,HOME CARE,8,789
3016455,8/24/17,45,MEATS,0,1599.408
3016456,8/24/17,45,PERSONAL CARE,18,409
3016458,8/24/17,45,PLAYERS AND ELECTRONICS,0,18
3016459,8/24/17,45,POULTRY,0,1571.412
3016460,8/24/17,45,PREPARED FOODS,0,276.04
3016461,8/24/17,45,PRODUCE,1,16
3016463,8/24/17,45,SEAFOOD,1,121.899
3016464,8/24/17,46,AUTOMOTIVE,0,17
3016467,8/24/17,46,BEVERAGES,35,4793
3016469,8/24/17,46,BREAD/BAKERY,13,748.534
3016470,8/24/17,46,CELEBRATION,0,17
3016471,8/24/17,46,CLEANING,17,1887
3016472,8/24/17,46,DAIRY,13,1540
3016473,8/24/17,46,DELI,9,851.216
3016474,8/24/17,46,EGGS,0,153
3016475,8/24/17,46,FROZEN FOODS,0,257.501
3016476,8/24/17,46,GROCERY I,59,6903
3016479,8/24/17,46,HOME AND KITCHEN I,0,43
3016482,8/24/17,46,HOME CARE,8,757
3016484,8/24/17,46,LAWN AND GARDEN,0,10
3016488,8/24/17,46,MEATS,0,1142.723
3016489,8/24/17,46,PERSONAL CARE,10,555
3016491,8/24/17,46,PLAYERS AND ELECTRONICS,2,38
3016492,8/24/17,46,POULTRY,1,1074.8201
3016493,8/24/17,46,PREPARED FOODS,0,170.36499
3016494,8/24/17,46,PRODUCE,1,2508.452
3016496,8/24/17,46,SEAFOOD,0,47.05
3016497,8/24/17,47,AUTOMOTIVE,0,33
3016500,8/24/17,47,BEVERAGES,34,3052
3016502,8/24/17,47,BREAD/BAKERY,12,1381.06
3016503,8/24/17,47,CELEBRATION,0,16
3016504,8/24/17,47,CLEANING,16,2076
3016505,8/24/17,47,DAIRY,9,2038
3016506,8/24/17,47,DELI,9,715.537
3016507,8/24/17,47,EGGS,0,345
3016508,8/24/17,47,FROZEN FOODS,0,260.854
3016509,8/24/17,47,GROCERY I,59,8134
3016515,8/24/17,47,HOME CARE,7,852
3016517,8/24/17,47,LAWN AND GARDEN,1,25
3016521,8/24/17,47,MEATS,0,1231.028
3016522,8/24/17,47,PERSONAL CARE,14,880
3016524,8/24/17,47,PLAYERS AND ELECTRONICS,0,10
3016525,8/24/17,47,POULTRY,1,1592.196
3016526,8/24/17,47,PREPARED FOODS,0,339.046
3016527,8/24/17,47,PRODUCE,2,8630.106
3016529,8/24/17,47,SEAFOOD,1,96.708
3016530,8/24/17,48,AUTOMOTIVE,0,11
3016533,8/24/17,48,BEVERAGES,37,1390
3016535,8/24/17,48,BREAD/BAKERY,12,437.845
3016536,8/24/17,48,CELEBRATION,0,25
3016537,8/24/17,48,CLEANING,19,1315
3016538,8/24/17,48,DAIRY,12,872
3016539,8/24/17,48,DELI,9,404.964
3016540,8/24/17,48,EGGS,0,62
3016541,8/24/17,48,FROZEN FOODS,0,119.081
3016542,8/24/17,48,GROCERY I,63,4600
3016544,8/24/17,48,HARDWARE,0,3
3016548,8/24/17,48,HOME CARE,8,822
3016554,8/24/17,48,MEATS,0,1003.731
3016555,8/24/17,48,PERSONAL CARE,14,500
3016557,8/24/17,48,PLAYERS AND ELECTRONICS,0,22
3016558,8/24/17,48,POULTRY,1,754.414
3016559,8/24/17,48,PREPARED FOODS,0,117.881
3016560,8/24/17,48,PRODUCE,3,2135.061
3016562,8/24/17,48,SEAFOOD,0,11.071
3016563,8/24/17,49,AUTOMOTIVE,1,12
3016566,8/24/17,49,BEVERAGES,33,6090
3016568,8/24/17,49,BREAD/BAKERY,14,716.128
3016570,8/24/17,49,CLEANING,16,1550
3016571,8/24/17,49,DAIRY,13,1716
3016572,8/24/17,49,DELI,11,313.102
3016573,8/24/17,49,EGGS,0,375
3016574,8/24/17,49,FROZEN FOODS,0,307.788
3016575,8/24/17,49,GROCERY I,53,5463
3016581,8/24/17,49,HOME CARE,9,358
3016583,8/24/17,49,LAWN AND GARDEN,0,15
3016587,8/24/17,49,MEATS,0,983.105
3016588,8/24/17,49,PERSONAL CARE,11,270
3016590,8/24/17,49,PLAYERS AND ELECTRONICS,0,30
3016591,8/24/17,49,POULTRY,0,1041.163
3016592,8/24/17,49,PREPARED FOODS,0,326.18
3016593,8/24/17,49,PRODUCE,3,8248.459
3016595,8/24/17,49,SEAFOOD,1,96.911
3016599,8/24/17,5,BEVERAGES,29,681
3016601,8/24/17,5,BREAD/BAKERY,9,275.637
3016602,8/24/17,5,CELEBRATION,0,27
3016603,8/24/17,5,CLEANING,13,838
3016604,8/24/17,5,DAIRY,10,510
3016605,8/24/17,5,DELI,10,305.384
3016606,8/24/17,5,EGGS,0,117
3016607,8/24/17,5,FROZEN FOODS,0,125.135
3016608,8/24/17,5,GROCERY I,50,2713
3016614,8/24/17,5,HOME CARE,3,337
3016616,8/24/17,5,LAWN AND GARDEN,0,1
3016620,8/24/17,5,MEATS,0,279.986
3016621,8/24/17,5,PERSONAL CARE,8,256
3016624,8/24/17,5,POULTRY,0,241.7
3016625,8/24/17,5,PREPARED FOODS,0,78.573
3016626,8/24/17,5,PRODUCE,1,4
3016628,8/24/17,5,SEAFOOD,1,30.582
3016629,8/24/17,50,AUTOMOTIVE,0,17
3016632,8/24/17,50,BEVERAGES,28,1463
3016634,8/24/17,50,BREAD/BAKERY,11,466.783
3016635,8/24/17,50,CELEBRATION,0,29
3016636,8/24/17,50,CLEANING,13,1421
3016637,8/24/17,50,DAIRY,13,1094
3016638,8/24/17,50,DELI,9,368.328
3016639,8/24/17,50,EGGS,0,103
3016640,8/24/17,50,FROZEN FOODS,0,123
3016641,8/24/17,50,GROCERY I,48,5329
3016645,8/24/17,50,HOME AND KITCHEN II,2,29
3016647,8/24/17,50,HOME CARE,7,505
3016653,8/24/17,50,MEATS,0,521.215
3016654,8/24/17,50,PERSONAL CARE,12,295
3016656,8/24/17,50,PLAYERS AND ELECTRONICS,0,21
3016657,8/24/17,50,POULTRY,0,531.095
3016658,8/24/17,50,PREPARED FOODS,0,116.573
3016659,8/24/17,50,PRODUCE,2,2931.032
3016661,8/24/17,50,SEAFOOD,1,29.085001
3016665,8/24/17,51,BEVERAGES,26,7311
3016667,8/24/17,51,BREAD/BAKERY,10,1148.096
3016668,8/24/17,51,CELEBRATION,0,8
3016669,8/24/17,51,CLEANING,8,2098
3016670,8/24/17,51,DAIRY,13,2104
3016671,8/24/17,51,DELI,8,328.069
3016672,8/24/17,51,EGGS,0,367
3016673,8/24/17,51,FROZEN FOODS,0,628.92
3016674,8/24/17,51,GROCERY I,41,6223
3016677,8/24/17,51,HOME AND KITCHEN I,0,5
3016680,8/24/17,51,HOME CARE,4,400
3016682,8/24/17,51,LAWN AND GARDEN,0,6
3016686,8/24/17,51,MEATS,0,509.478
3016687,8/24/17,51,PERSONAL CARE,7,544
3016689,8/24/17,51,PLAYERS AND ELECTRONICS,2,20
3016690,8/24/17,51,POULTRY,0,694.898
3016691,8/24/17,51,PREPARED FOODS,0,200
3016692,8/24/17,51,PRODUCE,2,9940.145
3016694,8/24/17,51,SEAFOOD,1,111.006
3016731,8/24/17,53,BEVERAGES,22,510
3016733,8/24/17,53,BREAD/BAKERY,6,335.096
3016734,8/24/17,53,CELEBRATION,0,6
3016735,8/24/17,53,CLEANING,8,489
3016736,8/24/17,53,DAIRY,5,335
3016737,8/24/17,53,DELI,10,110.476
3016738,8/24/17,53,EGGS,0,48
3016739,8/24/17,53,FROZEN FOODS,0,141
3016740,8/24/17,53,GROCERY I,39,1557
3016746,8/24/17,53,HOME CARE,4,204
3016752,8/24/17,53,MEATS,0,236.905
3016753,8/24/17,53,PERSONAL CARE,7,136
3016755,8/24/17,53,PLAYERS AND ELECTRONICS,0,12
3016756,8/24/17,53,POULTRY,0,164.829
3016757,8/24/17,53,PREPARED FOODS,0,56.444
3016758,8/24/17,53,PRODUCE,2,2711.263
3016760,8/24/17,53,SEAFOOD,0,5
3016761,8/24/17,54,AUTOMOTIVE,0,2
3016763,8/24/17,54,BEAUTY,0,1
3016764,8/24/17,54,BEVERAGES,26,872
3016766,8/24/17,54,BREAD/BAKERY,0,136
3016767,8/24/17,54,CELEBRATION,0,1
3016768,8/24/17,54,CLEANING,15,611
3016769,8/24/17,54,DAIRY,3,154
3016770,8/24/17,54,DELI,5,143
3016771,8/24/17,54,EGGS,1,30
3016772,8/24/17,54,FROZEN FOODS,0,10.166
3016773,8/24/17,54,GROCERY I,43,1519
3016774,8/24/17,54,GROCERY II,0,6
3016775,8/24/17,54,HARDWARE,0,2
3016776,8/24/17,54,HOME AND KITCHEN I,0,14
3016777,8/24/17,54,HOME AND KITCHEN II,0,11
3016779,8/24/17,54,HOME CARE,8,138
3016782,8/24/17,54,LINGERIE,0,9
3016785,8/24/17,54,MEATS,9,58.312
3016786,8/24/17,54,PERSONAL CARE,7,122
3016789,8/24/17,54,POULTRY,0,34.337
3016790,8/24/17,54,PREPARED FOODS,0,99
3016791,8/24/17,54,PRODUCE,0,653.491
3016793,8/24/17,54,SEAFOOD,0,3
3016796,8/24/17,6,BEAUTY,1,3
3016797,8/24/17,6,BEVERAGES,30,1050
3016799,8/24/17,6,BREAD/BAKERY,13,346.316
3016800,8/24/17,6,CELEBRATION,0,11
3016801,8/24/17,6,CLEANING,13,797
3016802,8/24/17,6,DAIRY,10,715
3016803,8/24/17,6,DELI,10,230.665
3016804,8/24/17,6,EGGS,0,144
3016805,8/24/17,6,FROZEN FOODS,0,135
3016806,8/24/17,6,GROCERY I,45,3073
3016812,8/24/17,6,HOME CARE,7,373
3016814,8/24/17,6,LAWN AND GARDEN,0,7
3016816,8/24/17,6,LIQUOR WINE BEER,2,59
3016818,8/24/17,6,MEATS,1,595.626
3016819,8/24/17,6,PERSONAL CARE,8,401
3016822,8/24/17,6,POULTRY,0,870.827
3016823,8/24/17,6,PREPARED FOODS,0,162.702
3016824,8/24/17,6,PRODUCE,1,29
3016826,8/24/17,6,SEAFOOD,1,40.726
3016830,8/24/17,7,BEVERAGES,30,2272
3016832,8/24/17,7,BREAD/BAKERY,7,518.276
3016833,8/24/17,7,CELEBRATION,0,17
3016834,8/24/17,7,CLEANING,7,1059
3016835,8/24/17,7,DAIRY,12,1025
3016836,8/24/17,7,DELI,10,163.209
3016837,8/24/17,7,EGGS,0,263
3016838,8/24/17,7,FROZEN FOODS,0,208
3016839,8/24/17,7,GROCERY I,46,3906
3016845,8/24/17,7,HOME CARE,7,308
3016847,8/24/17,7,LAWN AND GARDEN,0,24
3016851,8/24/17,7,MEATS,0,696.255
3016852,8/24/17,7,PERSONAL CARE,9,230
3016854,8/24/17,7,PLAYERS AND ELECTRONICS,0,14
3016855,8/24/17,7,POULTRY,0,887.265
3016856,8/24/17,7,PREPARED FOODS,0,212.95801
3016857,8/24/17,7,PRODUCE,2,2
3016859,8/24/17,7,SEAFOOD,1,72.985
3016863,8/24/17,8,BEVERAGES,26,1600
3016865,8/24/17,8,BREAD/BAKERY,5,509.29102
3016867,8/24/17,8,CLEANING,6,1200
3016868,8/24/17,8,DAIRY,8,1376
3016869,8/24/17,8,DELI,10,282.744
3016870,8/24/17,8,EGGS,0,358
3016871,8/24/17,8,FROZEN FOODS,0,170
3016872,8/24/17,8,GROCERY I,49,3998
3016878,8/24/17,8,HOME CARE,5,365
3016880,8/24/17,8,LAWN AND GARDEN,0,15
3016884,8/24/17,8,MEATS,0,1129.43
3016885,8/24/17,8,PERSONAL CARE,8,254
3016887,8/24/17,8,PLAYERS AND ELECTRONICS,0,12
3016888,8/24/17,8,POULTRY,0,588.473
3016889,8/24/17,8,PREPARED FOODS,0,226.95
3016890,8/24/17,8,PRODUCE,2,1
3016892,8/24/17,8,SEAFOOD,0,73.304
3016893,8/24/17,9,AUTOMOTIVE,0,21
3016896,8/24/17,9,BEVERAGES,24,2217
3016898,8/24/17,9,BREAD/BAKERY,4,521
3016900,8/24/17,9,CLEANING,23,1752
3016901,8/24/17,9,DAIRY,8,584
3016902,8/24/17,9,DELI,9,602.9347
3016903,8/24/17,9,EGGS,1,136
3016904,8/24/17,9,FROZEN FOODS,0,61.495
3016905,8/24/17,9,GROCERY I,68,7685
3016906,8/24/17,9,GROCERY II,0,18
3016908,8/24/17,9,HOME AND KITCHEN I,1,44
3016911,8/24/17,9,HOME CARE,9,696
3016912,8/24/17,9,LADIESWEAR,0,14
3016913,8/24/17,9,LAWN AND GARDEN,0,3
3016917,8/24/17,9,MEATS,20,404.3831
3016918,8/24/17,9,PERSONAL CARE,13,334
3016921,8/24/17,9,POULTRY,0,613.71704
3016922,8/24/17,9,PREPARED FOODS,0,56.86
3016923,8/24/17,9,PRODUCE,3,1906.603
3016925,8/24/17,9,SEAFOOD,0,22.9274
3016929,8/25/17,1,BEVERAGES,32,2803
3016931,8/25/17,1,BREAD/BAKERY,2,232.343
3016932,8/25/17,1,CELEBRATION,0,13
3016933,8/25/17,1,CLEANING,8,720
3016934,8/25/17,1,DAIRY,12,710
3016935,8/25/17,1,DELI,52,144.572
3016936,8/25/17,1,EGGS,26,163
3016937,8/25/17,1,FROZEN FOODS,1,97
3016938,8/25/17,1,GROCERY I,50,2327
3016944,8/25/17,1,HOME CARE,6,211
3016946,8/25/17,1,LAWN AND GARDEN,0,20
3016950,8/25/17,1,MEATS,49,712.06
3016951,8/25/17,1,PERSONAL CARE,7,145
3016953,8/25/17,1,PLAYERS AND ELECTRONICS,0,7
3016954,8/25/17,1,POULTRY,36,709.636
3016955,8/25/17,1,PREPARED FOODS,0,127.85
3016956,8/25/17,1,PRODUCE,1,3951.501
3016958,8/25/17,1,SEAFOOD,5,30.559
3016959,8/25/17,10,AUTOMOTIVE,0,5
3016961,8/25/17,10,BEAUTY,0,1
3016962,8/25/17,10,BEVERAGES,14,370
3016964,8/25/17,10,BREAD/BAKERY,2,112
3016966,8/25/17,10,CLEANING,16,776
3016967,8/25/17,10,DAIRY,6,336
3016968,8/25/17,10,DELI,37,205
3016969,8/25/17,10,EGGS,1,11
3016970,8/25/17,10,FROZEN FOODS,0,50.571
3016971,8/25/17,10,GROCERY I,47,2463
3016973,8/25/17,10,HARDWARE,0,2
3016974,8/25/17,10,HOME AND KITCHEN I,0,24
3016977,8/25/17,10,HOME CARE,6,310
3016980,8/25/17,10,LINGERIE,0,6
3016983,8/25/17,10,MEATS,0,205.056
3016984,8/25/17,10,PERSONAL CARE,9,131
3016987,8/25/17,10,POULTRY,10,216.878
3016988,8/25/17,10,PREPARED FOODS,0,19
3016989,8/25/17,10,PRODUCE,2,351.215
3016991,8/25/17,10,SEAFOOD,0,5
3016992,8/25/17,11,AUTOMOTIVE,0,6
3016995,8/25/17,11,BEVERAGES,31,1836
3016997,8/25/17,11,BREAD/BAKERY,4,576
3016998,8/25/17,11,CELEBRATION,0,31
3016999,8/25/17,11,CLEANING,23,1189
3017000,8/25/17,11,DAIRY,8,320
3017001,8/25/17,11,DELI,61,244.813
3017002,8/25/17,11,EGGS,1,88
3017003,8/25/17,11,FROZEN FOODS,0,52
3017004,8/25/17,11,GROCERY I,66,6304.683
3017005,8/25/17,11,GROCERY II,0,21
3017007,8/25/17,11,HOME AND KITCHEN I,1,13
3017008,8/25/17,11,HOME AND KITCHEN II,1,13
3017010,8/25/17,11,HOME CARE,8,933
3017011,8/25/17,11,LADIESWEAR,0,16
3017013,8/25/17,11,LINGERIE,0,14
3017014,8/25/17,11,LIQUOR WINE BEER,3,81
3017016,8/25/17,11,MEATS,0,694.64
3017017,8/25/17,11,PERSONAL CARE,12,234
3017019,8/25/17,11,PLAYERS AND ELECTRONICS,0,10
3017020,8/25/17,11,POULTRY,14,776.195
3017021,8/25/17,11,PREPARED FOODS,2,41
3017022,8/25/17,11,PRODUCE,2,1988.468
3017024,8/25/17,11,SEAFOOD,0,14
3017025,8/25/17,12,AUTOMOTIVE,0,9
3017028,8/25/17,12,BEVERAGES,19,517
3017030,8/25/17,12,BREAD/BAKERY,3,152
3017032,8/25/17,12,CLEANING,16,695
3017033,8/25/17,12,DAIRY,6,272
3017034,8/25/17,12,DELI,46,120
3017035,8/25/17,12,EGGS,1,70
3017036,8/25/17,12,FROZEN FOODS,0,52
3017037,8/25/17,12,GROCERY I,44,2088
3017049,8/25/17,12,MEATS,0,159.299
3017050,8/25/17,12,PERSONAL CARE,10,213
3017052,8/25/17,12,PLAYERS AND ELECTRONICS,0,6
3017053,8/25/17,12,POULTRY,10,305.056
3017055,8/25/17,12,PRODUCE,0,341.653
3017061,8/25/17,13,BEVERAGES,16,453
3017063,8/25/17,13,BREAD/BAKERY,1,103
3017065,8/25/17,13,CLEANING,19,594
3017066,8/25/17,13,DAIRY,7,238
3017067,8/25/17,13,DELI,39,85
3017068,8/25/17,13,EGGS,1,54
3017069,8/25/17,13,FROZEN FOODS,0,15
3017070,8/25/17,13,GROCERY I,45,1654
3017077,8/25/17,13,LADIESWEAR,0,5
3017082,8/25/17,13,MEATS,0,131.586
3017083,8/25/17,13,PERSONAL CARE,10,143
3017086,8/25/17,13,POULTRY,8,135.026
3017087,8/25/17,13,PREPARED FOODS,0,14
3017088,8/25/17,13,PRODUCE,0,299.712
3017091,8/25/17,14,AUTOMOTIVE,0,4
3017094,8/25/17,14,BEVERAGES,19,441
3017096,8/25/17,14,BREAD/BAKERY,3,174
3017097,8/25/17,14,CELEBRATION,0,4
3017098,8/25/17,14,CLEANING,17,816
3017099,8/25/17,14,DAIRY,5,483
3017100,8/25/17,14,DELI,44,131
3017101,8/25/17,14,EGGS,1,41
3017102,8/25/17,14,FROZEN FOODS,1,13
3017103,8/25/17,14,GROCERY I,52,1907
3017106,8/25/17,14,HOME AND KITCHEN I,0,8
3017112,8/25/17,14,LINGERIE,0,5
3017113,8/25/17,14,LIQUOR WINE BEER,0,7
3017115,8/25/17,14,MEATS,0,381.589
3017116,8/25/17,14,PERSONAL CARE,11,194
3017119,8/25/17,14,POULTRY,7,86.333
3017120,8/25/17,14,PREPARED FOODS,0,38
3017121,8/25/17,14,PRODUCE,2,479.677
3017124,8/25/17,15,AUTOMOTIVE,0,8
3017126,8/25/17,15,BEAUTY,0,1
3017127,8/25/17,15,BEVERAGES,22,612
3017129,8/25/17,15,BREAD/BAKERY,3,199
3017130,8/25/17,15,CELEBRATION,0,4
3017131,8/25/17,15,CLEANING,14,620
3017132,8/25/17,15,DAIRY,7,329
3017133,8/25/17,15,DELI,47,262
3017134,8/25/17,15,EGGS,1,55
3017135,8/25/17,15,FROZEN FOODS,0,23
3017136,8/25/17,15,GROCERY I,56,3720
3017142,8/25/17,15,HOME CARE,8,233
3017143,8/25/17,15,LADIESWEAR,0,12
3017145,8/25/17,15,LINGERIE,0,1
3017146,8/25/17,15,LIQUOR WINE BEER,0,35
3017148,8/25/17,15,MEATS,0,149.201
3017149,8/25/17,15,PERSONAL CARE,7,180
3017152,8/25/17,15,POULTRY,11,97.654
3017153,8/25/17,15,PREPARED FOODS,1,20
3017154,8/25/17,15,PRODUCE,2,903.658
3017156,8/25/17,15,SEAFOOD,0,3
3017157,8/25/17,16,AUTOMOTIVE,0,5
3017160,8/25/17,16,BEVERAGES,15,401
3017162,8/25/17,16,BREAD/BAKERY,2,181
3017164,8/25/17,16,CLEANING,12,838
3017165,8/25/17,16,DAIRY,4,508
3017166,8/25/17,16,DELI,38,221
3017167,8/25/17,16,EGGS,1,258
3017168,8/25/17,16,FROZEN FOODS,0,12
3017169,8/25/17,16,GROCERY I,39,2578
3017173,8/25/17,16,HOME AND KITCHEN II,0,9
3017181,8/25/17,16,MEATS,0,68.885
3017182,8/25/17,16,PERSONAL CARE,7,164
3017185,8/25/17,16,POULTRY,8,76.512
3017186,8/25/17,16,PREPARED FOODS,0,62
3017187,8/25/17,16,PRODUCE,0,1062.49
3017189,8/25/17,16,SEAFOOD,0,5
3017190,8/25/17,17,AUTOMOTIVE,0,5
3017193,8/25/17,17,BEVERAGES,19,1173
3017195,8/25/17,17,BREAD/BAKERY,2,204
3017197,8/25/17,17,CLEANING,18,772
3017198,8/25/17,17,DAIRY,10,404
3017199,8/25/17,17,DELI,58,232
3017200,8/25/17,17,EGGS,1,72
3017201,8/25/17,17,FROZEN FOODS,0,29
3017202,8/25/17,17,GROCERY I,52,2576
3017205,8/25/17,17,HOME AND KITCHEN I,0,19
3017208,8/25/17,17,HOME CARE,8,267
3017214,8/25/17,17,MEATS,0,220.509
3017215,8/25/17,17,PERSONAL CARE,11,130
3017218,8/25/17,17,POULTRY,14,348.53
3017219,8/25/17,17,PREPARED FOODS,0,59
3017220,8/25/17,17,PRODUCE,1,1054.232
3017222,8/25/17,17,SEAFOOD,0,20
3017223,8/25/17,18,AUTOMOTIVE,0,2
3017226,8/25/17,18,BEVERAGES,23,952
3017228,8/25/17,18,BREAD/BAKERY,2,656
3017230,8/25/17,18,CLEANING,13,602
3017231,8/25/17,18,DAIRY,8,444
3017232,8/25/17,18,DELI,48,154.771
3017233,8/25/17,18,EGGS,1,112
3017234,8/25/17,18,FROZEN FOODS,0,28
3017235,8/25/17,18,GROCERY I,60,1607.357
3017241,8/25/17,18,HOME CARE,8,204
3017247,8/25/17,18,MEATS,0,162.8255
3017248,8/25/17,18,PERSONAL CARE,10,118
3017251,8/25/17,18,POULTRY,17,165.4432
3017252,8/25/17,18,PREPARED FOODS,2,45
3017253,8/25/17,18,PRODUCE,2,2035.715
3017255,8/25/17,18,SEAFOOD,0,7.6296
3017259,8/25/17,19,BEVERAGES,16,1060
3017261,8/25/17,19,BREAD/BAKERY,0,222
3017263,8/25/17,19,CLEANING,14,1342
3017264,8/25/17,19,DAIRY,7,444
3017265,8/25/17,19,DELI,49,146
3017266,8/25/17,19,EGGS,1,243
3017267,8/25/17,19,FROZEN FOODS,0,31
3017268,8/25/17,19,GROCERY I,49,1987
3017274,8/25/17,19,HOME CARE,7,258
3017280,8/25/17,19,MEATS,0,140.98401
3017281,8/25/17,19,PERSONAL CARE,8,175
3017282,8/25/17,19,PET SUPPLIES,0,1
3017284,8/25/17,19,POULTRY,12,96.194
3017285,8/25/17,19,PREPARED FOODS,0,26
3017286,8/25/17,19,PRODUCE,1,424.717
3017292,8/25/17,2,BEVERAGES,35,1044
3017294,8/25/17,2,BREAD/BAKERY,11,338.022
3017295,8/25/17,2,CELEBRATION,0,10
3017296,8/25/17,2,CLEANING,12,838
3017297,8/25/17,2,DAIRY,15,827
3017298,8/25/17,2,DELI,57,232.299
3017299,8/25/17,2,EGGS,29,187
3017300,8/25/17,2,FROZEN FOODS,0,117
3017301,8/25/17,2,GROCERY I,55,3052
3017307,8/25/17,2,HOME CARE,8,294
3017309,8/25/17,2,LAWN AND GARDEN,0,9
3017312,8/25/17,2,MAGAZINES,0,3
3017313,8/25/17,2,MEATS,49,388.863
3017314,8/25/17,2,PERSONAL CARE,11,242
3017316,8/25/17,2,PLAYERS AND ELECTRONICS,0,8
3017317,8/25/17,2,POULTRY,42,713.881
3017318,8/25/17,2,PREPARED FOODS,0,122.783005
3017319,8/25/17,2,PRODUCE,1,37
3017321,8/25/17,2,SEAFOOD,5,33.77
3017424,8/25/17,23,BEVERAGES,34,397
3017426,8/25/17,23,BREAD/BAKERY,10,226.65
3017428,8/25/17,23,CLEANING,8,589
3017429,8/25/17,23,DAIRY,13,494
3017430,8/25/17,23,DELI,49,102.628
3017431,8/25/17,23,EGGS,16,45
3017432,8/25/17,23,FROZEN FOODS,0,81
3017433,8/25/17,23,GROCERY I,51,1557
3017439,8/25/17,23,HOME CARE,4,178
3017445,8/25/17,23,MEATS,42,555.362
3017446,8/25/17,23,PERSONAL CARE,10,218
3017448,8/25/17,23,PLAYERS AND ELECTRONICS,0,8
3017449,8/25/17,23,POULTRY,33,460.176
3017450,8/25/17,23,PREPARED FOODS,0,53.551
3017451,8/25/17,23,PRODUCE,2,3
3017453,8/25/17,23,SEAFOOD,4,21.391
3017457,8/25/17,24,BEVERAGES,35,2678
3017459,8/25/17,24,BREAD/BAKERY,13,720.787
3017461,8/25/17,24,CLEANING,13,858
3017462,8/25/17,24,DAIRY,14,905
3017463,8/25/17,24,DELI,61,193.168
3017464,8/25/17,24,EGGS,29,181
3017465,8/25/17,24,FROZEN FOODS,0,171.753
3017466,8/25/17,24,GROCERY I,49,2829
3017472,8/25/17,24,HOME CARE,3,294
3017474,8/25/17,24,LAWN AND GARDEN,0,8
3017478,8/25/17,24,MEATS,47,415.47
3017479,8/25/17,24,PERSONAL CARE,5,271
3017482,8/25/17,24,POULTRY,41,541.872
3017483,8/25/17,24,PREPARED FOODS,0,101.526
3017484,8/25/17,24,PRODUCE,1,6300.022
3017486,8/25/17,24,SEAFOOD,6,54.814
3017490,8/25/17,25,BEVERAGES,35,659
3017492,8/25/17,25,BREAD/BAKERY,11,289.614
3017493,8/25/17,25,CELEBRATION,0,9
3017494,8/25/17,25,CLEANING,11,392
3017495,8/25/17,25,DAIRY,12,388
3017496,8/25/17,25,DELI,47,132.409
3017497,8/25/17,25,EGGS,24,130
3017498,8/25/17,25,FROZEN FOODS,0,61
3017499,8/25/17,25,GROCERY I,43,945
3017505,8/25/17,25,HOME CARE,4,82
3017507,8/25/17,25,LAWN AND GARDEN,0,4
3017511,8/25/17,25,MEATS,40,284.116
3017512,8/25/17,25,PERSONAL CARE,5,84
3017515,8/25/17,25,POULTRY,29,244.18
3017516,8/25/17,25,PREPARED FOODS,0,70.653
3017517,8/25/17,25,PRODUCE,0,1920.234
3017519,8/25/17,25,SEAFOOD,2,5
3017523,8/25/17,26,BEVERAGES,25,307
3017525,8/25/17,26,BREAD/BAKERY,3,221
3017526,8/25/17,26,CELEBRATION,0,10
3017527,8/25/17,26,CLEANING,8,361
3017528,8/25/17,26,DAIRY,8,177
3017529,8/25/17,26,DELI,36,110.341
3017530,8/25/17,26,EGGS,14,37
3017531,8/25/17,26,FROZEN FOODS,0,25
3017532,8/25/17,26,GROCERY I,35,1101
3017538,8/25/17,26,HOME CARE,2,154
3017544,8/25/17,26,MEATS,39,328.973
3017545,8/25/17,26,PERSONAL CARE,7,108
3017547,8/25/17,26,PLAYERS AND ELECTRONICS,0,6
3017548,8/25/17,26,POULTRY,28,90.538
3017549,8/25/17,26,PREPARED FOODS,0,5
3017550,8/25/17,26,PRODUCE,1,623.403
3017552,8/25/17,26,SEAFOOD,0,3.53
3017556,8/25/17,27,BEVERAGES,33,2801
3017558,8/25/17,27,BREAD/BAKERY,11,402.836
3017559,8/25/17,27,CELEBRATION,0,18
3017560,8/25/17,27,CLEANING,13,444
3017561,8/25/17,27,DAIRY,13,507
3017562,8/25/17,27,DELI,57,192.817
3017563,8/25/17,27,EGGS,29,127
3017564,8/25/17,27,FROZEN FOODS,0,87
3017565,8/25/17,27,GROCERY I,59,2053
3017571,8/25/17,27,HOME CARE,5,213
3017573,8/25/17,27,LAWN AND GARDEN,0,7
3017577,8/25/17,27,MEATS,46,180.439
3017578,8/25/17,27,PERSONAL CARE,10,134
3017580,8/25/17,27,PLAYERS AND ELECTRONICS,0,3
3017581,8/25/17,27,POULTRY,40,278.428
3017582,8/25/17,27,PREPARED FOODS,0,89.805
3017583,8/25/17,27,PRODUCE,1,5
3017585,8/25/17,27,SEAFOOD,6,26.337
3017586,8/25/17,28,AUTOMOTIVE,0,15
3017589,8/25/17,28,BEVERAGES,25,938
3017591,8/25/17,28,BREAD/BAKERY,4,379
3017593,8/25/17,28,CLEANING,24,742
3017594,8/25/17,28,DAIRY,9,593
3017595,8/25/17,28,DELI,62,207.552
3017596,8/25/17,28,EGGS,1,576
3017597,8/25/17,28,FROZEN FOODS,0,25
3017598,8/25/17,28,GROCERY I,55,3055.992
3017599,8/25/17,28,GROCERY II,0,4
3017601,8/25/17,28,HOME AND KITCHEN I,0,27
3017603,8/25/17,28,HOME APPLIANCES,0,1
3017604,8/25/17,28,HOME CARE,8,247
3017607,8/25/17,28,LINGERIE,0,22
3017608,8/25/17,28,LIQUOR WINE BEER,3,226
3017610,8/25/17,28,MEATS,0,93.684
3017611,8/25/17,28,PERSONAL CARE,10,212
3017612,8/25/17,28,PET SUPPLIES,0,4
3017614,8/25/17,28,POULTRY,15,171.098
3017615,8/25/17,28,PREPARED FOODS,2,38.507
3017616,8/25/17,28,PRODUCE,0,2646.4429
3017618,8/25/17,28,SEAFOOD,0,3
3017655,8/25/17,3,BEVERAGES,36,3384
3017657,8/25/17,3,BREAD/BAKERY,10,877.256
3017658,8/25/17,3,CELEBRATION,0,16
3017659,8/25/17,3,CLEANING,13,1950
3017660,8/25/17,3,DAIRY,15,1697
3017661,8/25/17,3,DELI,69,328.706
3017662,8/25/17,3,EGGS,30,502
3017663,8/25/17,3,FROZEN FOODS,1,286.856
3017664,8/25/17,3,GROCERY I,67,6162
3017670,8/25/17,3,HOME CARE,9,560
3017672,8/25/17,3,LAWN AND GARDEN,0,22
3017676,8/25/17,3,MEATS,52,1135.474
3017677,8/25/17,3,PERSONAL CARE,14,323
3017679,8/25/17,3,PLAYERS AND ELECTRONICS,0,21
3017680,8/25/17,3,POULTRY,46,1613.129
3017681,8/25/17,3,PREPARED FOODS,0,487.036
3017682,8/25/17,3,PRODUCE,2,5
3017684,8/25/17,3,SEAFOOD,7,122.735
3017688,8/25/17,30,BEVERAGES,21,516
3017690,8/25/17,30,BREAD/BAKERY,3,115
3017692,8/25/17,30,CLEANING,16,337
3017693,8/25/17,30,DAIRY,5,207
3017694,8/25/17,30,DELI,33,92
3017695,8/25/17,30,EGGS,1,154
3017696,8/25/17,30,FROZEN FOODS,0,28
3017697,8/25/17,30,GROCERY I,51,1120
3017709,8/25/17,30,MEATS,0,83.821
3017710,8/25/17,30,PERSONAL CARE,6,84
3017713,8/25/17,30,POULTRY,9,123.522995
3017715,8/25/17,30,PRODUCE,1,823.68
3017718,8/25/17,31,AUTOMOTIVE,0,12
3017721,8/25/17,31,BEVERAGES,26,791
3017723,8/25/17,31,BREAD/BAKERY,1,288
3017724,8/25/17,31,CELEBRATION,0,6
3017725,8/25/17,31,CLEANING,26,754
3017726,8/25/17,31,DAIRY,5,877
3017727,8/25/17,31,DELI,47,199.965
3017728,8/25/17,31,EGGS,1,185
3017729,8/25/17,31,FROZEN FOODS,0,47.727
3017730,8/25/17,31,GROCERY I,61,2346.024
3017731,8/25/17,31,GROCERY II,0,7
3017733,8/25/17,31,HOME AND KITCHEN I,2,18
3017734,8/25/17,31,HOME AND KITCHEN II,1,8
3017736,8/25/17,31,HOME CARE,9,304
3017742,8/25/17,31,MEATS,1,399.5386
3017743,8/25/17,31,PERSONAL CARE,10,278
3017746,8/25/17,31,POULTRY,14,146.829
3017747,8/25/17,31,PREPARED FOODS,1,49
3017748,8/25/17,31,PRODUCE,0,2304.033
3017750,8/25/17,31,SEAFOOD,0,1
3017754,8/25/17,32,BEVERAGES,16,208
3017756,8/25/17,32,BREAD/BAKERY,2,101
3017758,8/25/17,32,CLEANING,14,231
3017759,8/25/17,32,DAIRY,3,84
3017760,8/25/17,32,DELI,31,80
3017761,8/25/17,32,EGGS,1,93
3017762,8/25/17,32,FROZEN FOODS,0,5
3017763,8/25/17,32,GROCERY I,43,807
3017766,8/25/17,32,HOME AND KITCHEN I,1,17
3017769,8/25/17,32,HOME CARE,3,81
3017772,8/25/17,32,LINGERIE,0,1
3017775,8/25/17,32,MEATS,0,60.69
3017776,8/25/17,32,PERSONAL CARE,5,64
3017779,8/25/17,32,POULTRY,6,82.32
3017781,8/25/17,32,PRODUCE,1,325.106
3017784,8/25/17,33,AUTOMOTIVE,0,3
3017786,8/25/17,33,BEAUTY,1,1
3017787,8/25/17,33,BEVERAGES,21,431
3017789,8/25/17,33,BREAD/BAKERY,4,231
3017790,8/25/17,33,CELEBRATION,0,5
3017791,8/25/17,33,CLEANING,15,692
3017792,8/25/17,33,DAIRY,5,380
3017793,8/25/17,33,DELI,41,160
3017794,8/25/17,33,EGGS,1,194
3017795,8/25/17,33,FROZEN FOODS,0,39
3017796,8/25/17,33,GROCERY I,47,2189
3017798,8/25/17,33,HARDWARE,0,1
3017799,8/25/17,33,HOME AND KITCHEN I,0,25
3017800,8/25/17,33,HOME AND KITCHEN II,0,5
3017801,8/25/17,33,HOME APPLIANCES,0,1
3017802,8/25/17,33,HOME CARE,8,190
3017805,8/25/17,33,LINGERIE,0,18
3017806,8/25/17,33,LIQUOR WINE BEER,0,111
3017808,8/25/17,33,MEATS,0,291.105
3017809,8/25/17,33,PERSONAL CARE,7,256
3017811,8/25/17,33,PLAYERS AND ELECTRONICS,0,4
3017812,8/25/17,33,POULTRY,16,245.133
3017813,8/25/17,33,PREPARED FOODS,0,31
3017814,8/25/17,33,PRODUCE,1,2103.285
3017816,8/25/17,33,SEAFOOD,0,8
3017817,8/25/17,34,AUTOMOTIVE,0,5
3017820,8/25/17,34,BEVERAGES,23,1064
3017822,8/25/17,34,BREAD/BAKERY,3,470
3017823,8/25/17,34,CELEBRATION,0,28
3017824,8/25/17,34,CLEANING,20,844
3017825,8/25/17,34,DAIRY,7,526
3017826,8/25/17,34,DELI,51,185.98
3017827,8/25/17,34,EGGS,1,135
3017828,8/25/17,34,FROZEN FOODS,0,111.486
3017829,8/25/17,34,GROCERY I,56,2515.524
3017830,8/25/17,34,GROCERY II,0,5
3017832,8/25/17,34,HOME AND KITCHEN I,1,25
3017833,8/25/17,34,HOME AND KITCHEN II,2,44
3017834,8/25/17,34,HOME APPLIANCES,0,1
3017835,8/25/17,34,HOME CARE,8,343
3017838,8/25/17,34,LINGERIE,0,18
3017841,8/25/17,34,MEATS,0,198.817
3017842,8/25/17,34,PERSONAL CARE,10,304
3017845,8/25/17,34,POULTRY,15,157.826
3017846,8/25/17,34,PREPARED FOODS,0,27
3017847,8/25/17,34,PRODUCE,1,1492.19
3017849,8/25/17,34,SEAFOOD,0,9
3017850,8/25/17,35,AUTOMOTIVE,0,1
3017852,8/25/17,35,BEAUTY,0,1
3017853,8/25/17,35,BEVERAGES,21,374
3017855,8/25/17,35,BREAD/BAKERY,2,50
3017856,8/25/17,35,CELEBRATION,0,7
3017857,8/25/17,35,CLEANING,14,205
3017858,8/25/17,35,DAIRY,3,109
3017859,8/25/17,35,DELI,21,26
3017860,8/25/17,35,EGGS,1,108
3017861,8/25/17,35,FROZEN FOODS,0,11.877
3017862,8/25/17,35,GROCERY I,43,862
3017863,8/25/17,35,GROCERY II,0,3
3017864,8/25/17,35,HARDWARE,0,1
3017865,8/25/17,35,HOME AND KITCHEN I,0,11
3017866,8/25/17,35,HOME AND KITCHEN II,0,13
3017867,8/25/17,35,HOME APPLIANCES,0,1
3017868,8/25/17,35,HOME CARE,2,104
3017871,8/25/17,35,LINGERIE,0,7
3017874,8/25/17,35,MEATS,0,193.307
3017875,8/25/17,35,PERSONAL CARE,11,43
3017878,8/25/17,35,POULTRY,8,81.097
3017879,8/25/17,35,PREPARED FOODS,0,19
3017880,8/25/17,35,PRODUCE,1,627.733
3017882,8/25/17,35,SEAFOOD,0,1
3017883,8/25/17,36,AUTOMOTIVE,0,5
3017886,8/25/17,36,BEVERAGES,25,1025
3017888,8/25/17,36,BREAD/BAKERY,3,465
3017889,8/25/17,36,CELEBRATION,0,9
3017890,8/25/17,36,CLEANING,16,859
3017891,8/25/17,36,DAIRY,4,528
3017892,8/25/17,36,DELI,58,154.806
3017893,8/25/17,36,EGGS,1,115
3017894,8/25/17,36,FROZEN FOODS,0,78.06
3017895,8/25/17,36,GROCERY I,56,1881.333
3017898,8/25/17,36,HOME AND KITCHEN I,0,31
3017899,8/25/17,36,HOME AND KITCHEN II,1,5
3017901,8/25/17,36,HOME CARE,9,269
3017903,8/25/17,36,LAWN AND GARDEN,0,4
3017904,8/25/17,36,LINGERIE,0,14
3017907,8/25/17,36,MEATS,0,107.645
3017908,8/25/17,36,PERSONAL CARE,8,169
3017911,8/25/17,36,POULTRY,13,76.678
3017912,8/25/17,36,PREPARED FOODS,2,30.554
3017913,8/25/17,36,PRODUCE,1,2792.749
3017915,8/25/17,36,SEAFOOD,0,1
3017919,8/25/17,37,BEVERAGES,36,1064
3017921,8/25/17,37,BREAD/BAKERY,11,488.135
3017922,8/25/17,37,CELEBRATION,0,11
3017923,8/25/17,37,CLEANING,9,1074
3017924,8/25/17,37,DAIRY,10,938
3017925,8/25/17,37,DELI,49,116.798996
3017926,8/25/17,37,EGGS,26,181
3017927,8/25/17,37,FROZEN FOODS,0,191
3017928,8/25/17,37,GROCERY I,60,3404
3017934,8/25/17,37,HOME CARE,10,376
3017936,8/25/17,37,LAWN AND GARDEN,0,10
3017940,8/25/17,37,MEATS,41,543.763
3017941,8/25/17,37,PERSONAL CARE,9,212
3017943,8/25/17,37,PLAYERS AND ELECTRONICS,0,13
3017944,8/25/17,37,POULTRY,31,264.094
3017945,8/25/17,37,PREPARED FOODS,0,164.836
3017946,8/25/17,37,PRODUCE,2,7
3017948,8/25/17,37,SEAFOOD,5,17.774
3017952,8/25/17,38,BEVERAGES,34,611
3017954,8/25/17,38,BREAD/BAKERY,6,698.825
3017955,8/25/17,38,CELEBRATION,0,14
3017956,8/25/17,38,CLEANING,14,847
3017957,8/25/17,38,DAIRY,9,827
3017958,8/25/17,38,DELI,57,180.008
3017959,8/25/17,38,EGGS,22,98
3017960,8/25/17,38,FROZEN FOODS,0,160
3017961,8/25/17,38,GROCERY I,56,2870
3017967,8/25/17,38,HOME CARE,5,443
3017969,8/25/17,38,LAWN AND GARDEN,0,7
3017971,8/25/17,38,LIQUOR WINE BEER,5,32
3017973,8/25/17,38,MEATS,28,155.259
3017974,8/25/17,38,PERSONAL CARE,12,269
3017976,8/25/17,38,PLAYERS AND ELECTRONICS,0,11
3017977,8/25/17,38,POULTRY,24,172.089
3017978,8/25/17,38,PREPARED FOODS,0,165.418
3017979,8/25/17,38,PRODUCE,1,1
3017981,8/25/17,38,SEAFOOD,5,19.067001
3017982,8/25/17,39,AUTOMOTIVE,0,4
3017984,8/25/17,39,BEAUTY,1,3
3017985,8/25/17,39,BEVERAGES,21,658
3017987,8/25/17,39,BREAD/BAKERY,3,539
3017989,8/25/17,39,CLEANING,26,1056
3017990,8/25/17,39,DAIRY,9,535
3017991,8/25/17,39,DELI,49,134.31
3017992,8/25/17,39,EGGS,1,221
3017993,8/25/17,39,FROZEN FOODS,0,43
3017994,8/25/17,39,GROCERY I,58,3484.952
3017996,8/25/17,39,HARDWARE,0,1
3017998,8/25/17,39,HOME AND KITCHEN II,1,14
3018000,8/25/17,39,HOME CARE,10,292
3018001,8/25/17,39,LADIESWEAR,0,14
3018002,8/25/17,39,LAWN AND GARDEN,0,8
3018003,8/25/17,39,LINGERIE,0,8
3018006,8/25/17,39,MEATS,0,112.365
3018007,8/25/17,39,PERSONAL CARE,13,203
3018010,8/25/17,39,POULTRY,17,167.5024
3018011,8/25/17,39,PREPARED FOODS,2,84.007
3018012,8/25/17,39,PRODUCE,1,2463.323
3018014,8/25/17,39,SEAFOOD,0,11
3018018,8/25/17,4,BEVERAGES,28,1821
3018020,8/25/17,4,BREAD/BAKERY,12,267.395
3018021,8/25/17,4,CELEBRATION,0,5
3018022,8/25/17,4,CLEANING,12,542
3018023,8/25/17,4,DAIRY,11,558
3018024,8/25/17,4,DELI,58,178.768
3018025,8/25/17,4,EGGS,28,135
3018026,8/25/17,4,FROZEN FOODS,0,104.375
3018027,8/25/17,4,GROCERY I,57,2055
3018033,8/25/17,4,HOME CARE,5,364
3018035,8/25/17,4,LAWN AND GARDEN,0,10
3018039,8/25/17,4,MEATS,49,231.781
3018042,8/25/17,4,PLAYERS AND ELECTRONICS,0,8
3018043,8/25/17,4,POULTRY,43,530.02
3018044,8/25/17,4,PREPARED FOODS,0,88.19
3018045,8/25/17,4,PRODUCE,1,3832.635
3018047,8/25/17,4,SEAFOOD,6,41.473
3018048,8/25/17,40,AUTOMOTIVE,0,6
3018051,8/25/17,40,BEVERAGES,23,863
3018053,8/25/17,40,BREAD/BAKERY,3,292
3018054,8/25/17,40,CELEBRATION,0,21
3018055,8/25/17,40,CLEANING,19,807
3018056,8/25/17,40,DAIRY,4,555
3018057,8/25/17,40,DELI,52,216
3018058,8/25/17,40,EGGS,1,102
3018059,8/25/17,40,FROZEN FOODS,0,36.973
3018060,8/25/17,40,GROCERY I,58,3122
3018061,8/25/17,40,GROCERY II,0,12
3018063,8/25/17,40,HOME AND KITCHEN I,0,36
3018064,8/25/17,40,HOME AND KITCHEN II,0,9
3018065,8/25/17,40,HOME APPLIANCES,0,1
3018066,8/25/17,40,HOME CARE,8,210
3018069,8/25/17,40,LINGERIE,0,20
3018072,8/25/17,40,MEATS,0,120.335
3018073,8/25/17,40,PERSONAL CARE,11,144
3018076,8/25/17,40,POULTRY,14,145.491
3018077,8/25/17,40,PREPARED FOODS,0,43
3018078,8/25/17,40,PRODUCE,1,1946.614
3018080,8/25/17,40,SEAFOOD,0,5
3018084,8/25/17,41,BEVERAGES,33,618
3018086,8/25/17,41,BREAD/BAKERY,12,289.626
3018087,8/25/17,41,CELEBRATION,0,4
3018088,8/25/17,41,CLEANING,8,640
3018089,8/25/17,41,DAIRY,13,391
3018090,8/25/17,41,DELI,48,200.048
3018091,8/25/17,41,EGGS,22,94
3018092,8/25/17,41,FROZEN FOODS,1,118.998
3018093,8/25/17,41,GROCERY I,49,1913
3018099,8/25/17,41,HOME CARE,6,222
3018101,8/25/17,41,LAWN AND GARDEN,0,5
3018105,8/25/17,41,MEATS,43,103.837
3018106,8/25/17,41,PERSONAL CARE,10,389
3018107,8/25/17,41,PET SUPPLIES,0,6
3018109,8/25/17,41,POULTRY,28,145.053
3018110,8/25/17,41,PREPARED FOODS,0,46.353
3018111,8/25/17,41,PRODUCE,1,2
3018113,8/25/17,41,SEAFOOD,2,12
3018147,8/25/17,43,AUTOMOTIVE,0,4
3018150,8/25/17,43,BEVERAGES,23,1480
3018152,8/25/17,43,BREAD/BAKERY,4,164
3018154,8/25/17,43,CLEANING,24,611
3018155,8/25/17,43,DAIRY,7,300
3018156,8/25/17,43,DELI,62,127
3018157,8/25/17,43,EGGS,1,92
3018158,8/25/17,43,FROZEN FOODS,0,18.630001
3018159,8/25/17,43,GROCERY I,57,2158
3018163,8/25/17,43,HOME AND KITCHEN II,1,12
3018165,8/25/17,43,HOME CARE,8,228
3018171,8/25/17,43,MEATS,0,80.836
3018172,8/25/17,43,PERSONAL CARE,11,142
3018175,8/25/17,43,POULTRY,16,118.133995
3018176,8/25/17,43,PREPARED FOODS,2,84
3018177,8/25/17,43,PRODUCE,1,890.72
3018180,8/25/17,44,AUTOMOTIVE,0,34
3018183,8/25/17,44,BEVERAGES,44,8783
3018185,8/25/17,44,BREAD/BAKERY,14,1080.753
3018186,8/25/17,44,CELEBRATION,0,11
3018187,8/25/17,44,CLEANING,14,2404
3018188,8/25/17,44,DAIRY,17,2129
3018189,8/25/17,44,DELI,73,605.141
3018190,8/25/17,44,EGGS,32,745
3018191,8/25/17,44,FROZEN FOODS,0,525.873
3018192,8/25/17,44,GROCERY I,67,7764
3018193,8/25/17,44,GROCERY II,0,75
3018198,8/25/17,44,HOME CARE,10,615
3018204,8/25/17,44,MEATS,52,1504.193
3018205,8/25/17,44,PERSONAL CARE,17,416
3018207,8/25/17,44,PLAYERS AND ELECTRONICS,0,36
3018208,8/25/17,44,POULTRY,44,1565.993
3018209,8/25/17,44,PREPARED FOODS,0,613.183
3018210,8/25/17,44,PRODUCE,3,15184.537
3018212,8/25/17,44,SEAFOOD,7,145.82199
3018213,8/25/17,45,AUTOMOTIVE,0,14
3018216,8/25/17,45,BEVERAGES,40,3022
3018218,8/25/17,45,BREAD/BAKERY,15,861.942
3018219,8/25/17,45,CELEBRATION,0,26
3018220,8/25/17,45,CLEANING,15,1790
3018221,8/25/17,45,DAIRY,13,1741
3018222,8/25/17,45,DELI,70,592.109
3018223,8/25/17,45,EGGS,29,363
3018224,8/25/17,45,FROZEN FOODS,1,223.435
3018225,8/25/17,45,GROCERY I,71,6509
3018231,8/25/17,45,HOME CARE,9,789
3018237,8/25/17,45,MEATS,54,1599.408
3018238,8/25/17,45,PERSONAL CARE,18,409
3018240,8/25/17,45,PLAYERS AND ELECTRONICS,0,18
3018241,8/25/17,45,POULTRY,44,1571.412
3018242,8/25/17,45,PREPARED FOODS,0,276.04
3018243,8/25/17,45,PRODUCE,2,16
3018245,8/25/17,45,SEAFOOD,6,121.899
3018246,8/25/17,46,AUTOMOTIVE,0,17
3018249,8/25/17,46,BEVERAGES,39,4793
3018251,8/25/17,46,BREAD/BAKERY,11,748.534
3018252,8/25/17,46,CELEBRATION,0,17
3018253,8/25/17,46,CLEANING,17,1887
3018254,8/25/17,46,DAIRY,16,1540
3018255,8/25/17,46,DELI,74,851.216
3018256,8/25/17,46,EGGS,27,153
3018257,8/25/17,46,FROZEN FOODS,1,257.501
3018258,8/25/17,46,GROCERY I,60,6903
3018261,8/25/17,46,HOME AND KITCHEN I,0,43
3018264,8/25/17,46,HOME CARE,8,757
3018266,8/25/17,46,LAWN AND GARDEN,0,10
3018270,8/25/17,46,MEATS,52,1142.723
3018271,8/25/17,46,PERSONAL CARE,9,555
3018273,8/25/17,46,PLAYERS AND ELECTRONICS,2,38
3018274,8/25/17,46,POULTRY,43,1074.8201
3018275,8/25/17,46,PREPARED FOODS,0,170.36499
3018276,8/25/17,46,PRODUCE,4,2508.452
3018278,8/25/17,46,SEAFOOD,5,47.05
3018279,8/25/17,47,AUTOMOTIVE,0,33
3018282,8/25/17,47,BEVERAGES,39,3052
3018284,8/25/17,47,BREAD/BAKERY,9,1381.06
3018285,8/25/17,47,CELEBRATION,0,16
3018286,8/25/17,47,CLEANING,13,2076
3018287,8/25/17,47,DAIRY,15,2038
3018288,8/25/17,47,DELI,74,715.537
3018289,8/25/17,47,EGGS,32,345
3018290,8/25/17,47,FROZEN FOODS,0,260.854
3018291,8/25/17,47,GROCERY I,55,8134
3018297,8/25/17,47,HOME CARE,7,852
3018299,8/25/17,47,LAWN AND GARDEN,0,25
3018303,8/25/17,47,MEATS,50,1231.028
3018304,8/25/17,47,PERSONAL CARE,17,880
3018306,8/25/17,47,PLAYERS AND ELECTRONICS,0,10
3018307,8/25/17,47,POULTRY,40,1592.196
3018308,8/25/17,47,PREPARED FOODS,0,339.046
3018309,8/25/17,47,PRODUCE,3,8630.106
3018311,8/25/17,47,SEAFOOD,6,96.708
3018312,8/25/17,48,AUTOMOTIVE,0,11
3018315,8/25/17,48,BEVERAGES,33,1390
3018317,8/25/17,48,BREAD/BAKERY,9,437.845
3018318,8/25/17,48,CELEBRATION,0,25
3018319,8/25/17,48,CLEANING,13,1315
3018320,8/25/17,48,DAIRY,15,872
3018321,8/25/17,48,DELI,71,404.964
3018322,8/25/17,48,EGGS,25,62
3018323,8/25/17,48,FROZEN FOODS,0,119.081
3018324,8/25/17,48,GROCERY I,58,4600
3018326,8/25/17,48,HARDWARE,0,3
3018330,8/25/17,48,HOME CARE,7,822
3018336,8/25/17,48,MEATS,46,1003.731
3018337,8/25/17,48,PERSONAL CARE,11,500
3018339,8/25/17,48,PLAYERS AND ELECTRONICS,1,22
3018340,8/25/17,48,POULTRY,39,754.414
3018341,8/25/17,48,PREPARED FOODS,0,117.881
3018342,8/25/17,48,PRODUCE,2,2135.061
3018344,8/25/17,48,SEAFOOD,6,11.071
3018345,8/25/17,49,AUTOMOTIVE,0,12
3018348,8/25/17,49,BEVERAGES,39,6090
3018350,8/25/17,49,BREAD/BAKERY,14,716.128
3018352,8/25/17,49,CLEANING,14,1550
3018353,8/25/17,49,DAIRY,17,1716
3018354,8/25/17,49,DELI,71,313.102
3018355,8/25/17,49,EGGS,32,375
3018356,8/25/17,49,FROZEN FOODS,1,307.788
3018357,8/25/17,49,GROCERY I,60,5463
3018363,8/25/17,49,HOME CARE,9,358
3018365,8/25/17,49,LAWN AND GARDEN,0,15
3018369,8/25/17,49,MEATS,53,983.105
3018370,8/25/17,49,PERSONAL CARE,15,270
3018372,8/25/17,49,PLAYERS AND ELECTRONICS,1,30
3018373,8/25/17,49,POULTRY,47,1041.163
3018374,8/25/17,49,PREPARED FOODS,0,326.18
3018375,8/25/17,49,PRODUCE,2,8248.459
3018377,8/25/17,49,SEAFOOD,7,96.911
3018381,8/25/17,5,BEVERAGES,29,681
3018383,8/25/17,5,BREAD/BAKERY,13,275.637
3018384,8/25/17,5,CELEBRATION,0,27
3018385,8/25/17,5,CLEANING,10,838
3018386,8/25/17,5,DAIRY,8,510
3018387,8/25/17,5,DELI,57,305.384
3018388,8/25/17,5,EGGS,21,117
3018389,8/25/17,5,FROZEN FOODS,0,125.135
3018390,8/25/17,5,GROCERY I,49,2713
3018396,8/25/17,5,HOME CARE,7,337
3018398,8/25/17,5,LAWN AND GARDEN,0,1
3018402,8/25/17,5,MEATS,30,279.986
3018403,8/25/17,5,PERSONAL CARE,8,256
3018406,8/25/17,5,POULTRY,25,241.7
3018407,8/25/17,5,PREPARED FOODS,0,78.573
3018408,8/25/17,5,PRODUCE,1,4
3018410,8/25/17,5,SEAFOOD,5,30.582
3018411,8/25/17,50,AUTOMOTIVE,0,17
3018414,8/25/17,50,BEVERAGES,30,1463
3018416,8/25/17,50,BREAD/BAKERY,10,466.783
3018417,8/25/17,50,CELEBRATION,0,29
3018418,8/25/17,50,CLEANING,13,1421
3018419,8/25/17,50,DAIRY,14,1094
3018420,8/25/17,50,DELI,65,368.328
3018421,8/25/17,50,EGGS,26,103
3018422,8/25/17,50,FROZEN FOODS,0,123
3018423,8/25/17,50,GROCERY I,56,5329
3018427,8/25/17,50,HOME AND KITCHEN II,2,29
3018429,8/25/17,50,HOME CARE,6,505
3018435,8/25/17,50,MEATS,51,521.215
3018436,8/25/17,50,PERSONAL CARE,12,295
3018438,8/25/17,50,PLAYERS AND ELECTRONICS,0,21
3018439,8/25/17,50,POULTRY,43,531.095
3018440,8/25/17,50,PREPARED FOODS,0,116.573
3018441,8/25/17,50,PRODUCE,2,2931.032
3018443,8/25/17,50,SEAFOOD,4,29.085001
3018447,8/25/17,51,BEVERAGES,29,7311
3018449,8/25/17,51,BREAD/BAKERY,11,1148.096
3018450,8/25/17,51,CELEBRATION,0,8
3018451,8/25/17,51,CLEANING,5,2098
3018452,8/25/17,51,DAIRY,14,2104
3018453,8/25/17,51,DELI,49,328.069
3018454,8/25/17,51,EGGS,31,367
3018455,8/25/17,51,FROZEN FOODS,0,628.92
3018456,8/25/17,51,GROCERY I,48,6223
3018459,8/25/17,51,HOME AND KITCHEN I,0,5
3018462,8/25/17,51,HOME CARE,4,400
3018464,8/25/17,51,LAWN AND GARDEN,0,6
3018468,8/25/17,51,MEATS,46,509.478
3018469,8/25/17,51,PERSONAL CARE,9,544
3018471,8/25/17,51,PLAYERS AND ELECTRONICS,0,20
3018472,8/25/17,51,POULTRY,37,694.898
3018473,8/25/17,51,PREPARED FOODS,0,200
3018474,8/25/17,51,PRODUCE,1,9940.145
3018476,8/25/17,51,SEAFOOD,4,111.006
3018513,8/25/17,53,BEVERAGES,31,510
3018515,8/25/17,53,BREAD/BAKERY,10,335.096
3018516,8/25/17,53,CELEBRATION,0,6
3018517,8/25/17,53,CLEANING,12,489
3018518,8/25/17,53,DAIRY,12,335
3018519,8/25/17,53,DELI,65,110.476
3018520,8/25/17,53,EGGS,23,48
3018521,8/25/17,53,FROZEN FOODS,0,141
3018522,8/25/17,53,GROCERY I,47,1557
3018528,8/25/17,53,HOME CARE,5,204
3018534,8/25/17,53,MEATS,44,236.905
3018535,8/25/17,53,PERSONAL CARE,7,136
3018537,8/25/17,53,PLAYERS AND ELECTRONICS,0,12
3018538,8/25/17,53,POULTRY,31,164.829
3018539,8/25/17,53,PREPARED FOODS,0,56.444
3018540,8/25/17,53,PRODUCE,1,2711.263
3018542,8/25/17,53,SEAFOOD,2,5
3018543,8/25/17,54,AUTOMOTIVE,0,2
3018545,8/25/17,54,BEAUTY,0,1
3018546,8/25/17,54,BEVERAGES,24,872
3018548,8/25/17,54,BREAD/BAKERY,1,136
3018549,8/25/17,54,CELEBRATION,0,1
3018550,8/25/17,54,CLEANING,11,611
3018551,8/25/17,54,DAIRY,3,154
3018552,8/25/17,54,DELI,38,143
3018553,8/25/17,54,EGGS,1,30
3018554,8/25/17,54,FROZEN FOODS,0,10.166
3018555,8/25/17,54,GROCERY I,49,1519
3018556,8/25/17,54,GROCERY II,0,6
3018557,8/25/17,54,HARDWARE,0,2
3018558,8/25/17,54,HOME AND KITCHEN I,0,14
3018559,8/25/17,54,HOME AND KITCHEN II,0,11
3018561,8/25/17,54,HOME CARE,5,138
3018564,8/25/17,54,LINGERIE,0,9
3018567,8/25/17,54,MEATS,0,58.312
3018568,8/25/17,54,PERSONAL CARE,9,122
3018571,8/25/17,54,POULTRY,5,34.337
3018572,8/25/17,54,PREPARED FOODS,0,99
3018573,8/25/17,54,PRODUCE,0,653.491
3018575,8/25/17,54,SEAFOOD,0,3
3018578,8/25/17,6,BEAUTY,1,3
3018579,8/25/17,6,BEVERAGES,32,1050
3018581,8/25/17,6,BREAD/BAKERY,14,346.316
3018582,8/25/17,6,CELEBRATION,0,11
3018583,8/25/17,6,CLEANING,12,797
3018584,8/25/17,6,DAIRY,13,715
3018585,8/25/17,6,DELI,61,230.665
3018586,8/25/17,6,EGGS,32,144
3018587,8/25/17,6,FROZEN FOODS,0,135
3018588,8/25/17,6,GROCERY I,48,3073
3018594,8/25/17,6,HOME CARE,8,373
3018596,8/25/17,6,LAWN AND GARDEN,0,7
3018598,8/25/17,6,LIQUOR WINE BEER,4,59
3018600,8/25/17,6,MEATS,49,595.626
3018601,8/25/17,6,PERSONAL CARE,7,401
3018604,8/25/17,6,POULTRY,40,870.827
3018605,8/25/17,6,PREPARED FOODS,0,162.702
3018606,8/25/17,6,PRODUCE,0,29
3018608,8/25/17,6,SEAFOOD,6,40.726
3018612,8/25/17,7,BEVERAGES,37,2272
3018614,8/25/17,7,BREAD/BAKERY,9,518.276
3018615,8/25/17,7,CELEBRATION,0,17
3018616,8/25/17,7,CLEANING,11,1059
3018617,8/25/17,7,DAIRY,13,1025
3018618,8/25/17,7,DELI,52,163.209
3018619,8/25/17,7,EGGS,28,263
3018620,8/25/17,7,FROZEN FOODS,0,208
3018621,8/25/17,7,GROCERY I,55,3906
3018627,8/25/17,7,HOME CARE,7,308
3018629,8/25/17,7,LAWN AND GARDEN,0,24
3018633,8/25/17,7,MEATS,52,696.255
3018634,8/25/17,7,PERSONAL CARE,9,230
3018636,8/25/17,7,PLAYERS AND ELECTRONICS,1,14
3018637,8/25/17,7,POULTRY,43,887.265
3018638,8/25/17,7,PREPARED FOODS,0,212.95801
3018639,8/25/17,7,PRODUCE,1,2
3018641,8/25/17,7,SEAFOOD,5,72.985
3018645,8/25/17,8,BEVERAGES,42,1600
3018647,8/25/17,8,BREAD/BAKERY,12,509.29102
3018649,8/25/17,8,CLEANING,14,1200
3018650,8/25/17,8,DAIRY,13,1376
3018651,8/25/17,8,DELI,61,282.744
3018652,8/25/17,8,EGGS,31,358
3018653,8/25/17,8,FROZEN FOODS,0,170
3018654,8/25/17,8,GROCERY I,57,3998
3018660,8/25/17,8,HOME CARE,7,365
3018662,8/25/17,8,LAWN AND GARDEN,0,15
3018666,8/25/17,8,MEATS,53,1129.43
3018667,8/25/17,8,PERSONAL CARE,11,254
3018669,8/25/17,8,PLAYERS AND ELECTRONICS,0,12
3018670,8/25/17,8,POULTRY,40,588.473
3018671,8/25/17,8,PREPARED FOODS,0,226.95
3018672,8/25/17,8,PRODUCE,2,1
3018674,8/25/17,8,SEAFOOD,6,73.304
3018675,8/25/17,9,AUTOMOTIVE,0,21
3018678,8/25/17,9,BEVERAGES,27,2217
3018680,8/25/17,9,BREAD/BAKERY,3,521
3018682,8/25/17,9,CLEANING,23,1752
3018683,8/25/17,9,DAIRY,7,584
3018684,8/25/17,9,DELI,59,602.9347
3018685,8/25/17,9,EGGS,1,136
3018686,8/25/17,9,FROZEN FOODS,0,61.495
3018687,8/25/17,9,GROCERY I,58,7685
3018688,8/25/17,9,GROCERY II,0,18
3018690,8/25/17,9,HOME AND KITCHEN I,1,44
3018693,8/25/17,9,HOME CARE,10,696
3018694,8/25/17,9,LADIESWEAR,0,14
3018695,8/25/17,9,LAWN AND GARDEN,0,3
3018699,8/25/17,9,MEATS,0,404.3831
3018700,8/25/17,9,PERSONAL CARE,9,334
3018703,8/25/17,9,POULTRY,20,613.71704
3018704,8/25/17,9,PREPARED FOODS,2,56.86
3018705,8/25/17,9,PRODUCE,2,1906.603
3018707,8/25/17,9,SEAFOOD,0,22.9274
3018711,8/26/17,1,BEVERAGES,32,2803
3018713,8/26/17,1,BREAD/BAKERY,3,232.343
3018714,8/26/17,1,CELEBRATION,0,13
3018715,8/26/17,1,CLEANING,10,720
3018716,8/26/17,1,DAIRY,12,710
3018717,8/26/17,1,DELI,8,144.572
3018718,8/26/17,1,EGGS,0,163
3018719,8/26/17,1,FROZEN FOODS,0,97
3018720,8/26/17,1,GROCERY I,44,2327
3018726,8/26/17,1,HOME CARE,4,211
3018728,8/26/17,1,LAWN AND GARDEN,0,20
3018732,8/26/17,1,MEATS,0,712.06
3018733,8/26/17,1,PERSONAL CARE,8,145
3018735,8/26/17,1,PLAYERS AND ELECTRONICS,0,7
3018736,8/26/17,1,POULTRY,0,709.636
3018737,8/26/17,1,PREPARED FOODS,0,127.85
3018738,8/26/17,1,PRODUCE,2,3951.501
3018740,8/26/17,1,SEAFOOD,1,30.559
3018741,8/26/17,10,AUTOMOTIVE,0,5
3018743,8/26/17,10,BEAUTY,0,1
3018744,8/26/17,10,BEVERAGES,15,370
3018746,8/26/17,10,BREAD/BAKERY,2,112
3018748,8/26/17,10,CLEANING,17,776
3018749,8/26/17,10,DAIRY,6,336
3018750,8/26/17,10,DELI,4,205
3018751,8/26/17,10,EGGS,1,11
3018752,8/26/17,10,FROZEN FOODS,14,50.571
3018753,8/26/17,10,GROCERY I,54,2463
3018755,8/26/17,10,HARDWARE,0,2
3018756,8/26/17,10,HOME AND KITCHEN I,0,24
3018759,8/26/17,10,HOME CARE,8,310
3018762,8/26/17,10,LINGERIE,0,6
3018765,8/26/17,10,MEATS,0,205.056
3018766,8/26/17,10,PERSONAL CARE,10,131
3018769,8/26/17,10,POULTRY,0,216.878
3018770,8/26/17,10,PREPARED FOODS,0,19
3018771,8/26/17,10,PRODUCE,1,351.215
3018773,8/26/17,10,SEAFOOD,1,5
3018774,8/26/17,11,AUTOMOTIVE,1,6
3018777,8/26/17,11,BEVERAGES,27,1836
3018779,8/26/17,11,BREAD/BAKERY,4,576
3018780,8/26/17,11,CELEBRATION,0,31
3018781,8/26/17,11,CLEANING,22,1189
3018782,8/26/17,11,DAIRY,9,320
3018783,8/26/17,11,DELI,10,244.813
3018784,8/26/17,11,EGGS,1,88
3018785,8/26/17,11,FROZEN FOODS,16,52
3018786,8/26/17,11,GROCERY I,65,6304.683
3018787,8/26/17,11,GROCERY II,0,21
3018789,8/26/17,11,HOME AND KITCHEN I,1,13
3018790,8/26/17,11,HOME AND KITCHEN II,1,13
3018792,8/26/17,11,HOME CARE,7,933
3018793,8/26/17,11,LADIESWEAR,0,16
3018795,8/26/17,11,LINGERIE,0,14
3018796,8/26/17,11,LIQUOR WINE BEER,3,81
3018798,8/26/17,11,MEATS,0,694.64
3018799,8/26/17,11,PERSONAL CARE,12,234
3018801,8/26/17,11,PLAYERS AND ELECTRONICS,0,10
3018802,8/26/17,11,POULTRY,0,776.195
3018803,8/26/17,11,PREPARED FOODS,0,41
3018804,8/26/17,11,PRODUCE,2,1988.468
3018806,8/26/17,11,SEAFOOD,3,14
3018807,8/26/17,12,AUTOMOTIVE,0,9
3018810,8/26/17,12,BEVERAGES,17,517
3018812,8/26/17,12,BREAD/BAKERY,3,152
3018814,8/26/17,12,CLEANING,13,695
3018815,8/26/17,12,DAIRY,8,272
3018816,8/26/17,12,DELI,5,120
3018817,8/26/17,12,EGGS,1,70
3018818,8/26/17,12,FROZEN FOODS,13,52
3018819,8/26/17,12,GROCERY I,46,2088
3018831,8/26/17,12,MEATS,0,159.299
3018832,8/26/17,12,PERSONAL CARE,9,213
3018834,8/26/17,12,PLAYERS AND ELECTRONICS,0,6
3018835,8/26/17,12,POULTRY,0,305.056
3018837,8/26/17,12,PRODUCE,1,341.653
3018843,8/26/17,13,BEVERAGES,17,453
3018845,8/26/17,13,BREAD/BAKERY,3,103
3018847,8/26/17,13,CLEANING,18,594
3018848,8/26/17,13,DAIRY,6,238
3018849,8/26/17,13,DELI,5,85
3018850,8/26/17,13,EGGS,1,54
3018851,8/26/17,13,FROZEN FOODS,13,15
3018852,8/26/17,13,GROCERY I,47,1654
3018859,8/26/17,13,LADIESWEAR,0,5
3018864,8/26/17,13,MEATS,0,131.586
3018865,8/26/17,13,PERSONAL CARE,11,143
3018868,8/26/17,13,POULTRY,0,135.026
3018869,8/26/17,13,PREPARED FOODS,0,14
3018870,8/26/17,13,PRODUCE,1,299.712
3018873,8/26/17,14,AUTOMOTIVE,0,4
3018876,8/26/17,14,BEVERAGES,20,441
3018878,8/26/17,14,BREAD/BAKERY,3,174
3018879,8/26/17,14,CELEBRATION,0,4
3018880,8/26/17,14,CLEANING,16,816
3018881,8/26/17,14,DAIRY,7,483
3018882,8/26/17,14,DELI,4,131
3018883,8/26/17,14,EGGS,1,41
3018884,8/26/17,14,FROZEN FOODS,14,13
3018885,8/26/17,14,GROCERY I,54,1907
3018888,8/26/17,14,HOME AND KITCHEN I,2,8
3018894,8/26/17,14,LINGERIE,0,5
3018895,8/26/17,14,LIQUOR WINE BEER,0,7
3018897,8/26/17,14,MEATS,1,381.589
3018898,8/26/17,14,PERSONAL CARE,11,194
3018901,8/26/17,14,POULTRY,0,86.333
3018902,8/26/17,14,PREPARED FOODS,0,38
3018903,8/26/17,14,PRODUCE,2,479.677
3018906,8/26/17,15,AUTOMOTIVE,0,8
3018908,8/26/17,15,BEAUTY,0,1
3018909,8/26/17,15,BEVERAGES,22,612
3018911,8/26/17,15,BREAD/BAKERY,2,199
3018912,8/26/17,15,CELEBRATION,0,4
3018913,8/26/17,15,CLEANING,23,620
3018914,8/26/17,15,DAIRY,6,329
3018915,8/26/17,15,DELI,5,262
3018916,8/26/17,15,EGGS,2,55
3018917,8/26/17,15,FROZEN FOODS,12,23
3018918,8/26/17,15,GROCERY I,58,3720
3018924,8/26/17,15,HOME CARE,7,233
3018925,8/26/17,15,LADIESWEAR,0,12
3018927,8/26/17,15,LINGERIE,0,1
3018928,8/26/17,15,LIQUOR WINE BEER,2,35
3018930,8/26/17,15,MEATS,0,149.201
3018931,8/26/17,15,PERSONAL CARE,9,180
3018934,8/26/17,15,POULTRY,1,97.654
3018935,8/26/17,15,PREPARED FOODS,0,20
3018936,8/26/17,15,PRODUCE,2,903.658
3018938,8/26/17,15,SEAFOOD,1,3
3018939,8/26/17,16,AUTOMOTIVE,0,5
3018942,8/26/17,16,BEVERAGES,16,401
3018944,8/26/17,16,BREAD/BAKERY,2,181
3018946,8/26/17,16,CLEANING,19,838
3018947,8/26/17,16,DAIRY,6,508
3018948,8/26/17,16,DELI,4,221
3018949,8/26/17,16,EGGS,1,258
3018950,8/26/17,16,FROZEN FOODS,9,12
3018951,8/26/17,16,GROCERY I,47,2578
3018955,8/26/17,16,HOME AND KITCHEN II,0,9
3018963,8/26/17,16,MEATS,0,68.885
3018964,8/26/17,16,PERSONAL CARE,9,164
3018967,8/26/17,16,POULTRY,0,76.512
3018968,8/26/17,16,PREPARED FOODS,0,62
3018969,8/26/17,16,PRODUCE,0,1062.49
3018971,8/26/17,16,SEAFOOD,0,5
3018972,8/26/17,17,AUTOMOTIVE,0,5
3018975,8/26/17,17,BEVERAGES,19,1173
3018977,8/26/17,17,BREAD/BAKERY,2,204
3018979,8/26/17,17,CLEANING,19,772
3018980,8/26/17,17,DAIRY,9,404
3018981,8/26/17,17,DELI,7,232
3018982,8/26/17,17,EGGS,1,72
3018983,8/26/17,17,FROZEN FOODS,22,29
3018984,8/26/17,17,GROCERY I,56,2576
3018987,8/26/17,17,HOME AND KITCHEN I,1,19
3018990,8/26/17,17,HOME CARE,7,267
3018996,8/26/17,17,MEATS,0,220.509
3018997,8/26/17,17,PERSONAL CARE,11,130
3019000,8/26/17,17,POULTRY,1,348.53
3019001,8/26/17,17,PREPARED FOODS,0,59
3019002,8/26/17,17,PRODUCE,1,1054.232
3019004,8/26/17,17,SEAFOOD,1,20
3019005,8/26/17,18,AUTOMOTIVE,0,2
3019008,8/26/17,18,BEVERAGES,26,952
3019010,8/26/17,18,BREAD/BAKERY,3,656
3019012,8/26/17,18,CLEANING,19,602
3019013,8/26/17,18,DAIRY,10,444
3019014,8/26/17,18,DELI,10,154.771
3019015,8/26/17,18,EGGS,1,112
3019016,8/26/17,18,FROZEN FOODS,24,28
3019017,8/26/17,18,GROCERY I,63,1607.357
3019023,8/26/17,18,HOME CARE,9,204
3019029,8/26/17,18,MEATS,0,162.8255
3019030,8/26/17,18,PERSONAL CARE,10,118
3019033,8/26/17,18,POULTRY,1,165.4432
3019034,8/26/17,18,PREPARED FOODS,0,45
3019035,8/26/17,18,PRODUCE,2,2035.715
3019037,8/26/17,18,SEAFOOD,4,7.6296
3019041,8/26/17,19,BEVERAGES,16,1060
3019043,8/26/17,19,BREAD/BAKERY,2,222
3019045,8/26/17,19,CLEANING,17,1342
3019046,8/26/17,19,DAIRY,6,444
3019047,8/26/17,19,DELI,6,146
3019048,8/26/17,19,EGGS,1,243
3019049,8/26/17,19,FROZEN FOODS,13,31
3019050,8/26/17,19,GROCERY I,53,1987
3019056,8/26/17,19,HOME CARE,6,258
3019062,8/26/17,19,MEATS,0,140.98401
3019063,8/26/17,19,PERSONAL CARE,12,175
3019064,8/26/17,19,PET SUPPLIES,0,1
3019066,8/26/17,19,POULTRY,0,96.194
3019067,8/26/17,19,PREPARED FOODS,0,26
3019068,8/26/17,19,PRODUCE,1,424.717
3019074,8/26/17,2,BEVERAGES,38,1044
3019076,8/26/17,2,BREAD/BAKERY,13,338.022
3019077,8/26/17,2,CELEBRATION,0,10
3019078,8/26/17,2,CLEANING,15,838
3019079,8/26/17,2,DAIRY,13,827
3019080,8/26/17,2,DELI,10,232.299
3019081,8/26/17,2,EGGS,0,187
3019082,8/26/17,2,FROZEN FOODS,0,117
3019083,8/26/17,2,GROCERY I,64,3052
3019089,8/26/17,2,HOME CARE,7,294
3019091,8/26/17,2,LAWN AND GARDEN,0,9
3019094,8/26/17,2,MAGAZINES,0,3
3019095,8/26/17,2,MEATS,0,388.863
3019096,8/26/17,2,PERSONAL CARE,13,242
3019098,8/26/17,2,PLAYERS AND ELECTRONICS,0,8
3019099,8/26/17,2,POULTRY,0,713.881
3019100,8/26/17,2,PREPARED FOODS,0,122.783005
3019101,8/26/17,2,PRODUCE,2,37
3019103,8/26/17,2,SEAFOOD,1,33.77
3019206,8/26/17,23,BEVERAGES,32,397
3019208,8/26/17,23,BREAD/BAKERY,11,226.65
3019210,8/26/17,23,CLEANING,12,589
3019211,8/26/17,23,DAIRY,13,494
3019212,8/26/17,23,DELI,7,102.628
3019213,8/26/17,23,EGGS,0,45
3019214,8/26/17,23,FROZEN FOODS,0,81
3019215,8/26/17,23,GROCERY I,51,1557
3019221,8/26/17,23,HOME CARE,5,178
3019227,8/26/17,23,MEATS,0,555.362
3019228,8/26/17,23,PERSONAL CARE,12,218
3019230,8/26/17,23,PLAYERS AND ELECTRONICS,0,8
3019231,8/26/17,23,POULTRY,0,460.176
3019232,8/26/17,23,PREPARED FOODS,0,53.551
3019233,8/26/17,23,PRODUCE,1,3
3019235,8/26/17,23,SEAFOOD,0,21.391
3019239,8/26/17,24,BEVERAGES,33,2678
3019241,8/26/17,24,BREAD/BAKERY,13,720.787
3019243,8/26/17,24,CLEANING,14,858
3019244,8/26/17,24,DAIRY,15,905
3019245,8/26/17,24,DELI,9,193.168
3019246,8/26/17,24,EGGS,0,181
3019247,8/26/17,24,FROZEN FOODS,0,171.753
3019248,8/26/17,24,GROCERY I,48,2829
3019254,8/26/17,24,HOME CARE,5,294
3019256,8/26/17,24,LAWN AND GARDEN,0,8
3019260,8/26/17,24,MEATS,0,415.47
3019261,8/26/17,24,PERSONAL CARE,11,271
3019264,8/26/17,24,POULTRY,0,541.872
3019265,8/26/17,24,PREPARED FOODS,0,101.526
3019266,8/26/17,24,PRODUCE,3,6300.022
3019268,8/26/17,24,SEAFOOD,1,54.814
3019272,8/26/17,25,BEVERAGES,26,659
3019274,8/26/17,25,BREAD/BAKERY,10,289.614
3019275,8/26/17,25,CELEBRATION,0,9
3019276,8/26/17,25,CLEANING,12,392
3019277,8/26/17,25,DAIRY,13,388
3019278,8/26/17,25,DELI,10,132.409
3019279,8/26/17,25,EGGS,0,130
3019280,8/26/17,25,FROZEN FOODS,0,61
3019281,8/26/17,25,GROCERY I,46,945
3019287,8/26/17,25,HOME CARE,3,82
3019289,8/26/17,25,LAWN AND GARDEN,0,4
3019293,8/26/17,25,MEATS,0,284.116
3019294,8/26/17,25,PERSONAL CARE,9,84
3019297,8/26/17,25,POULTRY,0,244.18
3019298,8/26/17,25,PREPARED FOODS,0,70.653
3019299,8/26/17,25,PRODUCE,0,1920.234
3019301,8/26/17,25,SEAFOOD,1,5
3019305,8/26/17,26,BEVERAGES,29,307
3019307,8/26/17,26,BREAD/BAKERY,8,221
3019308,8/26/17,26,CELEBRATION,0,10
3019309,8/26/17,26,CLEANING,10,361
3019310,8/26/17,26,DAIRY,8,177
3019311,8/26/17,26,DELI,3,110.341
3019312,8/26/17,26,EGGS,0,37
3019313,8/26/17,26,FROZEN FOODS,0,25
3019314,8/26/17,26,GROCERY I,43,1101
3019320,8/26/17,26,HOME CARE,4,154
3019326,8/26/17,26,MEATS,0,328.973
3019327,8/26/17,26,PERSONAL CARE,8,108
3019329,8/26/17,26,PLAYERS AND ELECTRONICS,0,6
3019330,8/26/17,26,POULTRY,1,90.538
3019331,8/26/17,26,PREPARED FOODS,0,5
3019332,8/26/17,26,PRODUCE,1,623.403
3019334,8/26/17,26,SEAFOOD,0,3.53
3019338,8/26/17,27,BEVERAGES,36,2801
3019340,8/26/17,27,BREAD/BAKERY,12,402.836
3019341,8/26/17,27,CELEBRATION,0,18
3019342,8/26/17,27,CLEANING,15,444
3019343,8/26/17,27,DAIRY,12,507
3019344,8/26/17,27,DELI,9,192.817
3019345,8/26/17,27,EGGS,0,127
3019346,8/26/17,27,FROZEN FOODS,0,87
3019347,8/26/17,27,GROCERY I,58,2053
3019353,8/26/17,27,HOME CARE,6,213
3019355,8/26/17,27,LAWN AND GARDEN,0,7
3019359,8/26/17,27,MEATS,0,180.439
3019360,8/26/17,27,PERSONAL CARE,12,134
3019362,8/26/17,27,PLAYERS AND ELECTRONICS,0,3
3019363,8/26/17,27,POULTRY,0,278.428
3019364,8/26/17,27,PREPARED FOODS,0,89.805
3019365,8/26/17,27,PRODUCE,1,5
3019367,8/26/17,27,SEAFOOD,1,26.337
3019368,8/26/17,28,AUTOMOTIVE,0,15
3019371,8/26/17,28,BEVERAGES,29,938
3019373,8/26/17,28,BREAD/BAKERY,3,379
3019375,8/26/17,28,CLEANING,23,742
3019376,8/26/17,28,DAIRY,9,593
3019377,8/26/17,28,DELI,9,207.552
3019378,8/26/17,28,EGGS,1,576
3019379,8/26/17,28,FROZEN FOODS,16,25
3019380,8/26/17,28,GROCERY I,64,3055.992
3019381,8/26/17,28,GROCERY II,0,4
3019383,8/26/17,28,HOME AND KITCHEN I,1,27
3019385,8/26/17,28,HOME APPLIANCES,0,1
3019386,8/26/17,28,HOME CARE,8,247
3019389,8/26/17,28,LINGERIE,0,22
3019390,8/26/17,28,LIQUOR WINE BEER,3,226
3019392,8/26/17,28,MEATS,0,93.684
3019393,8/26/17,28,PERSONAL CARE,11,212
3019394,8/26/17,28,PET SUPPLIES,0,4
3019396,8/26/17,28,POULTRY,1,171.098
3019397,8/26/17,28,PREPARED FOODS,0,38.507
3019398,8/26/17,28,PRODUCE,1,2646.4429
3019400,8/26/17,28,SEAFOOD,2,3
3019437,8/26/17,3,BEVERAGES,37,3384
3019439,8/26/17,3,BREAD/BAKERY,9,877.256
3019440,8/26/17,3,CELEBRATION,0,16
3019441,8/26/17,3,CLEANING,18,1950
3019442,8/26/17,3,DAIRY,16,1697
3019443,8/26/17,3,DELI,10,328.706
3019444,8/26/17,3,EGGS,0,502
3019445,8/26/17,3,FROZEN FOODS,0,286.856
3019446,8/26/17,3,GROCERY I,64,6162
3019452,8/26/17,3,HOME CARE,11,560
3019454,8/26/17,3,LAWN AND GARDEN,0,22
3019458,8/26/17,3,MEATS,0,1135.474
3019459,8/26/17,3,PERSONAL CARE,16,323
3019461,8/26/17,3,PLAYERS AND ELECTRONICS,1,21
3019462,8/26/17,3,POULTRY,0,1613.129
3019463,8/26/17,3,PREPARED FOODS,0,487.036
3019464,8/26/17,3,PRODUCE,2,5
3019466,8/26/17,3,SEAFOOD,1,122.735
3019470,8/26/17,30,BEVERAGES,20,516
3019472,8/26/17,30,BREAD/BAKERY,3,115
3019474,8/26/17,30,CLEANING,14,337
3019475,8/26/17,30,DAIRY,4,207
3019476,8/26/17,30,DELI,6,92
3019477,8/26/17,30,EGGS,1,154
3019478,8/26/17,30,FROZEN FOODS,9,28
3019479,8/26/17,30,GROCERY I,42,1120
3019491,8/26/17,30,MEATS,0,83.821
3019492,8/26/17,30,PERSONAL CARE,3,84
3019495,8/26/17,30,POULTRY,1,123.522995
3019497,8/26/17,30,PRODUCE,1,823.68
3019500,8/26/17,31,AUTOMOTIVE,0,12
3019503,8/26/17,31,BEVERAGES,22,791
3019505,8/26/17,31,BREAD/BAKERY,3,288
3019506,8/26/17,31,CELEBRATION,0,6
3019507,8/26/17,31,CLEANING,26,754
3019508,8/26/17,31,DAIRY,6,877
3019509,8/26/17,31,DELI,7,199.965
3019510,8/26/17,31,EGGS,1,185
3019511,8/26/17,31,FROZEN FOODS,10,47.727
3019512,8/26/17,31,GROCERY I,65,2346.024
3019513,8/26/17,31,GROCERY II,0,7
3019515,8/26/17,31,HOME AND KITCHEN I,1,18
3019516,8/26/17,31,HOME AND KITCHEN II,1,8
3019518,8/26/17,31,HOME CARE,9,304
3019524,8/26/17,31,MEATS,0,399.5386
3019525,8/26/17,31,PERSONAL CARE,8,278
3019528,8/26/17,31,POULTRY,0,146.829
3019529,8/26/17,31,PREPARED FOODS,0,49
3019530,8/26/17,31,PRODUCE,3,2304.033
3019532,8/26/17,31,SEAFOOD,1,1
3019536,8/26/17,32,BEVERAGES,18,208
3019538,8/26/17,32,BREAD/BAKERY,4,101
3019540,8/26/17,32,CLEANING,17,231
3019541,8/26/17,32,DAIRY,2,84
3019542,8/26/17,32,DELI,1,80
3019543,8/26/17,32,EGGS,1,93
3019544,8/26/17,32,FROZEN FOODS,6,5
3019545,8/26/17,32,GROCERY I,54,807
3019548,8/26/17,32,HOME AND KITCHEN I,0,17
3019551,8/26/17,32,HOME CARE,6,81
3019554,8/26/17,32,LINGERIE,0,1
3019557,8/26/17,32,MEATS,0,60.69
3019558,8/26/17,32,PERSONAL CARE,7,64
3019561,8/26/17,32,POULTRY,0,82.32
3019563,8/26/17,32,PRODUCE,1,325.106
3019566,8/26/17,33,AUTOMOTIVE,0,3
3019568,8/26/17,33,BEAUTY,0,1
3019569,8/26/17,33,BEVERAGES,22,431
3019571,8/26/17,33,BREAD/BAKERY,3,231
3019572,8/26/17,33,CELEBRATION,0,5
3019573,8/26/17,33,CLEANING,15,692
3019574,8/26/17,33,DAIRY,2,380
3019575,8/26/17,33,DELI,6,160
3019576,8/26/17,33,EGGS,1,194
3019577,8/26/17,33,FROZEN FOODS,11,39
3019578,8/26/17,33,GROCERY I,54,2189
3019580,8/26/17,33,HARDWARE,0,1
3019581,8/26/17,33,HOME AND KITCHEN I,1,25
3019582,8/26/17,33,HOME AND KITCHEN II,0,5
3019583,8/26/17,33,HOME APPLIANCES,0,1
3019584,8/26/17,33,HOME CARE,9,190
3019587,8/26/17,33,LINGERIE,0,18
3019588,8/26/17,33,LIQUOR WINE BEER,0,111
3019590,8/26/17,33,MEATS,0,291.105
3019591,8/26/17,33,PERSONAL CARE,9,256
3019593,8/26/17,33,PLAYERS AND ELECTRONICS,0,4
3019594,8/26/17,33,POULTRY,1,245.133
3019595,8/26/17,33,PREPARED FOODS,0,31
3019596,8/26/17,33,PRODUCE,1,2103.285
3019598,8/26/17,33,SEAFOOD,1,8
3019599,8/26/17,34,AUTOMOTIVE,0,5
3019602,8/26/17,34,BEVERAGES,24,1064
3019604,8/26/17,34,BREAD/BAKERY,3,470
3019605,8/26/17,34,CELEBRATION,0,28
3019606,8/26/17,34,CLEANING,26,844
3019607,8/26/17,34,DAIRY,6,526
3019608,8/26/17,34,DELI,4,185.98
3019609,8/26/17,34,EGGS,1,135
3019610,8/26/17,34,FROZEN FOODS,12,111.486
3019611,8/26/17,34,GROCERY I,58,2515.524
3019612,8/26/17,34,GROCERY II,0,5
3019614,8/26/17,34,HOME AND KITCHEN I,1,25
3019615,8/26/17,34,HOME AND KITCHEN II,1,44
3019616,8/26/17,34,HOME APPLIANCES,0,1
3019617,8/26/17,34,HOME CARE,5,343
3019620,8/26/17,34,LINGERIE,0,18
3019623,8/26/17,34,MEATS,0,198.817
3019624,8/26/17,34,PERSONAL CARE,12,304
3019627,8/26/17,34,POULTRY,0,157.826
3019628,8/26/17,34,PREPARED FOODS,0,27
3019629,8/26/17,34,PRODUCE,0,1492.19
3019631,8/26/17,34,SEAFOOD,2,9
3019632,8/26/17,35,AUTOMOTIVE,0,1
3019634,8/26/17,35,BEAUTY,0,1
3019635,8/26/17,35,BEVERAGES,20,374
3019637,8/26/17,35,BREAD/BAKERY,2,50
3019638,8/26/17,35,CELEBRATION,0,7
3019639,8/26/17,35,CLEANING,18,205
3019640,8/26/17,35,DAIRY,4,109
3019641,8/26/17,35,DELI,4,26
3019642,8/26/17,35,EGGS,1,108
3019643,8/26/17,35,FROZEN FOODS,7,11.877
3019644,8/26/17,35,GROCERY I,56,862
3019645,8/26/17,35,GROCERY II,0,3
3019646,8/26/17,35,HARDWARE,0,1
3019647,8/26/17,35,HOME AND KITCHEN I,1,11
3019648,8/26/17,35,HOME AND KITCHEN II,0,13
3019649,8/26/17,35,HOME APPLIANCES,0,1
3019650,8/26/17,35,HOME CARE,9,104
3019653,8/26/17,35,LINGERIE,0,7
3019656,8/26/17,35,MEATS,0,193.307
3019657,8/26/17,35,PERSONAL CARE,8,43
3019660,8/26/17,35,POULTRY,0,81.097
3019661,8/26/17,35,PREPARED FOODS,0,19
3019662,8/26/17,35,PRODUCE,0,627.733
3019664,8/26/17,35,SEAFOOD,0,1
3019665,8/26/17,36,AUTOMOTIVE,0,5
3019668,8/26/17,36,BEVERAGES,28,1025
3019670,8/26/17,36,BREAD/BAKERY,3,465
3019671,8/26/17,36,CELEBRATION,0,9
3019672,8/26/17,36,CLEANING,20,859
3019673,8/26/17,36,DAIRY,7,528
3019674,8/26/17,36,DELI,7,154.806
3019675,8/26/17,36,EGGS,1,115
3019676,8/26/17,36,FROZEN FOODS,13,78.06
3019677,8/26/17,36,GROCERY I,61,1881.333
3019680,8/26/17,36,HOME AND KITCHEN I,1,31
3019681,8/26/17,36,HOME AND KITCHEN II,2,5
3019683,8/26/17,36,HOME CARE,7,269
3019685,8/26/17,36,LAWN AND GARDEN,0,4
3019686,8/26/17,36,LINGERIE,0,14
3019689,8/26/17,36,MEATS,0,107.645
3019690,8/26/17,36,PERSONAL CARE,12,169
3019693,8/26/17,36,POULTRY,0,76.678
3019694,8/26/17,36,PREPARED FOODS,0,30.554
3019695,8/26/17,36,PRODUCE,1,2792.749
3019697,8/26/17,36,SEAFOOD,2,1
3019701,8/26/17,37,BEVERAGES,31,1064
3019703,8/26/17,37,BREAD/BAKERY,10,488.135
3019704,8/26/17,37,CELEBRATION,0,11
3019705,8/26/17,37,CLEANING,8,1074
3019706,8/26/17,37,DAIRY,8,938
3019707,8/26/17,37,DELI,11,116.798996
3019708,8/26/17,37,EGGS,0,181
3019709,8/26/17,37,FROZEN FOODS,0,191
3019710,8/26/17,37,GROCERY I,52,3404
3019716,8/26/17,37,HOME CARE,8,376
3019718,8/26/17,37,LAWN AND GARDEN,0,10
3019722,8/26/17,37,MEATS,0,543.763
3019723,8/26/17,37,PERSONAL CARE,13,212
3019725,8/26/17,37,PLAYERS AND ELECTRONICS,0,13
3019726,8/26/17,37,POULTRY,0,264.094
3019727,8/26/17,37,PREPARED FOODS,0,164.836
3019728,8/26/17,37,PRODUCE,1,7
3019730,8/26/17,37,SEAFOOD,0,17.774
3019734,8/26/17,38,BEVERAGES,41,611
3019736,8/26/17,38,BREAD/BAKERY,9,698.825
3019737,8/26/17,38,CELEBRATION,0,14
3019738,8/26/17,38,CLEANING,15,847
3019739,8/26/17,38,DAIRY,11,827
3019740,8/26/17,38,DELI,9,180.008
3019741,8/26/17,38,EGGS,0,98
3019742,8/26/17,38,FROZEN FOODS,0,160
3019743,8/26/17,38,GROCERY I,60,2870
3019749,8/26/17,38,HOME CARE,10,443
3019751,8/26/17,38,LAWN AND GARDEN,0,7
3019753,8/26/17,38,LIQUOR WINE BEER,5,32
3019755,8/26/17,38,MEATS,0,155.259
3019756,8/26/17,38,PERSONAL CARE,14,269
3019758,8/26/17,38,PLAYERS AND ELECTRONICS,1,11
3019759,8/26/17,38,POULTRY,0,172.089
3019760,8/26/17,38,PREPARED FOODS,0,165.418
3019761,8/26/17,38,PRODUCE,2,1
3019763,8/26/17,38,SEAFOOD,1,19.067001
3019764,8/26/17,39,AUTOMOTIVE,0,4
3019766,8/26/17,39,BEAUTY,1,3
3019767,8/26/17,39,BEVERAGES,23,658
3019769,8/26/17,39,BREAD/BAKERY,3,539
3019771,8/26/17,39,CLEANING,26,1056
3019772,8/26/17,39,DAIRY,9,535
3019773,8/26/17,39,DELI,9,134.31
3019774,8/26/17,39,EGGS,1,221
3019775,8/26/17,39,FROZEN FOODS,17,43
3019776,8/26/17,39,GROCERY I,66,3484.952
3019778,8/26/17,39,HARDWARE,0,1
3019780,8/26/17,39,HOME AND KITCHEN II,2,14
3019782,8/26/17,39,HOME CARE,9,292
3019783,8/26/17,39,LADIESWEAR,0,14
3019784,8/26/17,39,LAWN AND GARDEN,0,8
3019785,8/26/17,39,LINGERIE,2,8
3019788,8/26/17,39,MEATS,0,112.365
3019789,8/26/17,39,PERSONAL CARE,13,203
3019792,8/26/17,39,POULTRY,1,167.5024
3019793,8/26/17,39,PREPARED FOODS,0,84.007
3019794,8/26/17,39,PRODUCE,1,2463.323
3019796,8/26/17,39,SEAFOOD,2,11
3019800,8/26/17,4,BEVERAGES,33,1821
3019802,8/26/17,4,BREAD/BAKERY,11,267.395
3019803,8/26/17,4,CELEBRATION,0,5
3019804,8/26/17,4,CLEANING,14,542
3019805,8/26/17,4,DAIRY,14,558
3019806,8/26/17,4,DELI,11,178.768
3019807,8/26/17,4,EGGS,0,135
3019808,8/26/17,4,FROZEN FOODS,0,104.375
3019809,8/26/17,4,GROCERY I,53,2055
3019815,8/26/17,4,HOME CARE,8,364
3019817,8/26/17,4,LAWN AND GARDEN,0,10
3019821,8/26/17,4,MEATS,0,231.781
3019824,8/26/17,4,PLAYERS AND ELECTRONICS,0,8
3019825,8/26/17,4,POULTRY,0,530.02
3019826,8/26/17,4,PREPARED FOODS,0,88.19
3019827,8/26/17,4,PRODUCE,3,3832.635
3019829,8/26/17,4,SEAFOOD,1,41.473
3019830,8/26/17,40,AUTOMOTIVE,0,6
3019833,8/26/17,40,BEVERAGES,23,863
3019835,8/26/17,40,BREAD/BAKERY,3,292
3019836,8/26/17,40,CELEBRATION,0,21
3019837,8/26/17,40,CLEANING,17,807
3019838,8/26/17,40,DAIRY,3,555
3019839,8/26/17,40,DELI,8,216
3019840,8/26/17,40,EGGS,1,102
3019841,8/26/17,40,FROZEN FOODS,13,36.973
3019842,8/26/17,40,GROCERY I,59,3122
3019843,8/26/17,40,GROCERY II,0,12
3019845,8/26/17,40,HOME AND KITCHEN I,0,36
3019846,8/26/17,40,HOME AND KITCHEN II,1,9
3019847,8/26/17,40,HOME APPLIANCES,0,1
3019848,8/26/17,40,HOME CARE,9,210
3019851,8/26/17,40,LINGERIE,0,20
3019854,8/26/17,40,MEATS,0,120.335
3019855,8/26/17,40,PERSONAL CARE,11,144
3019858,8/26/17,40,POULTRY,0,145.491
3019859,8/26/17,40,PREPARED FOODS,0,43
3019860,8/26/17,40,PRODUCE,1,1946.614
3019862,8/26/17,40,SEAFOOD,1,5
3019866,8/26/17,41,BEVERAGES,31,618
3019868,8/26/17,41,BREAD/BAKERY,12,289.626
3019869,8/26/17,41,CELEBRATION,0,4
3019870,8/26/17,41,CLEANING,15,640
3019871,8/26/17,41,DAIRY,13,391
3019872,8/26/17,41,DELI,9,200.048
3019873,8/26/17,41,EGGS,0,94
3019874,8/26/17,41,FROZEN FOODS,0,118.998
3019875,8/26/17,41,GROCERY I,56,1913
3019881,8/26/17,41,HOME CARE,6,222
3019883,8/26/17,41,LAWN AND GARDEN,0,5
3019887,8/26/17,41,MEATS,0,103.837
3019888,8/26/17,41,PERSONAL CARE,11,389
3019889,8/26/17,41,PET SUPPLIES,0,6
3019891,8/26/17,41,POULTRY,0,145.053
3019892,8/26/17,41,PREPARED FOODS,0,46.353
3019893,8/26/17,41,PRODUCE,2,2
3019895,8/26/17,41,SEAFOOD,0,12
3019929,8/26/17,43,AUTOMOTIVE,0,4
3019932,8/26/17,43,BEVERAGES,20,1480
3019934,8/26/17,43,BREAD/BAKERY,3,164
3019936,8/26/17,43,CLEANING,22,611
3019937,8/26/17,43,DAIRY,9,300
3019938,8/26/17,43,DELI,7,127
3019939,8/26/17,43,EGGS,1,92
3019940,8/26/17,43,FROZEN FOODS,19,18.630001
3019941,8/26/17,43,GROCERY I,60,2158
3019945,8/26/17,43,HOME AND KITCHEN II,1,12
3019947,8/26/17,43,HOME CARE,5,228
3019953,8/26/17,43,MEATS,0,80.836
3019954,8/26/17,43,PERSONAL CARE,13,142
3019957,8/26/17,43,POULTRY,0,118.133995
3019958,8/26/17,43,PREPARED FOODS,0,84
3019959,8/26/17,43,PRODUCE,2,890.72
3019962,8/26/17,44,AUTOMOTIVE,0,34
3019965,8/26/17,44,BEVERAGES,44,8783
3019967,8/26/17,44,BREAD/BAKERY,13,1080.753
3019968,8/26/17,44,CELEBRATION,0,11
3019969,8/26/17,44,CLEANING,19,2404
3019970,8/26/17,44,DAIRY,17,2129
3019971,8/26/17,44,DELI,11,605.141
3019972,8/26/17,44,EGGS,0,745
3019973,8/26/17,44,FROZEN FOODS,0,525.873
3019974,8/26/17,44,GROCERY I,69,7764
3019975,8/26/17,44,GROCERY II,0,75
3019980,8/26/17,44,HOME CARE,11,615
3019986,8/26/17,44,MEATS,0,1504.193
3019987,8/26/17,44,PERSONAL CARE,19,416
3019989,8/26/17,44,PLAYERS AND ELECTRONICS,0,36
3019990,8/26/17,44,POULTRY,0,1565.993
3019991,8/26/17,44,PREPARED FOODS,0,613.183
3019992,8/26/17,44,PRODUCE,3,15184.537
3019994,8/26/17,44,SEAFOOD,1,145.82199
3019995,8/26/17,45,AUTOMOTIVE,0,14
3019998,8/26/17,45,BEVERAGES,42,3022
3020000,8/26/17,45,BREAD/BAKERY,15,861.942
3020001,8/26/17,45,CELEBRATION,0,26
3020002,8/26/17,45,CLEANING,19,1790
3020003,8/26/17,45,DAIRY,15,1741
3020004,8/26/17,45,DELI,10,592.109
3020005,8/26/17,45,EGGS,0,363
3020006,8/26/17,45,FROZEN FOODS,0,223.435
3020007,8/26/17,45,GROCERY I,70,6509
3020013,8/26/17,45,HOME CARE,11,789
3020019,8/26/17,45,MEATS,0,1599.408
3020020,8/26/17,45,PERSONAL CARE,20,409
3020022,8/26/17,45,PLAYERS AND ELECTRONICS,0,18
3020023,8/26/17,45,POULTRY,0,1571.412
3020024,8/26/17,45,PREPARED FOODS,0,276.04
3020025,8/26/17,45,PRODUCE,2,16
3020027,8/26/17,45,SEAFOOD,1,121.899
3020028,8/26/17,46,AUTOMOTIVE,0,17
3020031,8/26/17,46,BEVERAGES,43,4793
3020033,8/26/17,46,BREAD/BAKERY,13,748.534
3020034,8/26/17,46,CELEBRATION,0,17
3020035,8/26/17,46,CLEANING,18,1887
3020036,8/26/17,46,DAIRY,15,1540
3020037,8/26/17,46,DELI,10,851.216
3020038,8/26/17,46,EGGS,0,153
3020039,8/26/17,46,FROZEN FOODS,0,257.501
3020040,8/26/17,46,GROCERY I,64,6903
3020043,8/26/17,46,HOME AND KITCHEN I,2,43
3020046,8/26/17,46,HOME CARE,10,757
3020048,8/26/17,46,LAWN AND GARDEN,0,10
3020052,8/26/17,46,MEATS,0,1142.723
3020053,8/26/17,46,PERSONAL CARE,15,555
3020055,8/26/17,46,PLAYERS AND ELECTRONICS,1,38
3020056,8/26/17,46,POULTRY,0,1074.8201
3020057,8/26/17,46,PREPARED FOODS,0,170.36499
3020058,8/26/17,46,PRODUCE,4,2508.452
3020060,8/26/17,46,SEAFOOD,1,47.05
3020061,8/26/17,47,AUTOMOTIVE,0,33
3020064,8/26/17,47,BEVERAGES,38,3052
3020066,8/26/17,47,BREAD/BAKERY,12,1381.06
3020067,8/26/17,47,CELEBRATION,0,16
3020068,8/26/17,47,CLEANING,18,2076
3020069,8/26/17,47,DAIRY,16,2038
3020070,8/26/17,47,DELI,10,715.537
3020071,8/26/17,47,EGGS,0,345
3020072,8/26/17,47,FROZEN FOODS,0,260.854
3020073,8/26/17,47,GROCERY I,56,8134
3020079,8/26/17,47,HOME CARE,7,852
3020081,8/26/17,47,LAWN AND GARDEN,0,25
3020085,8/26/17,47,MEATS,0,1231.028
3020086,8/26/17,47,PERSONAL CARE,16,880
3020088,8/26/17,47,PLAYERS AND ELECTRONICS,0,10
3020089,8/26/17,47,POULTRY,0,1592.196
3020090,8/26/17,47,PREPARED FOODS,0,339.046
3020091,8/26/17,47,PRODUCE,3,8630.106
3020093,8/26/17,47,SEAFOOD,1,96.708
3020094,8/26/17,48,AUTOMOTIVE,0,11
3020097,8/26/17,48,BEVERAGES,33,1390
3020099,8/26/17,48,BREAD/BAKERY,8,437.845
3020100,8/26/17,48,CELEBRATION,0,25
3020101,8/26/17,48,CLEANING,18,1315
3020102,8/26/17,48,DAIRY,15,872
3020103,8/26/17,48,DELI,10,404.964
3020104,8/26/17,48,EGGS,0,62
3020105,8/26/17,48,FROZEN FOODS,0,119.081
3020106,8/26/17,48,GROCERY I,65,4600
3020108,8/26/17,48,HARDWARE,0,3
3020112,8/26/17,48,HOME CARE,8,822
3020118,8/26/17,48,MEATS,0,1003.731
3020119,8/26/17,48,PERSONAL CARE,13,500
3020121,8/26/17,48,PLAYERS AND ELECTRONICS,2,22
3020122,8/26/17,48,POULTRY,0,754.414
3020123,8/26/17,48,PREPARED FOODS,0,117.881
3020124,8/26/17,48,PRODUCE,2,2135.061
3020126,8/26/17,48,SEAFOOD,0,11.071
3020127,8/26/17,49,AUTOMOTIVE,0,12
3020130,8/26/17,49,BEVERAGES,40,6090
3020132,8/26/17,49,BREAD/BAKERY,12,716.128
3020134,8/26/17,49,CLEANING,14,1550
3020135,8/26/17,49,DAIRY,17,1716
3020136,8/26/17,49,DELI,11,313.102
3020137,8/26/17,49,EGGS,0,375
3020138,8/26/17,49,FROZEN FOODS,0,307.788
3020139,8/26/17,49,GROCERY I,62,5463
3020145,8/26/17,49,HOME CARE,9,358
3020147,8/26/17,49,LAWN AND GARDEN,0,15
3020151,8/26/17,49,MEATS,0,983.105
3020152,8/26/17,49,PERSONAL CARE,17,270
3020154,8/26/17,49,PLAYERS AND ELECTRONICS,0,30
3020155,8/26/17,49,POULTRY,0,1041.163
3020156,8/26/17,49,PREPARED FOODS,0,326.18
3020157,8/26/17,49,PRODUCE,2,8248.459
3020159,8/26/17,49,SEAFOOD,1,96.911
3020163,8/26/17,5,BEVERAGES,26,681
3020165,8/26/17,5,BREAD/BAKERY,11,275.637
3020166,8/26/17,5,CELEBRATION,0,27
3020167,8/26/17,5,CLEANING,14,838
3020168,8/26/17,5,DAIRY,11,510
3020169,8/26/17,5,DELI,9,305.384
3020170,8/26/17,5,EGGS,0,117
3020171,8/26/17,5,FROZEN FOODS,0,125.135
3020172,8/26/17,5,GROCERY I,55,2713
3020178,8/26/17,5,HOME CARE,7,337
3020180,8/26/17,5,LAWN AND GARDEN,0,1
3020184,8/26/17,5,MEATS,0,279.986
3020185,8/26/17,5,PERSONAL CARE,10,256
3020188,8/26/17,5,POULTRY,0,241.7
3020189,8/26/17,5,PREPARED FOODS,0,78.573
3020190,8/26/17,5,PRODUCE,1,4
3020192,8/26/17,5,SEAFOOD,0,30.582
3020193,8/26/17,50,AUTOMOTIVE,0,17
3020196,8/26/17,50,BEVERAGES,34,1463
3020198,8/26/17,50,BREAD/BAKERY,11,466.783
3020199,8/26/17,50,CELEBRATION,0,29
3020200,8/26/17,50,CLEANING,16,1421
3020201,8/26/17,50,DAIRY,15,1094
3020202,8/26/17,50,DELI,11,368.328
3020203,8/26/17,50,EGGS,0,103
3020204,8/26/17,50,FROZEN FOODS,0,123
3020205,8/26/17,50,GROCERY I,56,5329
3020209,8/26/17,50,HOME AND KITCHEN II,1,29
3020211,8/26/17,50,HOME CARE,7,505
3020217,8/26/17,50,MEATS,0,521.215
3020218,8/26/17,50,PERSONAL CARE,13,295
3020220,8/26/17,50,PLAYERS AND ELECTRONICS,1,21
3020221,8/26/17,50,POULTRY,0,531.095
3020222,8/26/17,50,PREPARED FOODS,0,116.573
3020223,8/26/17,50,PRODUCE,1,2931.032
3020225,8/26/17,50,SEAFOOD,1,29.085001
3020229,8/26/17,51,BEVERAGES,38,7311
3020231,8/26/17,51,BREAD/BAKERY,10,1148.096
3020232,8/26/17,51,CELEBRATION,0,8
3020233,8/26/17,51,CLEANING,12,2098
3020234,8/26/17,51,DAIRY,16,2104
3020235,8/26/17,51,DELI,11,328.069
3020236,8/26/17,51,EGGS,0,367
3020237,8/26/17,51,FROZEN FOODS,1,628.92
3020238,8/26/17,51,GROCERY I,51,6223
3020241,8/26/17,51,HOME AND KITCHEN I,2,5
3020244,8/26/17,51,HOME CARE,5,400
3020246,8/26/17,51,LAWN AND GARDEN,0,6
3020250,8/26/17,51,MEATS,0,509.478
3020251,8/26/17,51,PERSONAL CARE,14,544
3020253,8/26/17,51,PLAYERS AND ELECTRONICS,1,20
3020254,8/26/17,51,POULTRY,0,694.898
3020255,8/26/17,51,PREPARED FOODS,0,200
3020256,8/26/17,51,PRODUCE,1,9940.145
3020258,8/26/17,51,SEAFOOD,1,111.006
3020295,8/26/17,53,BEVERAGES,29,510
3020297,8/26/17,53,BREAD/BAKERY,8,335.096
3020298,8/26/17,53,CELEBRATION,0,6
3020299,8/26/17,53,CLEANING,12,489
3020300,8/26/17,53,DAIRY,12,335
3020301,8/26/17,53,DELI,7,110.476
3020302,8/26/17,53,EGGS,0,48
3020303,8/26/17,53,FROZEN FOODS,0,141
3020304,8/26/17,53,GROCERY I,46,1557
3020310,8/26/17,53,HOME CARE,5,204
3020316,8/26/17,53,MEATS,0,236.905
3020317,8/26/17,53,PERSONAL CARE,7,136
3020319,8/26/17,53,PLAYERS AND ELECTRONICS,0,12
3020320,8/26/17,53,POULTRY,0,164.829
3020321,8/26/17,53,PREPARED FOODS,0,56.444
3020322,8/26/17,53,PRODUCE,1,2711.263
3020324,8/26/17,53,SEAFOOD,0,5
3020325,8/26/17,54,AUTOMOTIVE,0,2
3020327,8/26/17,54,BEAUTY,0,1
3020328,8/26/17,54,BEVERAGES,22,872
3020330,8/26/17,54,BREAD/BAKERY,2,136
3020331,8/26/17,54,CELEBRATION,0,1
3020332,8/26/17,54,CLEANING,18,611
3020333,8/26/17,54,DAIRY,3,154
3020334,8/26/17,54,DELI,5,143
3020335,8/26/17,54,EGGS,1,30
3020336,8/26/17,54,FROZEN FOODS,13,10.166
3020337,8/26/17,54,GROCERY I,53,1519
3020338,8/26/17,54,GROCERY II,0,6
3020339,8/26/17,54,HARDWARE,0,2
3020340,8/26/17,54,HOME AND KITCHEN I,1,14
3020341,8/26/17,54,HOME AND KITCHEN II,0,11
3020343,8/26/17,54,HOME CARE,8,138
3020346,8/26/17,54,LINGERIE,0,9
3020349,8/26/17,54,MEATS,0,58.312
3020350,8/26/17,54,PERSONAL CARE,11,122
3020353,8/26/17,54,POULTRY,0,34.337
3020354,8/26/17,54,PREPARED FOODS,0,99
3020355,8/26/17,54,PRODUCE,0,653.491
3020357,8/26/17,54,SEAFOOD,1,3
3020360,8/26/17,6,BEAUTY,1,3
3020361,8/26/17,6,BEVERAGES,38,1050
3020363,8/26/17,6,BREAD/BAKERY,12,346.316
3020364,8/26/17,6,CELEBRATION,0,11
3020365,8/26/17,6,CLEANING,16,797
3020366,8/26/17,6,DAIRY,14,715
3020367,8/26/17,6,DELI,11,230.665
3020368,8/26/17,6,EGGS,0,144
3020369,8/26/17,6,FROZEN FOODS,0,135
3020370,8/26/17,6,GROCERY I,63,3073
3020376,8/26/17,6,HOME CARE,7,373
3020378,8/26/17,6,LAWN AND GARDEN,0,7
3020380,8/26/17,6,LIQUOR WINE BEER,4,59
3020382,8/26/17,6,MEATS,0,595.626
3020383,8/26/17,6,PERSONAL CARE,13,401
3020386,8/26/17,6,POULTRY,0,870.827
3020387,8/26/17,6,PREPARED FOODS,0,162.702
3020388,8/26/17,6,PRODUCE,2,29
3020390,8/26/17,6,SEAFOOD,1,40.726
3020394,8/26/17,7,BEVERAGES,32,2272
3020396,8/26/17,7,BREAD/BAKERY,9,518.276
3020397,8/26/17,7,CELEBRATION,0,17
3020398,8/26/17,7,CLEANING,9,1059
3020399,8/26/17,7,DAIRY,14,1025
3020400,8/26/17,7,DELI,11,163.209
3020401,8/26/17,7,EGGS,0,263
3020402,8/26/17,7,FROZEN FOODS,0,208
3020403,8/26/17,7,GROCERY I,52,3906
3020409,8/26/17,7,HOME CARE,6,308
3020411,8/26/17,7,LAWN AND GARDEN,0,24
3020415,8/26/17,7,MEATS,0,696.255
3020416,8/26/17,7,PERSONAL CARE,11,230
3020418,8/26/17,7,PLAYERS AND ELECTRONICS,0,14
3020419,8/26/17,7,POULTRY,0,887.265
3020420,8/26/17,7,PREPARED FOODS,0,212.95801
3020421,8/26/17,7,PRODUCE,0,2
3020423,8/26/17,7,SEAFOOD,1,72.985
3020427,8/26/17,8,BEVERAGES,42,1600
3020429,8/26/17,8,BREAD/BAKERY,13,509.29102
3020431,8/26/17,8,CLEANING,9,1200
3020432,8/26/17,8,DAIRY,13,1376
3020433,8/26/17,8,DELI,11,282.744
3020434,8/26/17,8,EGGS,0,358
3020435,8/26/17,8,FROZEN FOODS,0,170
3020436,8/26/17,8,GROCERY I,60,3998
3020442,8/26/17,8,HOME CARE,7,365
3020444,8/26/17,8,LAWN AND GARDEN,0,15
3020448,8/26/17,8,MEATS,0,1129.43
3020449,8/26/17,8,PERSONAL CARE,14,254
3020451,8/26/17,8,PLAYERS AND ELECTRONICS,0,12
3020452,8/26/17,8,POULTRY,0,588.473
3020453,8/26/17,8,PREPARED FOODS,0,226.95
3020454,8/26/17,8,PRODUCE,2,1
3020456,8/26/17,8,SEAFOOD,1,73.304
3020457,8/26/17,9,AUTOMOTIVE,0,21
3020460,8/26/17,9,BEVERAGES,26,2217
3020462,8/26/17,9,BREAD/BAKERY,3,521
3020464,8/26/17,9,CLEANING,24,1752
3020465,8/26/17,9,DAIRY,8,584
3020466,8/26/17,9,DELI,9,602.9347
3020467,8/26/17,9,EGGS,1,136
3020468,8/26/17,9,FROZEN FOODS,17,61.495
3020469,8/26/17,9,GROCERY I,67,7685
3020470,8/26/17,9,GROCERY II,0,18
3020472,8/26/17,9,HOME AND KITCHEN I,2,44
3020475,8/26/17,9,HOME CARE,10,696
3020476,8/26/17,9,LADIESWEAR,0,14
3020477,8/26/17,9,LAWN AND GARDEN,0,3
3020481,8/26/17,9,MEATS,0,404.3831
3020482,8/26/17,9,PERSONAL CARE,13,334
3020485,8/26/17,9,POULTRY,0,613.71704
3020486,8/26/17,9,PREPARED FOODS,0,56.86
3020487,8/26/17,9,PRODUCE,2,1906.603
3020489,8/26/17,9,SEAFOOD,4,22.9274
3020493,8/27/17,1,BEVERAGES,23,2803
3020495,8/27/17,1,BREAD/BAKERY,5,232.343
3020496,8/27/17,1,CELEBRATION,0,13
3020497,8/27/17,1,CLEANING,7,720
3020498,8/27/17,1,DAIRY,7,710
3020499,8/27/17,1,DELI,6,144.572
3020500,8/27/17,1,EGGS,0,163
3020501,8/27/17,1,FROZEN FOODS,0,97
3020502,8/27/17,1,GROCERY I,27,2327
3020508,8/27/17,1,HOME CARE,4,211
3020510,8/27/17,1,LAWN AND GARDEN,0,20
3020514,8/27/17,1,MEATS,0,712.06
3020515,8/27/17,1,PERSONAL CARE,6,145
3020517,8/27/17,1,PLAYERS AND ELECTRONICS,0,7
3020518,8/27/17,1,POULTRY,0,709.636
3020519,8/27/17,1,PREPARED FOODS,0,127.85
3020520,8/27/17,1,PRODUCE,0,3951.501
3020522,8/27/17,1,SEAFOOD,0,30.559
3020523,8/27/17,10,AUTOMOTIVE,0,5
3020525,8/27/17,10,BEAUTY,0,1
3020526,8/27/17,10,BEVERAGES,17,370
3020528,8/27/17,10,BREAD/BAKERY,28,112
3020530,8/27/17,10,CLEANING,15,776
3020531,8/27/17,10,DAIRY,7,336
3020532,8/27/17,10,DELI,6,205
3020533,8/27/17,10,EGGS,1,11
3020534,8/27/17,10,FROZEN FOODS,0,50.571
3020535,8/27/17,10,GROCERY I,50,2463
3020537,8/27/17,10,HARDWARE,0,2
3020538,8/27/17,10,HOME AND KITCHEN I,0,24
3020541,8/27/17,10,HOME CARE,10,310
3020544,8/27/17,10,LINGERIE,0,6
3020547,8/27/17,10,MEATS,0,205.056
3020548,8/27/17,10,PERSONAL CARE,12,131
3020551,8/27/17,10,POULTRY,0,216.878
3020552,8/27/17,10,PREPARED FOODS,0,19
3020553,8/27/17,10,PRODUCE,2,351.215
3020555,8/27/17,10,SEAFOOD,0,5
3020556,8/27/17,11,AUTOMOTIVE,0,6
3020559,8/27/17,11,BEVERAGES,29,1836
3020561,8/27/17,11,BREAD/BAKERY,73,576
3020562,8/27/17,11,CELEBRATION,0,31
3020563,8/27/17,11,CLEANING,28,1189
3020564,8/27/17,11,DAIRY,8,320
3020565,8/27/17,11,DELI,10,244.813
3020566,8/27/17,11,EGGS,1,88
3020567,8/27/17,11,FROZEN FOODS,0,52
3020568,8/27/17,11,GROCERY I,63,6304.683
3020569,8/27/17,11,GROCERY II,4,21
3020571,8/27/17,11,HOME AND KITCHEN I,0,13
3020572,8/27/17,11,HOME AND KITCHEN II,1,13
3020574,8/27/17,11,HOME CARE,10,933
3020575,8/27/17,11,LADIESWEAR,0,16
3020577,8/27/17,11,LINGERIE,0,14
3020578,8/27/17,11,LIQUOR WINE BEER,2,81
3020580,8/27/17,11,MEATS,0,694.64
3020581,8/27/17,11,PERSONAL CARE,13,234
3020583,8/27/17,11,PLAYERS AND ELECTRONICS,0,10
3020584,8/27/17,11,POULTRY,0,776.195
3020585,8/27/17,11,PREPARED FOODS,0,41
3020586,8/27/17,11,PRODUCE,2,1988.468
3020588,8/27/17,11,SEAFOOD,0,14
3020589,8/27/17,12,AUTOMOTIVE,0,9
3020592,8/27/17,12,BEVERAGES,19,517
3020594,8/27/17,12,BREAD/BAKERY,42,152
3020596,8/27/17,12,CLEANING,14,695
3020597,8/27/17,12,DAIRY,10,272
3020598,8/27/17,12,DELI,5,120
3020599,8/27/17,12,EGGS,1,70
3020600,8/27/17,12,FROZEN FOODS,0,52
3020601,8/27/17,12,GROCERY I,48,2088
3020613,8/27/17,12,MEATS,0,159.299
3020614,8/27/17,12,PERSONAL CARE,11,213
3020616,8/27/17,12,PLAYERS AND ELECTRONICS,0,6
3020617,8/27/17,12,POULTRY,0,305.056
3020619,8/27/17,12,PRODUCE,1,341.653
3020625,8/27/17,13,BEVERAGES,19,453
3020627,8/27/17,13,BREAD/BAKERY,31,103
3020629,8/27/17,13,CLEANING,20,594
3020630,8/27/17,13,DAIRY,8,238
3020631,8/27/17,13,DELI,2,85
3020632,8/27/17,13,EGGS,1,54
3020633,8/27/17,13,FROZEN FOODS,0,15
3020634,8/27/17,13,GROCERY I,48,1654
3020641,8/27/17,13,LADIESWEAR,0,5
3020646,8/27/17,13,MEATS,0,131.586
3020647,8/27/17,13,PERSONAL CARE,10,143
3020650,8/27/17,13,POULTRY,0,135.026
3020651,8/27/17,13,PREPARED FOODS,0,14
3020652,8/27/17,13,PRODUCE,1,299.712
3020655,8/27/17,14,AUTOMOTIVE,0,4
3020658,8/27/17,14,BEVERAGES,19,441
3020660,8/27/17,14,BREAD/BAKERY,28,174
3020661,8/27/17,14,CELEBRATION,0,4
3020662,8/27/17,14,CLEANING,13,816
3020663,8/27/17,14,DAIRY,7,483
3020664,8/27/17,14,DELI,6,131
3020665,8/27/17,14,EGGS,1,41
3020666,8/27/17,14,FROZEN FOODS,0,13
3020667,8/27/17,14,GROCERY I,44,1907
3020670,8/27/17,14,HOME AND KITCHEN I,1,8
3020676,8/27/17,14,LINGERIE,0,5
3020677,8/27/17,14,LIQUOR WINE BEER,0,7
3020679,8/27/17,14,MEATS,0,381.589
3020680,8/27/17,14,PERSONAL CARE,9,194
3020683,8/27/17,14,POULTRY,0,86.333
3020684,8/27/17,14,PREPARED FOODS,0,38
3020685,8/27/17,14,PRODUCE,2,479.677
3020688,8/27/17,15,AUTOMOTIVE,0,8
3020690,8/27/17,15,BEAUTY,1,1
3020691,8/27/17,15,BEVERAGES,27,612
3020693,8/27/17,15,BREAD/BAKERY,28,199
3020694,8/27/17,15,CELEBRATION,0,4
3020695,8/27/17,15,CLEANING,17,620
3020696,8/27/17,15,DAIRY,8,329
3020697,8/27/17,15,DELI,3,262
3020698,8/27/17,15,EGGS,1,55
3020699,8/27/17,15,FROZEN FOODS,0,23
3020700,8/27/17,15,GROCERY I,54,3720
3020706,8/27/17,15,HOME CARE,9,233
3020707,8/27/17,15,LADIESWEAR,1,12
3020709,8/27/17,15,LINGERIE,0,1
3020710,8/27/17,15,LIQUOR WINE BEER,1,35
3020712,8/27/17,15,MEATS,0,149.201
3020713,8/27/17,15,PERSONAL CARE,9,180
3020716,8/27/17,15,POULTRY,1,97.654
3020717,8/27/17,15,PREPARED FOODS,0,20
3020718,8/27/17,15,PRODUCE,3,903.658
3020720,8/27/17,15,SEAFOOD,0,3
3020721,8/27/17,16,AUTOMOTIVE,0,5
3020724,8/27/17,16,BEVERAGES,20,401
3020726,8/27/17,16,BREAD/BAKERY,43,181
3020728,8/27/17,16,CLEANING,20,838
3020729,8/27/17,16,DAIRY,6,508
3020730,8/27/17,16,DELI,6,221
3020731,8/27/17,16,EGGS,1,258
3020732,8/27/17,16,FROZEN FOODS,0,12
3020733,8/27/17,16,GROCERY I,47,2578
3020737,8/27/17,16,HOME AND KITCHEN II,0,9
3020745,8/27/17,16,MEATS,0,68.885
3020746,8/27/17,16,PERSONAL CARE,11,164
3020749,8/27/17,16,POULTRY,1,76.512
3020750,8/27/17,16,PREPARED FOODS,0,62
3020751,8/27/17,16,PRODUCE,0,1062.49
3020753,8/27/17,16,SEAFOOD,0,5
3020754,8/27/17,17,AUTOMOTIVE,0,5
3020757,8/27/17,17,BEVERAGES,22,1173
3020759,8/27/17,17,BREAD/BAKERY,57,204
3020761,8/27/17,17,CLEANING,20,772
3020762,8/27/17,17,DAIRY,10,404
3020763,8/27/17,17,DELI,7,232
3020764,8/27/17,17,EGGS,1,72
3020765,8/27/17,17,FROZEN FOODS,0,29
3020766,8/27/17,17,GROCERY I,58,2576
3020769,8/27/17,17,HOME AND KITCHEN I,1,19
3020772,8/27/17,17,HOME CARE,7,267
3020778,8/27/17,17,MEATS,0,220.509
3020779,8/27/17,17,PERSONAL CARE,13,130
3020782,8/27/17,17,POULTRY,0,348.53
3020783,8/27/17,17,PREPARED FOODS,0,59
3020784,8/27/17,17,PRODUCE,1,1054.232
3020786,8/27/17,17,SEAFOOD,0,20
3020787,8/27/17,18,AUTOMOTIVE,0,2
3020790,8/27/17,18,BEVERAGES,25,952
3020792,8/27/17,18,BREAD/BAKERY,92,656
3020794,8/27/17,18,CLEANING,18,602
3020795,8/27/17,18,DAIRY,10,444
3020796,8/27/17,18,DELI,8,154.771
3020797,8/27/17,18,EGGS,1,112
3020798,8/27/17,18,FROZEN FOODS,0,28
3020799,8/27/17,18,GROCERY I,62,1607.357
3020805,8/27/17,18,HOME CARE,10,204
3020811,8/27/17,18,MEATS,0,162.8255
3020812,8/27/17,18,PERSONAL CARE,12,118
3020815,8/27/17,18,POULTRY,1,165.4432
3020816,8/27/17,18,PREPARED FOODS,0,45
3020817,8/27/17,18,PRODUCE,2,2035.715
3020819,8/27/17,18,SEAFOOD,0,7.6296
3020823,8/27/17,19,BEVERAGES,19,1060
3020825,8/27/17,19,BREAD/BAKERY,37,222
3020827,8/27/17,19,CLEANING,14,1342
3020828,8/27/17,19,DAIRY,8,444
3020829,8/27/17,19,DELI,6,146
3020830,8/27/17,19,EGGS,1,243
3020831,8/27/17,19,FROZEN FOODS,0,31
3020832,8/27/17,19,GROCERY I,50,1987
3020838,8/27/17,19,HOME CARE,7,258
3020844,8/27/17,19,MEATS,0,140.98401
3020845,8/27/17,19,PERSONAL CARE,11,175
3020846,8/27/17,19,PET SUPPLIES,0,1
3020848,8/27/17,19,POULTRY,0,96.194
3020849,8/27/17,19,PREPARED FOODS,0,26
3020850,8/27/17,19,PRODUCE,1,424.717
3020856,8/27/17,2,BEVERAGES,41,1044
3020858,8/27/17,2,BREAD/BAKERY,12,338.022
3020859,8/27/17,2,CELEBRATION,0,10
3020860,8/27/17,2,CLEANING,12,838
3020861,8/27/17,2,DAIRY,14,827
3020862,8/27/17,2,DELI,8,232.299
3020863,8/27/17,2,EGGS,0,187
3020864,8/27/17,2,FROZEN FOODS,0,117
3020865,8/27/17,2,GROCERY I,61,3052
3020871,8/27/17,2,HOME CARE,8,294
3020873,8/27/17,2,LAWN AND GARDEN,0,9
3020876,8/27/17,2,MAGAZINES,0,3
3020877,8/27/17,2,MEATS,1,388.863
3020878,8/27/17,2,PERSONAL CARE,11,242
3020880,8/27/17,2,PLAYERS AND ELECTRONICS,0,8
3020881,8/27/17,2,POULTRY,0,713.881
3020882,8/27/17,2,PREPARED FOODS,0,122.783005
3020883,8/27/17,2,PRODUCE,1,37
3020885,8/27/17,2,SEAFOOD,1,33.77
3020988,8/27/17,23,BEVERAGES,36,397
3020990,8/27/17,23,BREAD/BAKERY,12,226.65
3020992,8/27/17,23,CLEANING,11,589
3020993,8/27/17,23,DAIRY,10,494
3020994,8/27/17,23,DELI,7,102.628
3020995,8/27/17,23,EGGS,0,45
3020996,8/27/17,23,FROZEN FOODS,0,81
3020997,8/27/17,23,GROCERY I,51,1557
3021003,8/27/17,23,HOME CARE,3,178
3021009,8/27/17,23,MEATS,0,555.362
3021010,8/27/17,23,PERSONAL CARE,16,218
3021012,8/27/17,23,PLAYERS AND ELECTRONICS,0,8
3021013,8/27/17,23,POULTRY,0,460.176
3021014,8/27/17,23,PREPARED FOODS,0,53.551
3021015,8/27/17,23,PRODUCE,2,3
3021017,8/27/17,23,SEAFOOD,0,21.391
3021021,8/27/17,24,BEVERAGES,31,2678
3021023,8/27/17,24,BREAD/BAKERY,13,720.787
3021025,8/27/17,24,CLEANING,13,858
3021026,8/27/17,24,DAIRY,15,905
3021027,8/27/17,24,DELI,10,193.168
3021028,8/27/17,24,EGGS,0,181
3021029,8/27/17,24,FROZEN FOODS,0,171.753
3021030,8/27/17,24,GROCERY I,45,2829
3021036,8/27/17,24,HOME CARE,6,294
3021038,8/27/17,24,LAWN AND GARDEN,0,8
3021042,8/27/17,24,MEATS,0,415.47
3021043,8/27/17,24,PERSONAL CARE,12,271
3021046,8/27/17,24,POULTRY,0,541.872
3021047,8/27/17,24,PREPARED FOODS,0,101.526
3021048,8/27/17,24,PRODUCE,1,6300.022
3021050,8/27/17,24,SEAFOOD,0,54.814
3021054,8/27/17,25,BEVERAGES,28,659
3021056,8/27/17,25,BREAD/BAKERY,11,289.614
3021057,8/27/17,25,CELEBRATION,0,9
3021058,8/27/17,25,CLEANING,10,392
3021059,8/27/17,25,DAIRY,14,388
3021060,8/27/17,25,DELI,5,132.409
3021061,8/27/17,25,EGGS,0,130
3021062,8/27/17,25,FROZEN FOODS,0,61
3021063,8/27/17,25,GROCERY I,37,945
3021069,8/27/17,25,HOME CARE,3,82
3021071,8/27/17,25,LAWN AND GARDEN,0,4
3021075,8/27/17,25,MEATS,0,284.116
3021076,8/27/17,25,PERSONAL CARE,8,84
3021079,8/27/17,25,POULTRY,0,244.18
3021080,8/27/17,25,PREPARED FOODS,0,70.653
3021081,8/27/17,25,PRODUCE,0,1920.234
3021083,8/27/17,25,SEAFOOD,1,5
3021087,8/27/17,26,BEVERAGES,32,307
3021089,8/27/17,26,BREAD/BAKERY,9,221
3021090,8/27/17,26,CELEBRATION,0,10
3021091,8/27/17,26,CLEANING,6,361
3021092,8/27/17,26,DAIRY,8,177
3021093,8/27/17,26,DELI,4,110.341
3021094,8/27/17,26,EGGS,0,37
3021095,8/27/17,26,FROZEN FOODS,0,25
3021096,8/27/17,26,GROCERY I,50,1101
3021102,8/27/17,26,HOME CARE,4,154
3021108,8/27/17,26,MEATS,0,328.973
3021109,8/27/17,26,PERSONAL CARE,8,108
3021111,8/27/17,26,PLAYERS AND ELECTRONICS,0,6
3021112,8/27/17,26,POULTRY,0,90.538
3021113,8/27/17,26,PREPARED FOODS,0,5
3021114,8/27/17,26,PRODUCE,1,623.403
3021116,8/27/17,26,SEAFOOD,0,3.53
3021120,8/27/17,27,BEVERAGES,37,2801
3021122,8/27/17,27,BREAD/BAKERY,14,402.836
3021123,8/27/17,27,CELEBRATION,0,18
3021124,8/27/17,27,CLEANING,17,444
3021125,8/27/17,27,DAIRY,12,507
3021126,8/27/17,27,DELI,8,192.817
3021127,8/27/17,27,EGGS,0,127
3021128,8/27/17,27,FROZEN FOODS,0,87
3021129,8/27/17,27,GROCERY I,63,2053
3021135,8/27/17,27,HOME CARE,6,213
3021137,8/27/17,27,LAWN AND GARDEN,0,7
3021141,8/27/17,27,MEATS,0,180.439
3021142,8/27/17,27,PERSONAL CARE,15,134
3021144,8/27/17,27,PLAYERS AND ELECTRONICS,0,3
3021145,8/27/17,27,POULTRY,1,278.428
3021146,8/27/17,27,PREPARED FOODS,0,89.805
3021147,8/27/17,27,PRODUCE,1,5
3021149,8/27/17,27,SEAFOOD,1,26.337
3021150,8/27/17,28,AUTOMOTIVE,0,15
3021153,8/27/17,28,BEVERAGES,29,938
3021155,8/27/17,28,BREAD/BAKERY,85,379
3021157,8/27/17,28,CLEANING,24,742
3021158,8/27/17,28,DAIRY,10,593
3021159,8/27/17,28,DELI,9,207.552
3021160,8/27/17,28,EGGS,1,576
3021161,8/27/17,28,FROZEN FOODS,0,25
3021162,8/27/17,28,GROCERY I,63,3055.992
3021163,8/27/17,28,GROCERY II,4,4
3021165,8/27/17,28,HOME AND KITCHEN I,1,27
3021167,8/27/17,28,HOME APPLIANCES,0,1
3021168,8/27/17,28,HOME CARE,8,247
3021171,8/27/17,28,LINGERIE,0,22
3021172,8/27/17,28,LIQUOR WINE BEER,2,226
3021174,8/27/17,28,MEATS,0,93.684
3021175,8/27/17,28,PERSONAL CARE,12,212
3021176,8/27/17,28,PET SUPPLIES,0,4
3021178,8/27/17,28,POULTRY,0,171.098
3021179,8/27/17,28,PREPARED FOODS,0,38.507
3021180,8/27/17,28,PRODUCE,1,2646.4429
3021182,8/27/17,28,SEAFOOD,0,3
3021219,8/27/17,3,BEVERAGES,37,3384
3021221,8/27/17,3,BREAD/BAKERY,11,877.256
3021222,8/27/17,3,CELEBRATION,0,16
3021223,8/27/17,3,CLEANING,16,1950
3021224,8/27/17,3,DAIRY,16,1697
3021225,8/27/17,3,DELI,10,328.706
3021226,8/27/17,3,EGGS,0,502
3021227,8/27/17,3,FROZEN FOODS,0,286.856
3021228,8/27/17,3,GROCERY I,68,6162
3021234,8/27/17,3,HOME CARE,12,560
3021236,8/27/17,3,LAWN AND GARDEN,0,22
3021240,8/27/17,3,MEATS,0,1135.474
3021241,8/27/17,3,PERSONAL CARE,18,323
3021243,8/27/17,3,PLAYERS AND ELECTRONICS,0,21
3021244,8/27/17,3,POULTRY,0,1613.129
3021245,8/27/17,3,PREPARED FOODS,0,487.036
3021246,8/27/17,3,PRODUCE,2,5
3021248,8/27/17,3,SEAFOOD,1,122.735
3021252,8/27/17,30,BEVERAGES,20,516
3021254,8/27/17,30,BREAD/BAKERY,41,115
3021256,8/27/17,30,CLEANING,15,337
3021257,8/27/17,30,DAIRY,7,207
3021258,8/27/17,30,DELI,4,92
3021259,8/27/17,30,EGGS,1,154
3021260,8/27/17,30,FROZEN FOODS,0,28
3021261,8/27/17,30,GROCERY I,50,1120
3021273,8/27/17,30,MEATS,0,83.821
3021274,8/27/17,30,PERSONAL CARE,8,84
3021277,8/27/17,30,POULTRY,1,123.522995
3021279,8/27/17,30,PRODUCE,1,823.68
3021282,8/27/17,31,AUTOMOTIVE,0,12
3021285,8/27/17,31,BEVERAGES,27,791
3021287,8/27/17,31,BREAD/BAKERY,69,288
3021288,8/27/17,31,CELEBRATION,0,6
3021289,8/27/17,31,CLEANING,24,754
3021290,8/27/17,31,DAIRY,6,877
3021291,8/27/17,31,DELI,7,199.965
3021292,8/27/17,31,EGGS,1,185
3021293,8/27/17,31,FROZEN FOODS,0,47.727
3021294,8/27/17,31,GROCERY I,64,2346.024
3021295,8/27/17,31,GROCERY II,4,7
3021297,8/27/17,31,HOME AND KITCHEN I,1,18
3021298,8/27/17,31,HOME AND KITCHEN II,1,8
3021300,8/27/17,31,HOME CARE,10,304
3021306,8/27/17,31,MEATS,0,399.5386
3021307,8/27/17,31,PERSONAL CARE,12,278
3021310,8/27/17,31,POULTRY,0,146.829
3021311,8/27/17,31,PREPARED FOODS,0,49
3021312,8/27/17,31,PRODUCE,2,2304.033
3021314,8/27/17,31,SEAFOOD,0,1
3021318,8/27/17,32,BEVERAGES,17,208
3021320,8/27/17,32,BREAD/BAKERY,38,101
3021322,8/27/17,32,CLEANING,15,231
3021323,8/27/17,32,DAIRY,3,84
3021324,8/27/17,32,DELI,3,80
3021325,8/27/17,32,EGGS,1,93
3021326,8/27/17,32,FROZEN FOODS,0,5
3021327,8/27/17,32,GROCERY I,49,807
3021330,8/27/17,32,HOME AND KITCHEN I,1,17
3021333,8/27/17,32,HOME CARE,6,81
3021336,8/27/17,32,LINGERIE,0,1
3021339,8/27/17,32,MEATS,0,60.69
3021340,8/27/17,32,PERSONAL CARE,7,64
3021343,8/27/17,32,POULTRY,0,82.32
3021345,8/27/17,32,PRODUCE,1,325.106
3021348,8/27/17,33,AUTOMOTIVE,0,3
3021350,8/27/17,33,BEAUTY,0,1
3021351,8/27/17,33,BEVERAGES,21,431
3021353,8/27/17,33,BREAD/BAKERY,45,231
3021354,8/27/17,33,CELEBRATION,0,5
3021355,8/27/17,33,CLEANING,18,692
3021356,8/27/17,33,DAIRY,6,380
3021357,8/27/17,33,DELI,7,160
3021358,8/27/17,33,EGGS,1,194
3021359,8/27/17,33,FROZEN FOODS,0,39
3021360,8/27/17,33,GROCERY I,57,2189
3021362,8/27/17,33,HARDWARE,0,1
3021363,8/27/17,33,HOME AND KITCHEN I,0,25
3021364,8/27/17,33,HOME AND KITCHEN II,1,5
3021365,8/27/17,33,HOME APPLIANCES,0,1
3021366,8/27/17,33,HOME CARE,9,190
3021369,8/27/17,33,LINGERIE,0,18
3021370,8/27/17,33,LIQUOR WINE BEER,0,111
3021372,8/27/17,33,MEATS,0,291.105
3021373,8/27/17,33,PERSONAL CARE,12,256
3021375,8/27/17,33,PLAYERS AND ELECTRONICS,0,4
3021376,8/27/17,33,POULTRY,1,245.133
3021377,8/27/17,33,PREPARED FOODS,0,31
3021378,8/27/17,33,PRODUCE,1,2103.285
3021380,8/27/17,33,SEAFOOD,0,8
3021381,8/27/17,34,AUTOMOTIVE,0,5
3021384,8/27/17,34,BEVERAGES,23,1064
3021386,8/27/17,34,BREAD/BAKERY,68,470
3021387,8/27/17,34,CELEBRATION,0,28
3021388,8/27/17,34,CLEANING,22,844
3021389,8/27/17,34,DAIRY,8,526
3021390,8/27/17,34,DELI,5,185.98
3021391,8/27/17,34,EGGS,1,135
3021392,8/27/17,34,FROZEN FOODS,0,111.486
3021393,8/27/17,34,GROCERY I,58,2515.524
3021394,8/27/17,34,GROCERY II,3,5
3021396,8/27/17,34,HOME AND KITCHEN I,0,25
3021397,8/27/17,34,HOME AND KITCHEN II,0,44
3021398,8/27/17,34,HOME APPLIANCES,0,1
3021399,8/27/17,34,HOME CARE,5,343
3021402,8/27/17,34,LINGERIE,0,18
3021405,8/27/17,34,MEATS,0,198.817
3021406,8/27/17,34,PERSONAL CARE,11,304
3021409,8/27/17,34,POULTRY,1,157.826
3021410,8/27/17,34,PREPARED FOODS,0,27
3021411,8/27/17,34,PRODUCE,0,1492.19
3021413,8/27/17,34,SEAFOOD,0,9
3021414,8/27/17,35,AUTOMOTIVE,0,1
3021416,8/27/17,35,BEAUTY,0,1
3021417,8/27/17,35,BEVERAGES,20,374
3021419,8/27/17,35,BREAD/BAKERY,31,50
3021420,8/27/17,35,CELEBRATION,0,7
3021421,8/27/17,35,CLEANING,20,205
3021422,8/27/17,35,DAIRY,3,109
3021423,8/27/17,35,DELI,2,26
3021424,8/27/17,35,EGGS,1,108
3021425,8/27/17,35,FROZEN FOODS,0,11.877
3021426,8/27/17,35,GROCERY I,48,862
3021427,8/27/17,35,GROCERY II,4,3
3021428,8/27/17,35,HARDWARE,0,1
3021429,8/27/17,35,HOME AND KITCHEN I,0,11
3021430,8/27/17,35,HOME AND KITCHEN II,1,13
3021431,8/27/17,35,HOME APPLIANCES,0,1
3021432,8/27/17,35,HOME CARE,7,104
3021435,8/27/17,35,LINGERIE,0,7
3021438,8/27/17,35,MEATS,0,193.307
3021439,8/27/17,35,PERSONAL CARE,10,43
3021442,8/27/17,35,POULTRY,0,81.097
3021443,8/27/17,35,PREPARED FOODS,0,19
3021444,8/27/17,35,PRODUCE,1,627.733
3021446,8/27/17,35,SEAFOOD,0,1
3021447,8/27/17,36,AUTOMOTIVE,0,5
3021450,8/27/17,36,BEVERAGES,26,1025
3021452,8/27/17,36,BREAD/BAKERY,72,465
3021453,8/27/17,36,CELEBRATION,0,9
3021454,8/27/17,36,CLEANING,24,859
3021455,8/27/17,36,DAIRY,6,528
3021456,8/27/17,36,DELI,8,154.806
3021457,8/27/17,36,EGGS,1,115
3021458,8/27/17,36,FROZEN FOODS,0,78.06
3021459,8/27/17,36,GROCERY I,63,1881.333
3021462,8/27/17,36,HOME AND KITCHEN I,0,31
3021463,8/27/17,36,HOME AND KITCHEN II,1,5
3021465,8/27/17,36,HOME CARE,8,269
3021467,8/27/17,36,LAWN AND GARDEN,0,4
3021468,8/27/17,36,LINGERIE,0,14
3021471,8/27/17,36,MEATS,0,107.645
3021472,8/27/17,36,PERSONAL CARE,9,169
3021475,8/27/17,36,POULTRY,0,76.678
3021476,8/27/17,36,PREPARED FOODS,0,30.554
3021477,8/27/17,36,PRODUCE,1,2792.749
3021479,8/27/17,36,SEAFOOD,0,1
3021483,8/27/17,37,BEVERAGES,37,1064
3021485,8/27/17,37,BREAD/BAKERY,12,488.135
3021486,8/27/17,37,CELEBRATION,0,11
3021487,8/27/17,37,CLEANING,10,1074
3021488,8/27/17,37,DAIRY,7,938
3021489,8/27/17,37,DELI,11,116.798996
3021490,8/27/17,37,EGGS,0,181
3021491,8/27/17,37,FROZEN FOODS,0,191
3021492,8/27/17,37,GROCERY I,49,3404
3021498,8/27/17,37,HOME CARE,7,376
3021500,8/27/17,37,LAWN AND GARDEN,0,10
3021504,8/27/17,37,MEATS,0,543.763
3021505,8/27/17,37,PERSONAL CARE,15,212
3021507,8/27/17,37,PLAYERS AND ELECTRONICS,0,13
3021508,8/27/17,37,POULTRY,0,264.094
3021509,8/27/17,37,PREPARED FOODS,0,164.836
3021510,8/27/17,37,PRODUCE,1,7
3021512,8/27/17,37,SEAFOOD,0,17.774
3021516,8/27/17,38,BEVERAGES,36,611
3021518,8/27/17,38,BREAD/BAKERY,10,698.825
3021519,8/27/17,38,CELEBRATION,0,14
3021520,8/27/17,38,CLEANING,15,847
3021521,8/27/17,38,DAIRY,15,827
3021522,8/27/17,38,DELI,7,180.008
3021523,8/27/17,38,EGGS,0,98
3021524,8/27/17,38,FROZEN FOODS,0,160
3021525,8/27/17,38,GROCERY I,58,2870
3021531,8/27/17,38,HOME CARE,8,443
3021533,8/27/17,38,LAWN AND GARDEN,0,7
3021535,8/27/17,38,LIQUOR WINE BEER,3,32
3021537,8/27/17,38,MEATS,0,155.259
3021538,8/27/17,38,PERSONAL CARE,15,269
3021540,8/27/17,38,PLAYERS AND ELECTRONICS,0,11
3021541,8/27/17,38,POULTRY,0,172.089
3021542,8/27/17,38,PREPARED FOODS,0,165.418
3021543,8/27/17,38,PRODUCE,1,1
3021545,8/27/17,38,SEAFOOD,1,19.067001
3021546,8/27/17,39,AUTOMOTIVE,0,4
3021548,8/27/17,39,BEAUTY,1,3
3021549,8/27/17,39,BEVERAGES,25,658
3021551,8/27/17,39,BREAD/BAKERY,81,539
3021553,8/27/17,39,CLEANING,27,1056
3021554,8/27/17,39,DAIRY,10,535
3021555,8/27/17,39,DELI,9,134.31
3021556,8/27/17,39,EGGS,1,221
3021557,8/27/17,39,FROZEN FOODS,0,43
3021558,8/27/17,39,GROCERY I,62,3484.952
3021560,8/27/17,39,HARDWARE,0,1
3021562,8/27/17,39,HOME AND KITCHEN II,0,14
3021564,8/27/17,39,HOME CARE,11,292
3021565,8/27/17,39,LADIESWEAR,0,14
3021566,8/27/17,39,LAWN AND GARDEN,0,8
3021567,8/27/17,39,LINGERIE,1,8
3021570,8/27/17,39,MEATS,0,112.365
3021571,8/27/17,39,PERSONAL CARE,12,203
3021574,8/27/17,39,POULTRY,1,167.5024
3021575,8/27/17,39,PREPARED FOODS,0,84.007
3021576,8/27/17,39,PRODUCE,1,2463.323
3021578,8/27/17,39,SEAFOOD,0,11
3021582,8/27/17,4,BEVERAGES,37,1821
3021584,8/27/17,4,BREAD/BAKERY,11,267.395
3021585,8/27/17,4,CELEBRATION,0,5
3021586,8/27/17,4,CLEANING,16,542
3021587,8/27/17,4,DAIRY,14,558
3021588,8/27/17,4,DELI,11,178.768
3021589,8/27/17,4,EGGS,0,135
3021590,8/27/17,4,FROZEN FOODS,0,104.375
3021591,8/27/17,4,GROCERY I,62,2055
3021597,8/27/17,4,HOME CARE,8,364
3021599,8/27/17,4,LAWN AND GARDEN,0,10
3021603,8/27/17,4,MEATS,0,231.781
3021606,8/27/17,4,PLAYERS AND ELECTRONICS,0,8
3021607,8/27/17,4,POULTRY,0,530.02
3021608,8/27/17,4,PREPARED FOODS,0,88.19
3021609,8/27/17,4,PRODUCE,2,3832.635
3021611,8/27/17,4,SEAFOOD,1,41.473
3021612,8/27/17,40,AUTOMOTIVE,0,6
3021615,8/27/17,40,BEVERAGES,22,863
3021617,8/27/17,40,BREAD/BAKERY,49,292
3021618,8/27/17,40,CELEBRATION,0,21
3021619,8/27/17,40,CLEANING,19,807
3021620,8/27/17,40,DAIRY,5,555
3021621,8/27/17,40,DELI,7,216
3021622,8/27/17,40,EGGS,1,102
3021623,8/27/17,40,FROZEN FOODS,0,36.973
3021624,8/27/17,40,GROCERY I,57,3122
3021625,8/27/17,40,GROCERY II,2,12
3021627,8/27/17,40,HOME AND KITCHEN I,2,36
3021628,8/27/17,40,HOME AND KITCHEN II,1,9
3021629,8/27/17,40,HOME APPLIANCES,0,1
3021630,8/27/17,40,HOME CARE,8,210
3021633,8/27/17,40,LINGERIE,0,20
3021636,8/27/17,40,MEATS,0,120.335
3021637,8/27/17,40,PERSONAL CARE,12,144
3021640,8/27/17,40,POULTRY,0,145.491
3021641,8/27/17,40,PREPARED FOODS,0,43
3021642,8/27/17,40,PRODUCE,1,1946.614
3021644,8/27/17,40,SEAFOOD,0,5
3021648,8/27/17,41,BEVERAGES,33,618
3021650,8/27/17,41,BREAD/BAKERY,11,289.626
3021651,8/27/17,41,CELEBRATION,0,4
3021652,8/27/17,41,CLEANING,15,640
3021653,8/27/17,41,DAIRY,12,391
3021654,8/27/17,41,DELI,10,200.048
3021655,8/27/17,41,EGGS,0,94
3021656,8/27/17,41,FROZEN FOODS,0,118.998
3021657,8/27/17,41,GROCERY I,59,1913
3021663,8/27/17,41,HOME CARE,8,222
3021665,8/27/17,41,LAWN AND GARDEN,0,5
3021669,8/27/17,41,MEATS,0,103.837
3021670,8/27/17,41,PERSONAL CARE,13,389
3021671,8/27/17,41,PET SUPPLIES,0,6
3021673,8/27/17,41,POULTRY,0,145.053
3021674,8/27/17,41,PREPARED FOODS,0,46.353
3021675,8/27/17,41,PRODUCE,1,2
3021677,8/27/17,41,SEAFOOD,0,12
3021711,8/27/17,43,AUTOMOTIVE,0,4
3021714,8/27/17,43,BEVERAGES,21,1480
3021716,8/27/17,43,BREAD/BAKERY,73,164
3021718,8/27/17,43,CLEANING,24,611
3021719,8/27/17,43,DAIRY,8,300
3021720,8/27/17,43,DELI,10,127
3021721,8/27/17,43,EGGS,1,92
3021722,8/27/17,43,FROZEN FOODS,0,18.630001
3021723,8/27/17,43,GROCERY I,60,2158
3021727,8/27/17,43,HOME AND KITCHEN II,1,12
3021729,8/27/17,43,HOME CARE,9,228
3021735,8/27/17,43,MEATS,0,80.836
3021736,8/27/17,43,PERSONAL CARE,14,142
3021739,8/27/17,43,POULTRY,0,118.133995
3021740,8/27/17,43,PREPARED FOODS,0,84
3021741,8/27/17,43,PRODUCE,2,890.72
3021744,8/27/17,44,AUTOMOTIVE,0,34
3021747,8/27/17,44,BEVERAGES,44,8783
3021749,8/27/17,44,BREAD/BAKERY,16,1080.753
3021750,8/27/17,44,CELEBRATION,0,11
3021751,8/27/17,44,CLEANING,18,2404
3021752,8/27/17,44,DAIRY,17,2129
3021753,8/27/17,44,DELI,11,605.141
3021754,8/27/17,44,EGGS,0,745
3021755,8/27/17,44,FROZEN FOODS,0,525.873
3021756,8/27/17,44,GROCERY I,69,7764
3021757,8/27/17,44,GROCERY II,0,75
3021762,8/27/17,44,HOME CARE,11,615
3021768,8/27/17,44,MEATS,0,1504.193
3021769,8/27/17,44,PERSONAL CARE,19,416
3021771,8/27/17,44,PLAYERS AND ELECTRONICS,2,36
3021772,8/27/17,44,POULTRY,0,1565.993
3021773,8/27/17,44,PREPARED FOODS,0,613.183
3021774,8/27/17,44,PRODUCE,2,15184.537
3021776,8/27/17,44,SEAFOOD,1,145.82199
3021777,8/27/17,45,AUTOMOTIVE,0,14
3021780,8/27/17,45,BEVERAGES,44,3022
3021782,8/27/17,45,BREAD/BAKERY,15,861.942
3021783,8/27/17,45,CELEBRATION,0,26
3021784,8/27/17,45,CLEANING,19,1790
3021785,8/27/17,45,DAIRY,16,1741
3021786,8/27/17,45,DELI,10,592.109
3021787,8/27/17,45,EGGS,0,363
3021788,8/27/17,45,FROZEN FOODS,0,223.435
3021789,8/27/17,45,GROCERY I,68,6509
3021795,8/27/17,45,HOME CARE,11,789
3021801,8/27/17,45,MEATS,0,1599.408
3021802,8/27/17,45,PERSONAL CARE,20,409
3021804,8/27/17,45,PLAYERS AND ELECTRONICS,1,18
3021805,8/27/17,45,POULTRY,0,1571.412
3021806,8/27/17,45,PREPARED FOODS,0,276.04
3021807,8/27/17,45,PRODUCE,3,16
3021809,8/27/17,45,SEAFOOD,1,121.899
3021810,8/27/17,46,AUTOMOTIVE,0,17
3021813,8/27/17,46,BEVERAGES,43,4793
3021815,8/27/17,46,BREAD/BAKERY,14,748.534
3021816,8/27/17,46,CELEBRATION,0,17
3021817,8/27/17,46,CLEANING,19,1887
3021818,8/27/17,46,DAIRY,16,1540
3021819,8/27/17,46,DELI,10,851.216
3021820,8/27/17,46,EGGS,0,153
3021821,8/27/17,46,FROZEN FOODS,0,257.501
3021822,8/27/17,46,GROCERY I,65,6903
3021825,8/27/17,46,HOME AND KITCHEN I,0,43
3021828,8/27/17,46,HOME CARE,11,757
3021830,8/27/17,46,LAWN AND GARDEN,0,10
3021834,8/27/17,46,MEATS,0,1142.723
3021835,8/27/17,46,PERSONAL CARE,17,555
3021837,8/27/17,46,PLAYERS AND ELECTRONICS,2,38
3021838,8/27/17,46,POULTRY,0,1074.8201
3021839,8/27/17,46,PREPARED FOODS,0,170.36499
3021840,8/27/17,46,PRODUCE,3,2508.452
3021842,8/27/17,46,SEAFOOD,1,47.05
3021843,8/27/17,47,AUTOMOTIVE,0,33
3021846,8/27/17,47,BEVERAGES,39,3052
3021848,8/27/17,47,BREAD/BAKERY,14,1381.06
3021849,8/27/17,47,CELEBRATION,0,16
3021850,8/27/17,47,CLEANING,17,2076
3021851,8/27/17,47,DAIRY,16,2038
3021852,8/27/17,47,DELI,10,715.537
3021853,8/27/17,47,EGGS,0,345
3021854,8/27/17,47,FROZEN FOODS,0,260.854
3021855,8/27/17,47,GROCERY I,58,8134
3021861,8/27/17,47,HOME CARE,7,852
3021863,8/27/17,47,LAWN AND GARDEN,0,25
3021867,8/27/17,47,MEATS,0,1231.028
3021868,8/27/17,47,PERSONAL CARE,22,880
3021870,8/27/17,47,PLAYERS AND ELECTRONICS,0,10
3021871,8/27/17,47,POULTRY,1,1592.196
3021872,8/27/17,47,PREPARED FOODS,0,339.046
3021873,8/27/17,47,PRODUCE,2,8630.106
3021875,8/27/17,47,SEAFOOD,1,96.708
3021876,8/27/17,48,AUTOMOTIVE,0,11
3021879,8/27/17,48,BEVERAGES,41,1390
3021881,8/27/17,48,BREAD/BAKERY,10,437.845
3021882,8/27/17,48,CELEBRATION,0,25
3021883,8/27/17,48,CLEANING,18,1315
3021884,8/27/17,48,DAIRY,15,872
3021885,8/27/17,48,DELI,10,404.964
3021886,8/27/17,48,EGGS,0,62
3021887,8/27/17,48,FROZEN FOODS,0,119.081
3021888,8/27/17,48,GROCERY I,62,4600
3021890,8/27/17,48,HARDWARE,0,3
3021894,8/27/17,48,HOME CARE,9,822
3021900,8/27/17,48,MEATS,0,1003.731
3021901,8/27/17,48,PERSONAL CARE,13,500
3021903,8/27/17,48,PLAYERS AND ELECTRONICS,1,22
3021904,8/27/17,48,POULTRY,0,754.414
3021905,8/27/17,48,PREPARED FOODS,0,117.881
3021906,8/27/17,48,PRODUCE,2,2135.061
3021908,8/27/17,48,SEAFOOD,0,11.071
3021909,8/27/17,49,AUTOMOTIVE,0,12
3021912,8/27/17,49,BEVERAGES,39,6090
3021914,8/27/17,49,BREAD/BAKERY,13,716.128
3021916,8/27/17,49,CLEANING,18,1550
3021917,8/27/17,49,DAIRY,17,1716
3021918,8/27/17,49,DELI,10,313.102
3021919,8/27/17,49,EGGS,0,375
3021920,8/27/17,49,FROZEN FOODS,0,307.788
3021921,8/27/17,49,GROCERY I,63,5463
3021927,8/27/17,49,HOME CARE,9,358
3021929,8/27/17,49,LAWN AND GARDEN,0,15
3021933,8/27/17,49,MEATS,0,983.105
3021934,8/27/17,49,PERSONAL CARE,15,270
3021936,8/27/17,49,PLAYERS AND ELECTRONICS,0,30
3021937,8/27/17,49,POULTRY,0,1041.163
3021938,8/27/17,49,PREPARED FOODS,0,326.18
3021939,8/27/17,49,PRODUCE,2,8248.459
3021941,8/27/17,49,SEAFOOD,0,96.911
3021945,8/27/17,5,BEVERAGES,30,681
3021947,8/27/17,5,BREAD/BAKERY,12,275.637
3021948,8/27/17,5,CELEBRATION,0,27
3021949,8/27/17,5,CLEANING,14,838
3021950,8/27/17,5,DAIRY,10,510
3021951,8/27/17,5,DELI,10,305.384
3021952,8/27/17,5,EGGS,0,117
3021953,8/27/17,5,FROZEN FOODS,0,125.135
3021954,8/27/17,5,GROCERY I,55,2713
3021960,8/27/17,5,HOME CARE,6,337
3021962,8/27/17,5,LAWN AND GARDEN,0,1
3021966,8/27/17,5,MEATS,0,279.986
3021967,8/27/17,5,PERSONAL CARE,12,256
3021970,8/27/17,5,POULTRY,0,241.7
3021971,8/27/17,5,PREPARED FOODS,0,78.573
3021972,8/27/17,5,PRODUCE,1,4
3021974,8/27/17,5,SEAFOOD,1,30.582
3021975,8/27/17,50,AUTOMOTIVE,0,17
3021978,8/27/17,50,BEVERAGES,30,1463
3021980,8/27/17,50,BREAD/BAKERY,11,466.783
3021981,8/27/17,50,CELEBRATION,0,29
3021982,8/27/17,50,CLEANING,14,1421
3021983,8/27/17,50,DAIRY,16,1094
3021984,8/27/17,50,DELI,10,368.328
3021985,8/27/17,50,EGGS,0,103
3021986,8/27/17,50,FROZEN FOODS,0,123
3021987,8/27/17,50,GROCERY I,57,5329
3021991,8/27/17,50,HOME AND KITCHEN II,2,29
3021993,8/27/17,50,HOME CARE,5,505
3021999,8/27/17,50,MEATS,0,521.215
3022000,8/27/17,50,PERSONAL CARE,15,295
3022002,8/27/17,50,PLAYERS AND ELECTRONICS,0,21
3022003,8/27/17,50,POULTRY,0,531.095
3022004,8/27/17,50,PREPARED FOODS,0,116.573
3022005,8/27/17,50,PRODUCE,2,2931.032
3022007,8/27/17,50,SEAFOOD,0,29.085001
3022011,8/27/17,51,BEVERAGES,42,7311
3022013,8/27/17,51,BREAD/BAKERY,10,1148.096
3022014,8/27/17,51,CELEBRATION,0,8
3022015,8/27/17,51,CLEANING,12,2098
3022016,8/27/17,51,DAIRY,16,2104
3022017,8/27/17,51,DELI,10,328.069
3022018,8/27/17,51,EGGS,0,367
3022019,8/27/17,51,FROZEN FOODS,0,628.92
3022020,8/27/17,51,GROCERY I,66,6223
3022023,8/27/17,51,HOME AND KITCHEN I,1,5
3022026,8/27/17,51,HOME CARE,6,400
3022028,8/27/17,51,LAWN AND GARDEN,0,6
3022032,8/27/17,51,MEATS,0,509.478
3022033,8/27/17,51,PERSONAL CARE,16,544
3022035,8/27/17,51,PLAYERS AND ELECTRONICS,1,20
3022036,8/27/17,51,POULTRY,0,694.898
3022037,8/27/17,51,PREPARED FOODS,0,200
3022038,8/27/17,51,PRODUCE,2,9940.145
3022040,8/27/17,51,SEAFOOD,1,111.006
3022077,8/27/17,53,BEVERAGES,32,510
3022079,8/27/17,53,BREAD/BAKERY,12,335.096
3022080,8/27/17,53,CELEBRATION,0,6
3022081,8/27/17,53,CLEANING,14,489
3022082,8/27/17,53,DAIRY,13,335
3022083,8/27/17,53,DELI,10,110.476
3022084,8/27/17,53,EGGS,0,48
3022085,8/27/17,53,FROZEN FOODS,0,141
3022086,8/27/17,53,GROCERY I,43,1557
3022092,8/27/17,53,HOME CARE,5,204
3022098,8/27/17,53,MEATS,0,236.905
3022099,8/27/17,53,PERSONAL CARE,11,136
3022101,8/27/17,53,PLAYERS AND ELECTRONICS,0,12
3022102,8/27/17,53,POULTRY,0,164.829
3022103,8/27/17,53,PREPARED FOODS,0,56.444
3022104,8/27/17,53,PRODUCE,1,2711.263
3022106,8/27/17,53,SEAFOOD,0,5
3022107,8/27/17,54,AUTOMOTIVE,0,2
3022109,8/27/17,54,BEAUTY,0,1
3022110,8/27/17,54,BEVERAGES,28,872
3022112,8/27/17,54,BREAD/BAKERY,43,136
3022113,8/27/17,54,CELEBRATION,0,1
3022114,8/27/17,54,CLEANING,21,611
3022115,8/27/17,54,DAIRY,3,154
3022116,8/27/17,54,DELI,6,143
3022117,8/27/17,54,EGGS,1,30
3022118,8/27/17,54,FROZEN FOODS,0,10.166
3022119,8/27/17,54,GROCERY I,56,1519
3022120,8/27/17,54,GROCERY II,2,6
3022121,8/27/17,54,HARDWARE,0,2
3022122,8/27/17,54,HOME AND KITCHEN I,0,14
3022123,8/27/17,54,HOME AND KITCHEN II,0,11
3022125,8/27/17,54,HOME CARE,10,138
3022128,8/27/17,54,LINGERIE,0,9
3022131,8/27/17,54,MEATS,1,58.312
3022132,8/27/17,54,PERSONAL CARE,10,122
3022135,8/27/17,54,POULTRY,0,34.337
3022136,8/27/17,54,PREPARED FOODS,0,99
3022137,8/27/17,54,PRODUCE,0,653.491
3022139,8/27/17,54,SEAFOOD,0,3
3022142,8/27/17,6,BEAUTY,1,3
3022143,8/27/17,6,BEVERAGES,43,1050
3022145,8/27/17,6,BREAD/BAKERY,12,346.316
3022146,8/27/17,6,CELEBRATION,0,11
3022147,8/27/17,6,CLEANING,15,797
3022148,8/27/17,6,DAIRY,15,715
3022149,8/27/17,6,DELI,10,230.665
3022150,8/27/17,6,EGGS,0,144
3022151,8/27/17,6,FROZEN FOODS,0,135
3022152,8/27/17,6,GROCERY I,69,3073
3022158,8/27/17,6,HOME CARE,7,373
3022160,8/27/17,6,LAWN AND GARDEN,0,7
3022162,8/27/17,6,LIQUOR WINE BEER,4,59
3022164,8/27/17,6,MEATS,0,595.626
3022165,8/27/17,6,PERSONAL CARE,16,401
3022168,8/27/17,6,POULTRY,0,870.827
3022169,8/27/17,6,PREPARED FOODS,0,162.702
3022170,8/27/17,6,PRODUCE,2,29
3022172,8/27/17,6,SEAFOOD,1,40.726
3022176,8/27/17,7,BEVERAGES,37,2272
3022178,8/27/17,7,BREAD/BAKERY,10,518.276
3022179,8/27/17,7,CELEBRATION,0,17
3022180,8/27/17,7,CLEANING,15,1059
3022181,8/27/17,7,DAIRY,17,1025
3022182,8/27/17,7,DELI,10,163.209
3022183,8/27/17,7,EGGS,0,263
3022184,8/27/17,7,FROZEN FOODS,0,208
3022185,8/27/17,7,GROCERY I,58,3906
3022191,8/27/17,7,HOME CARE,7,308
3022193,8/27/17,7,LAWN AND GARDEN,0,24
3022197,8/27/17,7,MEATS,0,696.255
3022198,8/27/17,7,PERSONAL CARE,14,230
3022200,8/27/17,7,PLAYERS AND ELECTRONICS,0,14
3022201,8/27/17,7,POULTRY,0,887.265
3022202,8/27/17,7,PREPARED FOODS,0,212.95801
3022203,8/27/17,7,PRODUCE,1,2
3022205,8/27/17,7,SEAFOOD,1,72.985
3022209,8/27/17,8,BEVERAGES,38,1600
3022211,8/27/17,8,BREAD/BAKERY,13,509.29102
3022213,8/27/17,8,CLEANING,15,1200
3022214,8/27/17,8,DAIRY,14,1376
3022215,8/27/17,8,DELI,11,282.744
3022216,8/27/17,8,EGGS,0,358
3022217,8/27/17,8,FROZEN FOODS,0,170
3022218,8/27/17,8,GROCERY I,61,3998
3022224,8/27/17,8,HOME CARE,9,365
3022226,8/27/17,8,LAWN AND GARDEN,0,15
3022230,8/27/17,8,MEATS,0,1129.43
3022231,8/27/17,8,PERSONAL CARE,15,254
3022233,8/27/17,8,PLAYERS AND ELECTRONICS,0,12
3022234,8/27/17,8,POULTRY,0,588.473
3022235,8/27/17,8,PREPARED FOODS,0,226.95
3022236,8/27/17,8,PRODUCE,2,1
3022238,8/27/17,8,SEAFOOD,1,73.304
3022239,8/27/17,9,AUTOMOTIVE,0,21
3022242,8/27/17,9,BEVERAGES,27,2217
3022244,8/27/17,9,BREAD/BAKERY,77,521
3022246,8/27/17,9,CLEANING,22,1752
3022247,8/27/17,9,DAIRY,8,584
3022248,8/27/17,9,DELI,10,602.9347
3022249,8/27/17,9,EGGS,1,136
3022250,8/27/17,9,FROZEN FOODS,0,61.495
3022251,8/27/17,9,GROCERY I,69,7685
3022252,8/27/17,9,GROCERY II,2,18
3022254,8/27/17,9,HOME AND KITCHEN I,0,44
3022257,8/27/17,9,HOME CARE,12,696
3022258,8/27/17,9,LADIESWEAR,0,14
3022259,8/27/17,9,LAWN AND GARDEN,0,3
3022263,8/27/17,9,MEATS,0,404.3831
3022264,8/27/17,9,PERSONAL CARE,14,334
3022267,8/27/17,9,POULTRY,0,613.71704
3022268,8/27/17,9,PREPARED FOODS,0,56.86
3022269,8/27/17,9,PRODUCE,2,1906.603
3022271,8/27/17,9,SEAFOOD,0,22.9274
3022275,8/28/17,1,BEVERAGES,31,2803
3022277,8/28/17,1,BREAD/BAKERY,1,232.343
3022278,8/28/17,1,CELEBRATION,0,13
3022279,8/28/17,1,CLEANING,11,720
3022280,8/28/17,1,DAIRY,12,710
3022281,8/28/17,1,DELI,10,144.572
3022282,8/28/17,1,EGGS,0,163
3022283,8/28/17,1,FROZEN FOODS,0,97
3022284,8/28/17,1,GROCERY I,48,2327
3022290,8/28/17,1,HOME CARE,5,211
3022292,8/28/17,1,LAWN AND GARDEN,0,20
3022296,8/28/17,1,MEATS,0,712.06
3022297,8/28/17,1,PERSONAL CARE,6,145
3022299,8/28/17,1,PLAYERS AND ELECTRONICS,0,7
3022300,8/28/17,1,POULTRY,0,709.636
3022301,8/28/17,1,PREPARED FOODS,0,127.85
3022302,8/28/17,1,PRODUCE,2,3951.501
3022304,8/28/17,1,SEAFOOD,1,30.559
3022305,8/28/17,10,AUTOMOTIVE,0,5
3022307,8/28/17,10,BEAUTY,0,1
3022308,8/28/17,10,BEVERAGES,17,370
3022310,8/28/17,10,BREAD/BAKERY,2,112
3022312,8/28/17,10,CLEANING,14,776
3022313,8/28/17,10,DAIRY,5,336
3022314,8/28/17,10,DELI,2,205
3022315,8/28/17,10,EGGS,9,11
3022316,8/28/17,10,FROZEN FOODS,0,50.571
3022317,8/28/17,10,GROCERY I,49,2463
3022319,8/28/17,10,HARDWARE,0,2
3022320,8/28/17,10,HOME AND KITCHEN I,0,24
3022323,8/28/17,10,HOME CARE,7,310
3022326,8/28/17,10,LINGERIE,0,6
3022329,8/28/17,10,MEATS,0,205.056
3022330,8/28/17,10,PERSONAL CARE,9,131
3022333,8/28/17,10,POULTRY,0,216.878
3022334,8/28/17,10,PREPARED FOODS,0,19
3022335,8/28/17,10,PRODUCE,2,351.215
3022337,8/28/17,10,SEAFOOD,0,5
3022338,8/28/17,11,AUTOMOTIVE,0,6
3022341,8/28/17,11,BEVERAGES,25,1836
3022343,8/28/17,11,BREAD/BAKERY,4,576
3022344,8/28/17,11,CELEBRATION,0,31
3022345,8/28/17,11,CLEANING,27,1189
3022346,8/28/17,11,DAIRY,10,320
3022347,8/28/17,11,DELI,10,244.813
3022348,8/28/17,11,EGGS,18,88
3022349,8/28/17,11,FROZEN FOODS,0,52
3022350,8/28/17,11,GROCERY I,64,6304.683
3022351,8/28/17,11,GROCERY II,0,21
3022353,8/28/17,11,HOME AND KITCHEN I,0,13
3022354,8/28/17,11,HOME AND KITCHEN II,2,13
3022356,8/28/17,11,HOME CARE,7,933
3022357,8/28/17,11,LADIESWEAR,0,16
3022359,8/28/17,11,LINGERIE,0,14
3022360,8/28/17,11,LIQUOR WINE BEER,1,81
3022362,8/28/17,11,MEATS,0,694.64
3022363,8/28/17,11,PERSONAL CARE,14,234
3022365,8/28/17,11,PLAYERS AND ELECTRONICS,0,10
3022366,8/28/17,11,POULTRY,0,776.195
3022367,8/28/17,11,PREPARED FOODS,0,41
3022368,8/28/17,11,PRODUCE,3,1988.468
3022370,8/28/17,11,SEAFOOD,0,14
3022371,8/28/17,12,AUTOMOTIVE,0,9
3022374,8/28/17,12,BEVERAGES,17,517
3022376,8/28/17,12,BREAD/BAKERY,2,152
3022378,8/28/17,12,CLEANING,20,695
3022379,8/28/17,12,DAIRY,8,272
3022380,8/28/17,12,DELI,5,120
3022381,8/28/17,12,EGGS,7,70
3022382,8/28/17,12,FROZEN FOODS,0,52
3022383,8/28/17,12,GROCERY I,49,2088
3022395,8/28/17,12,MEATS,0,159.299
3022396,8/28/17,12,PERSONAL CARE,9,213
3022398,8/28/17,12,PLAYERS AND ELECTRONICS,0,6
3022399,8/28/17,12,POULTRY,0,305.056
3022401,8/28/17,12,PRODUCE,1,341.653
3022407,8/28/17,13,BEVERAGES,19,453
3022409,8/28/17,13,BREAD/BAKERY,3,103
3022411,8/28/17,13,CLEANING,18,594
3022412,8/28/17,13,DAIRY,8,238
3022413,8/28/17,13,DELI,3,85
3022414,8/28/17,13,EGGS,10,54
3022415,8/28/17,13,FROZEN FOODS,0,15
3022416,8/28/17,13,GROCERY I,46,1654
3022423,8/28/17,13,LADIESWEAR,0,5
3022428,8/28/17,13,MEATS,0,131.586
3022429,8/28/17,13,PERSONAL CARE,10,143
3022432,8/28/17,13,POULTRY,0,135.026
3022433,8/28/17,13,PREPARED FOODS,0,14
3022434,8/28/17,13,PRODUCE,1,299.712
3022437,8/28/17,14,AUTOMOTIVE,0,4
3022440,8/28/17,14,BEVERAGES,17,441
3022442,8/28/17,14,BREAD/BAKERY,2,174
3022443,8/28/17,14,CELEBRATION,0,4
3022444,8/28/17,14,CLEANING,21,816
3022445,8/28/17,14,DAIRY,5,483
3022446,8/28/17,14,DELI,5,131
3022447,8/28/17,14,EGGS,9,41
3022448,8/28/17,14,FROZEN FOODS,0,13
3022449,8/28/17,14,GROCERY I,49,1907
3022452,8/28/17,14,HOME AND KITCHEN I,0,8
3022458,8/28/17,14,LINGERIE,0,5
3022459,8/28/17,14,LIQUOR WINE BEER,0,7
3022461,8/28/17,14,MEATS,0,381.589
3022462,8/28/17,14,PERSONAL CARE,11,194
3022465,8/28/17,14,POULTRY,0,86.333
3022466,8/28/17,14,PREPARED FOODS,0,38
3022467,8/28/17,14,PRODUCE,2,479.677
3022470,8/28/17,15,AUTOMOTIVE,1,8
3022472,8/28/17,15,BEAUTY,0,1
3022473,8/28/17,15,BEVERAGES,26,612
3022475,8/28/17,15,BREAD/BAKERY,2,199
3022476,8/28/17,15,CELEBRATION,0,4
3022477,8/28/17,15,CLEANING,21,620
3022478,8/28/17,15,DAIRY,7,329
3022479,8/28/17,15,DELI,4,262
3022480,8/28/17,15,EGGS,12,55
3022481,8/28/17,15,FROZEN FOODS,0,23
3022482,8/28/17,15,GROCERY I,58,3720
3022488,8/28/17,15,HOME CARE,9,233
3022489,8/28/17,15,LADIESWEAR,0,12
3022491,8/28/17,15,LINGERIE,0,1
3022492,8/28/17,15,LIQUOR WINE BEER,1,35
3022494,8/28/17,15,MEATS,0,149.201
3022495,8/28/17,15,PERSONAL CARE,10,180
3022498,8/28/17,15,POULTRY,0,97.654
3022499,8/28/17,15,PREPARED FOODS,0,20
3022500,8/28/17,15,PRODUCE,3,903.658
3022502,8/28/17,15,SEAFOOD,0,3
3022503,8/28/17,16,AUTOMOTIVE,0,5
3022506,8/28/17,16,BEVERAGES,16,401
3022508,8/28/17,16,BREAD/BAKERY,2,181
3022510,8/28/17,16,CLEANING,13,838
3022511,8/28/17,16,DAIRY,7,508
3022512,8/28/17,16,DELI,5,221
3022513,8/28/17,16,EGGS,11,258
3022514,8/28/17,16,FROZEN FOODS,0,12
3022515,8/28/17,16,GROCERY I,42,2578
3022519,8/28/17,16,HOME AND KITCHEN II,1,9
3022527,8/28/17,16,MEATS,0,68.885
3022528,8/28/17,16,PERSONAL CARE,10,164
3022531,8/28/17,16,POULTRY,0,76.512
3022532,8/28/17,16,PREPARED FOODS,0,62
3022533,8/28/17,16,PRODUCE,0,1062.49
3022535,8/28/17,16,SEAFOOD,0,5
3022536,8/28/17,17,AUTOMOTIVE,0,5
3022539,8/28/17,17,BEVERAGES,15,1173
3022541,8/28/17,17,BREAD/BAKERY,3,204
3022543,8/28/17,17,CLEANING,18,772
3022544,8/28/17,17,DAIRY,8,404
3022545,8/28/17,17,DELI,6,232
3022546,8/28/17,17,EGGS,16,72
3022547,8/28/17,17,FROZEN FOODS,0,29
3022548,8/28/17,17,GROCERY I,53,2576
3022551,8/28/17,17,HOME AND KITCHEN I,0,19
3022554,8/28/17,17,HOME CARE,4,267
3022560,8/28/17,17,MEATS,0,220.509
3022561,8/28/17,17,PERSONAL CARE,9,130
3022564,8/28/17,17,POULTRY,1,348.53
3022565,8/28/17,17,PREPARED FOODS,0,59
3022566,8/28/17,17,PRODUCE,1,1054.232
3022568,8/28/17,17,SEAFOOD,0,20
3022569,8/28/17,18,AUTOMOTIVE,0,2
3022572,8/28/17,18,BEVERAGES,22,952
3022574,8/28/17,18,BREAD/BAKERY,3,656
3022576,8/28/17,18,CLEANING,18,602
3022577,8/28/17,18,DAIRY,8,444
3022578,8/28/17,18,DELI,10,154.771
3022579,8/28/17,18,EGGS,22,112
3022580,8/28/17,18,FROZEN FOODS,0,28
3022581,8/28/17,18,GROCERY I,56,1607.357
3022587,8/28/17,18,HOME CARE,7,204
3022593,8/28/17,18,MEATS,0,162.8255
3022594,8/28/17,18,PERSONAL CARE,12,118
3022597,8/28/17,18,POULTRY,0,165.4432
3022598,8/28/17,18,PREPARED FOODS,0,45
3022599,8/28/17,18,PRODUCE,2,2035.715
3022601,8/28/17,18,SEAFOOD,0,7.6296
3022605,8/28/17,19,BEVERAGES,17,1060
3022607,8/28/17,19,BREAD/BAKERY,2,222
3022609,8/28/17,19,CLEANING,17,1342
3022610,8/28/17,19,DAIRY,7,444
3022611,8/28/17,19,DELI,6,146
3022612,8/28/17,19,EGGS,15,243
3022613,8/28/17,19,FROZEN FOODS,0,31
3022614,8/28/17,19,GROCERY I,53,1987
3022620,8/28/17,19,HOME CARE,4,258
3022626,8/28/17,19,MEATS,0,140.98401
3022627,8/28/17,19,PERSONAL CARE,7,175
3022628,8/28/17,19,PET SUPPLIES,0,1
3022630,8/28/17,19,POULTRY,1,96.194
3022631,8/28/17,19,PREPARED FOODS,0,26
3022632,8/28/17,19,PRODUCE,1,424.717
3022638,8/28/17,2,BEVERAGES,35,1044
3022640,8/28/17,2,BREAD/BAKERY,11,338.022
3022641,8/28/17,2,CELEBRATION,0,10
3022642,8/28/17,2,CLEANING,9,838
3022643,8/28/17,2,DAIRY,11,827
3022644,8/28/17,2,DELI,11,232.299
3022645,8/28/17,2,EGGS,0,187
3022646,8/28/17,2,FROZEN FOODS,0,117
3022647,8/28/17,2,GROCERY I,56,3052
3022653,8/28/17,2,HOME CARE,4,294
3022655,8/28/17,2,LAWN AND GARDEN,0,9
3022658,8/28/17,2,MAGAZINES,0,3
3022659,8/28/17,2,MEATS,0,388.863
3022660,8/28/17,2,PERSONAL CARE,10,242
3022662,8/28/17,2,PLAYERS AND ELECTRONICS,0,8
3022663,8/28/17,2,POULTRY,0,713.881
3022664,8/28/17,2,PREPARED FOODS,0,122.783005
3022665,8/28/17,2,PRODUCE,1,37
3022667,8/28/17,2,SEAFOOD,0,33.77
3022770,8/28/17,23,BEVERAGES,31,397
3022772,8/28/17,23,BREAD/BAKERY,12,226.65
3022774,8/28/17,23,CLEANING,8,589
3022775,8/28/17,23,DAIRY,12,494
3022776,8/28/17,23,DELI,4,102.628
3022777,8/28/17,23,EGGS,0,45
3022778,8/28/17,23,FROZEN FOODS,0,81
3022779,8/28/17,23,GROCERY I,54,1557
3022785,8/28/17,23,HOME CARE,3,178
3022791,8/28/17,23,MEATS,0,555.362
3022792,8/28/17,23,PERSONAL CARE,11,218
3022794,8/28/17,23,PLAYERS AND ELECTRONICS,0,8
3022795,8/28/17,23,POULTRY,0,460.176
3022796,8/28/17,23,PREPARED FOODS,0,53.551
3022797,8/28/17,23,PRODUCE,2,3
3022799,8/28/17,23,SEAFOOD,0,21.391
3022803,8/28/17,24,BEVERAGES,29,2678
3022805,8/28/17,24,BREAD/BAKERY,12,720.787
3022807,8/28/17,24,CLEANING,16,858
3022808,8/28/17,24,DAIRY,13,905
3022809,8/28/17,24,DELI,11,193.168
3022810,8/28/17,24,EGGS,0,181
3022811,8/28/17,24,FROZEN FOODS,0,171.753
3022812,8/28/17,24,GROCERY I,44,2829
3022818,8/28/17,24,HOME CARE,1,294
3022820,8/28/17,24,LAWN AND GARDEN,0,8
3022824,8/28/17,24,MEATS,0,415.47
3022825,8/28/17,24,PERSONAL CARE,10,271
3022828,8/28/17,24,POULTRY,0,541.872
3022829,8/28/17,24,PREPARED FOODS,0,101.526
3022830,8/28/17,24,PRODUCE,2,6300.022
3022832,8/28/17,24,SEAFOOD,1,54.814
3022836,8/28/17,25,BEVERAGES,26,659
3022838,8/28/17,25,BREAD/BAKERY,12,289.614
3022839,8/28/17,25,CELEBRATION,0,9
3022840,8/28/17,25,CLEANING,10,392
3022841,8/28/17,25,DAIRY,14,388
3022842,8/28/17,25,DELI,8,132.409
3022843,8/28/17,25,EGGS,0,130
3022844,8/28/17,25,FROZEN FOODS,0,61
3022845,8/28/17,25,GROCERY I,43,945
3022851,8/28/17,25,HOME CARE,3,82
3022853,8/28/17,25,LAWN AND GARDEN,0,4
3022857,8/28/17,25,MEATS,0,284.116
3022858,8/28/17,25,PERSONAL CARE,8,84
3022861,8/28/17,25,POULTRY,0,244.18
3022862,8/28/17,25,PREPARED FOODS,0,70.653
3022863,8/28/17,25,PRODUCE,0,1920.234
3022865,8/28/17,25,SEAFOOD,0,5
3022869,8/28/17,26,BEVERAGES,23,307
3022871,8/28/17,26,BREAD/BAKERY,7,221
3022872,8/28/17,26,CELEBRATION,0,10
3022873,8/28/17,26,CLEANING,6,361
3022874,8/28/17,26,DAIRY,8,177
3022875,8/28/17,26,DELI,2,110.341
3022876,8/28/17,26,EGGS,0,37
3022877,8/28/17,26,FROZEN FOODS,0,25
3022878,8/28/17,26,GROCERY I,36,1101
3022884,8/28/17,26,HOME CARE,2,154
3022890,8/28/17,26,MEATS,0,328.973
3022891,8/28/17,26,PERSONAL CARE,6,108
3022893,8/28/17,26,PLAYERS AND ELECTRONICS,0,6
3022894,8/28/17,26,POULTRY,0,90.538
3022895,8/28/17,26,PREPARED FOODS,0,5
3022896,8/28/17,26,PRODUCE,1,623.403
3022898,8/28/17,26,SEAFOOD,0,3.53
3022902,8/28/17,27,BEVERAGES,30,2801
3022904,8/28/17,27,BREAD/BAKERY,14,402.836
3022905,8/28/17,27,CELEBRATION,0,18
3022906,8/28/17,27,CLEANING,16,444
3022907,8/28/17,27,DAIRY,10,507
3022908,8/28/17,27,DELI,6,192.817
3022909,8/28/17,27,EGGS,0,127
3022910,8/28/17,27,FROZEN FOODS,0,87
3022911,8/28/17,27,GROCERY I,55,2053
3022917,8/28/17,27,HOME CARE,4,213
3022919,8/28/17,27,LAWN AND GARDEN,0,7
3022923,8/28/17,27,MEATS,0,180.439
3022924,8/28/17,27,PERSONAL CARE,13,134
3022926,8/28/17,27,PLAYERS AND ELECTRONICS,0,3
3022927,8/28/17,27,POULTRY,0,278.428
3022928,8/28/17,27,PREPARED FOODS,0,89.805
3022929,8/28/17,27,PRODUCE,1,5
3022931,8/28/17,27,SEAFOOD,1,26.337
3022932,8/28/17,28,AUTOMOTIVE,0,15
3022935,8/28/17,28,BEVERAGES,24,938
3022937,8/28/17,28,BREAD/BAKERY,3,379
3022939,8/28/17,28,CLEANING,22,742
3022940,8/28/17,28,DAIRY,9,593
3022941,8/28/17,28,DELI,9,207.552
3022942,8/28/17,28,EGGS,19,576
3022943,8/28/17,28,FROZEN FOODS,0,25
3022944,8/28/17,28,GROCERY I,60,3055.992
3022945,8/28/17,28,GROCERY II,0,4
3022947,8/28/17,28,HOME AND KITCHEN I,0,27
3022949,8/28/17,28,HOME APPLIANCES,0,1
3022950,8/28/17,28,HOME CARE,7,247
3022953,8/28/17,28,LINGERIE,0,22
3022954,8/28/17,28,LIQUOR WINE BEER,0,226
3022956,8/28/17,28,MEATS,0,93.684
3022957,8/28/17,28,PERSONAL CARE,11,212
3022958,8/28/17,28,PET SUPPLIES,0,4
3022960,8/28/17,28,POULTRY,1,171.098
3022961,8/28/17,28,PREPARED FOODS,0,38.507
3022962,8/28/17,28,PRODUCE,1,2646.4429
3022964,8/28/17,28,SEAFOOD,0,3
3023001,8/28/17,3,BEVERAGES,34,3384
3023003,8/28/17,3,BREAD/BAKERY,10,877.256
3023004,8/28/17,3,CELEBRATION,0,16
3023005,8/28/17,3,CLEANING,12,1950
3023006,8/28/17,3,DAIRY,15,1697
3023007,8/28/17,3,DELI,11,328.706
3023008,8/28/17,3,EGGS,0,502
3023009,8/28/17,3,FROZEN FOODS,0,286.856
3023010,8/28/17,3,GROCERY I,66,6162
3023016,8/28/17,3,HOME CARE,6,560
3023018,8/28/17,3,LAWN AND GARDEN,0,22
3023022,8/28/17,3,MEATS,0,1135.474
3023023,8/28/17,3,PERSONAL CARE,17,323
3023025,8/28/17,3,PLAYERS AND ELECTRONICS,0,21
3023026,8/28/17,3,POULTRY,2,1613.129
3023027,8/28/17,3,PREPARED FOODS,0,487.036
3023028,8/28/17,3,PRODUCE,1,5
3023030,8/28/17,3,SEAFOOD,1,122.735
3023034,8/28/17,30,BEVERAGES,20,516
3023036,8/28/17,30,BREAD/BAKERY,3,115
3023038,8/28/17,30,CLEANING,16,337
3023039,8/28/17,30,DAIRY,3,207
3023040,8/28/17,30,DELI,4,92
3023041,8/28/17,30,EGGS,14,154
3023042,8/28/17,30,FROZEN FOODS,0,28
3023043,8/28/17,30,GROCERY I,37,1120
3023055,8/28/17,30,MEATS,0,83.821
3023056,8/28/17,30,PERSONAL CARE,7,84
3023059,8/28/17,30,POULTRY,1,123.522995
3023061,8/28/17,30,PRODUCE,1,823.68
3023064,8/28/17,31,AUTOMOTIVE,0,12
3023067,8/28/17,31,BEVERAGES,26,791
3023069,8/28/17,31,BREAD/BAKERY,3,288
3023070,8/28/17,31,CELEBRATION,0,6
3023071,8/28/17,31,CLEANING,23,754
3023072,8/28/17,31,DAIRY,8,877
3023073,8/28/17,31,DELI,3,199.965
3023074,8/28/17,31,EGGS,16,185
3023075,8/28/17,31,FROZEN FOODS,0,47.727
3023076,8/28/17,31,GROCERY I,58,2346.024
3023077,8/28/17,31,GROCERY II,0,7
3023079,8/28/17,31,HOME AND KITCHEN I,0,18
3023080,8/28/17,31,HOME AND KITCHEN II,1,8
3023082,8/28/17,31,HOME CARE,8,304
3023088,8/28/17,31,MEATS,0,399.5386
3023089,8/28/17,31,PERSONAL CARE,13,278
3023092,8/28/17,31,POULTRY,0,146.829
3023093,8/28/17,31,PREPARED FOODS,0,49
3023094,8/28/17,31,PRODUCE,2,2304.033
3023096,8/28/17,31,SEAFOOD,0,1
3023100,8/28/17,32,BEVERAGES,18,208
3023102,8/28/17,32,BREAD/BAKERY,2,101
3023104,8/28/17,32,CLEANING,19,231
3023105,8/28/17,32,DAIRY,2,84
3023106,8/28/17,32,DELI,0,80
3023107,8/28/17,32,EGGS,8,93
3023108,8/28/17,32,FROZEN FOODS,0,5
3023109,8/28/17,32,GROCERY I,45,807
3023112,8/28/17,32,HOME AND KITCHEN I,0,17
3023115,8/28/17,32,HOME CARE,4,81
3023118,8/28/17,32,LINGERIE,0,1
3023121,8/28/17,32,MEATS,0,60.69
3023122,8/28/17,32,PERSONAL CARE,7,64
3023125,8/28/17,32,POULTRY,0,82.32
3023127,8/28/17,32,PRODUCE,1,325.106
3023130,8/28/17,33,AUTOMOTIVE,0,3
3023132,8/28/17,33,BEAUTY,0,1
3023133,8/28/17,33,BEVERAGES,22,431
3023135,8/28/17,33,BREAD/BAKERY,3,231
3023136,8/28/17,33,CELEBRATION,0,5
3023137,8/28/17,33,CLEANING,17,692
3023138,8/28/17,33,DAIRY,5,380
3023139,8/28/17,33,DELI,5,160
3023140,8/28/17,33,EGGS,14,194
3023141,8/28/17,33,FROZEN FOODS,0,39
3023142,8/28/17,33,GROCERY I,55,2189
3023144,8/28/17,33,HARDWARE,0,1
3023145,8/28/17,33,HOME AND KITCHEN I,0,25
3023146,8/28/17,33,HOME AND KITCHEN II,2,5
3023147,8/28/17,33,HOME APPLIANCES,0,1
3023148,8/28/17,33,HOME CARE,6,190
3023151,8/28/17,33,LINGERIE,0,18
3023152,8/28/17,33,LIQUOR WINE BEER,1,111
3023154,8/28/17,33,MEATS,0,291.105
3023155,8/28/17,33,PERSONAL CARE,10,256
3023157,8/28/17,33,PLAYERS AND ELECTRONICS,0,4
3023158,8/28/17,33,POULTRY,0,245.133
3023159,8/28/17,33,PREPARED FOODS,0,31
3023160,8/28/17,33,PRODUCE,1,2103.285
3023162,8/28/17,33,SEAFOOD,0,8
3023163,8/28/17,34,AUTOMOTIVE,0,5
3023166,8/28/17,34,BEVERAGES,22,1064
3023168,8/28/17,34,BREAD/BAKERY,3,470
3023169,8/28/17,34,CELEBRATION,0,28
3023170,8/28/17,34,CLEANING,22,844
3023171,8/28/17,34,DAIRY,6,526
3023172,8/28/17,34,DELI,4,185.98
3023173,8/28/17,34,EGGS,15,135
3023174,8/28/17,34,FROZEN FOODS,0,111.486
3023175,8/28/17,34,GROCERY I,60,2515.524
3023176,8/28/17,34,GROCERY II,0,5
3023178,8/28/17,34,HOME AND KITCHEN I,0,25
3023179,8/28/17,34,HOME AND KITCHEN II,1,44
3023180,8/28/17,34,HOME APPLIANCES,0,1
3023181,8/28/17,34,HOME CARE,5,343
3023184,8/28/17,34,LINGERIE,0,18
3023187,8/28/17,34,MEATS,0,198.817
3023188,8/28/17,34,PERSONAL CARE,13,304
3023191,8/28/17,34,POULTRY,1,157.826
3023192,8/28/17,34,PREPARED FOODS,0,27
3023193,8/28/17,34,PRODUCE,0,1492.19
3023195,8/28/17,34,SEAFOOD,0,9
3023196,8/28/17,35,AUTOMOTIVE,0,1
3023198,8/28/17,35,BEAUTY,1,1
3023199,8/28/17,35,BEVERAGES,18,374
3023201,8/28/17,35,BREAD/BAKERY,3,50
3023202,8/28/17,35,CELEBRATION,0,7
3023203,8/28/17,35,CLEANING,16,205
3023204,8/28/17,35,DAIRY,3,109
3023205,8/28/17,35,DELI,3,26
3023206,8/28/17,35,EGGS,10,108
3023207,8/28/17,35,FROZEN FOODS,0,11.877
3023208,8/28/17,35,GROCERY I,44,862
3023209,8/28/17,35,GROCERY II,0,3
3023210,8/28/17,35,HARDWARE,0,1
3023211,8/28/17,35,HOME AND KITCHEN I,1,11
3023212,8/28/17,35,HOME AND KITCHEN II,0,13
3023213,8/28/17,35,HOME APPLIANCES,0,1
3023214,8/28/17,35,HOME CARE,3,104
3023217,8/28/17,35,LINGERIE,0,7
3023220,8/28/17,35,MEATS,0,193.307
3023221,8/28/17,35,PERSONAL CARE,6,43
3023224,8/28/17,35,POULTRY,1,81.097
3023225,8/28/17,35,PREPARED FOODS,0,19
3023226,8/28/17,35,PRODUCE,1,627.733
3023228,8/28/17,35,SEAFOOD,0,1
3023229,8/28/17,36,AUTOMOTIVE,0,5
3023232,8/28/17,36,BEVERAGES,22,1025
3023234,8/28/17,36,BREAD/BAKERY,4,465
3023235,8/28/17,36,CELEBRATION,0,9
3023236,8/28/17,36,CLEANING,23,859
3023237,8/28/17,36,DAIRY,8,528
3023238,8/28/17,36,DELI,6,154.806
3023239,8/28/17,36,EGGS,16,115
3023240,8/28/17,36,FROZEN FOODS,0,78.06
3023241,8/28/17,36,GROCERY I,54,1881.333
3023244,8/28/17,36,HOME AND KITCHEN I,2,31
3023245,8/28/17,36,HOME AND KITCHEN II,1,5
3023247,8/28/17,36,HOME CARE,8,269
3023249,8/28/17,36,LAWN AND GARDEN,0,4
3023250,8/28/17,36,LINGERIE,0,14
3023253,8/28/17,36,MEATS,0,107.645
3023254,8/28/17,36,PERSONAL CARE,12,169
3023257,8/28/17,36,POULTRY,0,76.678
3023258,8/28/17,36,PREPARED FOODS,0,30.554
3023259,8/28/17,36,PRODUCE,1,2792.749
3023261,8/28/17,36,SEAFOOD,0,1
3023265,8/28/17,37,BEVERAGES,35,1064
3023267,8/28/17,37,BREAD/BAKERY,13,488.135
3023268,8/28/17,37,CELEBRATION,0,11
3023269,8/28/17,37,CLEANING,10,1074
3023270,8/28/17,37,DAIRY,11,938
3023271,8/28/17,37,DELI,8,116.798996
3023272,8/28/17,37,EGGS,0,181
3023273,8/28/17,37,FROZEN FOODS,0,191
3023274,8/28/17,37,GROCERY I,50,3404
3023280,8/28/17,37,HOME CARE,5,376
3023282,8/28/17,37,LAWN AND GARDEN,0,10
3023286,8/28/17,37,MEATS,0,543.763
3023287,8/28/17,37,PERSONAL CARE,12,212
3023289,8/28/17,37,PLAYERS AND ELECTRONICS,0,13
3023290,8/28/17,37,POULTRY,0,264.094
3023291,8/28/17,37,PREPARED FOODS,0,164.836
3023292,8/28/17,37,PRODUCE,0,7
3023294,8/28/17,37,SEAFOOD,0,17.774
3023298,8/28/17,38,BEVERAGES,33,611
3023300,8/28/17,38,BREAD/BAKERY,13,698.825
3023301,8/28/17,38,CELEBRATION,0,14
3023302,8/28/17,38,CLEANING,16,847
3023303,8/28/17,38,DAIRY,15,827
3023304,8/28/17,38,DELI,10,180.008
3023305,8/28/17,38,EGGS,0,98
3023306,8/28/17,38,FROZEN FOODS,0,160
3023307,8/28/17,38,GROCERY I,59,2870
3023313,8/28/17,38,HOME CARE,5,443
3023315,8/28/17,38,LAWN AND GARDEN,0,7
3023317,8/28/17,38,LIQUOR WINE BEER,2,32
3023319,8/28/17,38,MEATS,0,155.259
3023320,8/28/17,38,PERSONAL CARE,14,269
3023322,8/28/17,38,PLAYERS AND ELECTRONICS,0,11
3023323,8/28/17,38,POULTRY,0,172.089
3023324,8/28/17,38,PREPARED FOODS,0,165.418
3023325,8/28/17,38,PRODUCE,1,1
3023327,8/28/17,38,SEAFOOD,1,19.067001
3023328,8/28/17,39,AUTOMOTIVE,0,4
3023330,8/28/17,39,BEAUTY,1,3
3023331,8/28/17,39,BEVERAGES,26,658
3023333,8/28/17,39,BREAD/BAKERY,3,539
3023335,8/28/17,39,CLEANING,22,1056
3023336,8/28/17,39,DAIRY,9,535
3023337,8/28/17,39,DELI,9,134.31
3023338,8/28/17,39,EGGS,20,221
3023339,8/28/17,39,FROZEN FOODS,0,43
3023340,8/28/17,39,GROCERY I,59,3484.952
3023342,8/28/17,39,HARDWARE,0,1
3023344,8/28/17,39,HOME AND KITCHEN II,1,14
3023346,8/28/17,39,HOME CARE,9,292
3023347,8/28/17,39,LADIESWEAR,0,14
3023348,8/28/17,39,LAWN AND GARDEN,0,8
3023349,8/28/17,39,LINGERIE,1,8
3023352,8/28/17,39,MEATS,0,112.365
3023353,8/28/17,39,PERSONAL CARE,14,203
3023356,8/28/17,39,POULTRY,1,167.5024
3023357,8/28/17,39,PREPARED FOODS,0,84.007
3023358,8/28/17,39,PRODUCE,1,2463.323
3023360,8/28/17,39,SEAFOOD,0,11
3023364,8/28/17,4,BEVERAGES,30,1821
3023366,8/28/17,4,BREAD/BAKERY,13,267.395
3023367,8/28/17,4,CELEBRATION,0,5
3023368,8/28/17,4,CLEANING,8,542
3023369,8/28/17,4,DAIRY,14,558
3023370,8/28/17,4,DELI,10,178.768
3023371,8/28/17,4,EGGS,0,135
3023372,8/28/17,4,FROZEN FOODS,0,104.375
3023373,8/28/17,4,GROCERY I,53,2055
3023379,8/28/17,4,HOME CARE,2,364
3023381,8/28/17,4,LAWN AND GARDEN,0,10
3023385,8/28/17,4,MEATS,0,231.781
3023388,8/28/17,4,PLAYERS AND ELECTRONICS,0,8
3023389,8/28/17,4,POULTRY,0,530.02
3023390,8/28/17,4,PREPARED FOODS,0,88.19
3023391,8/28/17,4,PRODUCE,2,3832.635
3023393,8/28/17,4,SEAFOOD,1,41.473
3023394,8/28/17,40,AUTOMOTIVE,0,6
3023397,8/28/17,40,BEVERAGES,23,863
3023399,8/28/17,40,BREAD/BAKERY,3,292
3023400,8/28/17,40,CELEBRATION,0,21
3023401,8/28/17,40,CLEANING,17,807
3023402,8/28/17,40,DAIRY,5,555
3023403,8/28/17,40,DELI,6,216
3023404,8/28/17,40,EGGS,13,102
3023405,8/28/17,40,FROZEN FOODS,0,36.973
3023406,8/28/17,40,GROCERY I,55,3122
3023407,8/28/17,40,GROCERY II,0,12
3023409,8/28/17,40,HOME AND KITCHEN I,1,36
3023410,8/28/17,40,HOME AND KITCHEN II,0,9
3023411,8/28/17,40,HOME APPLIANCES,0,1
3023412,8/28/17,40,HOME CARE,7,210
3023415,8/28/17,40,LINGERIE,0,20
3023418,8/28/17,40,MEATS,0,120.335
3023419,8/28/17,40,PERSONAL CARE,13,144
3023422,8/28/17,40,POULTRY,0,145.491
3023423,8/28/17,40,PREPARED FOODS,0,43
3023424,8/28/17,40,PRODUCE,1,1946.614
3023426,8/28/17,40,SEAFOOD,0,5
3023430,8/28/17,41,BEVERAGES,30,618
3023432,8/28/17,41,BREAD/BAKERY,11,289.626
3023433,8/28/17,41,CELEBRATION,0,4
3023434,8/28/17,41,CLEANING,13,640
3023435,8/28/17,41,DAIRY,12,391
3023436,8/28/17,41,DELI,7,200.048
3023437,8/28/17,41,EGGS,0,94
3023438,8/28/17,41,FROZEN FOODS,0,118.998
3023439,8/28/17,41,GROCERY I,56,1913
3023445,8/28/17,41,HOME CARE,2,222
3023447,8/28/17,41,LAWN AND GARDEN,0,5
3023451,8/28/17,41,MEATS,0,103.837
3023452,8/28/17,41,PERSONAL CARE,12,389
3023453,8/28/17,41,PET SUPPLIES,0,6
3023455,8/28/17,41,POULTRY,0,145.053
3023456,8/28/17,41,PREPARED FOODS,0,46.353
3023457,8/28/17,41,PRODUCE,1,2
3023459,8/28/17,41,SEAFOOD,0,12
3023493,8/28/17,43,AUTOMOTIVE,0,4
3023496,8/28/17,43,BEVERAGES,23,1480
3023498,8/28/17,43,BREAD/BAKERY,3,164
3023500,8/28/17,43,CLEANING,23,611
3023501,8/28/17,43,DAIRY,9,300
3023502,8/28/17,43,DELI,9,127
3023503,8/28/17,43,EGGS,21,92
3023504,8/28/17,43,FROZEN FOODS,1,18.630001
3023505,8/28/17,43,GROCERY I,58,2158
3023509,8/28/17,43,HOME AND KITCHEN II,0,12
3023511,8/28/17,43,HOME CARE,6,228
3023517,8/28/17,43,MEATS,0,80.836
3023518,8/28/17,43,PERSONAL CARE,9,142
3023521,8/28/17,43,POULTRY,0,118.133995
3023522,8/28/17,43,PREPARED FOODS,0,84
3023523,8/28/17,43,PRODUCE,2,890.72
3023526,8/28/17,44,AUTOMOTIVE,1,34
3023529,8/28/17,44,BEVERAGES,42,8783
3023531,8/28/17,44,BREAD/BAKERY,14,1080.753
3023532,8/28/17,44,CELEBRATION,0,11
3023533,8/28/17,44,CLEANING,16,2404
3023534,8/28/17,44,DAIRY,17,2129
3023535,8/28/17,44,DELI,11,605.141
3023536,8/28/17,44,EGGS,0,745
3023537,8/28/17,44,FROZEN FOODS,0,525.873
3023538,8/28/17,44,GROCERY I,66,7764
3023539,8/28/17,44,GROCERY II,0,75
3023544,8/28/17,44,HOME CARE,6,615
3023550,8/28/17,44,MEATS,0,1504.193
3023551,8/28/17,44,PERSONAL CARE,17,416
3023553,8/28/17,44,PLAYERS AND ELECTRONICS,1,36
3023554,8/28/17,44,POULTRY,0,1565.993
3023555,8/28/17,44,PREPARED FOODS,0,613.183
3023556,8/28/17,44,PRODUCE,3,15184.537
3023558,8/28/17,44,SEAFOOD,1,145.82199
3023559,8/28/17,45,AUTOMOTIVE,0,14
3023562,8/28/17,45,BEVERAGES,42,3022
3023564,8/28/17,45,BREAD/BAKERY,14,861.942
3023565,8/28/17,45,CELEBRATION,0,26
3023566,8/28/17,45,CLEANING,22,1790
3023567,8/28/17,45,DAIRY,17,1741
3023568,8/28/17,45,DELI,9,592.109
3023569,8/28/17,45,EGGS,0,363
3023570,8/28/17,45,FROZEN FOODS,0,223.435
3023571,8/28/17,45,GROCERY I,70,6509
3023577,8/28/17,45,HOME CARE,6,789
3023583,8/28/17,45,MEATS,0,1599.408
3023584,8/28/17,45,PERSONAL CARE,17,409
3023586,8/28/17,45,PLAYERS AND ELECTRONICS,0,18
3023587,8/28/17,45,POULTRY,0,1571.412
3023588,8/28/17,45,PREPARED FOODS,0,276.04
3023589,8/28/17,45,PRODUCE,2,16
3023591,8/28/17,45,SEAFOOD,1,121.899
3023592,8/28/17,46,AUTOMOTIVE,0,17
3023595,8/28/17,46,BEVERAGES,35,4793
3023597,8/28/17,46,BREAD/BAKERY,12,748.534
3023598,8/28/17,46,CELEBRATION,0,17
3023599,8/28/17,46,CLEANING,16,1887
3023600,8/28/17,46,DAIRY,16,1540
3023601,8/28/17,46,DELI,10,851.216
3023602,8/28/17,46,EGGS,0,153
3023603,8/28/17,46,FROZEN FOODS,0,257.501
3023604,8/28/17,46,GROCERY I,58,6903
3023607,8/28/17,46,HOME AND KITCHEN I,0,43
3023610,8/28/17,46,HOME CARE,6,757
3023612,8/28/17,46,LAWN AND GARDEN,0,10
3023616,8/28/17,46,MEATS,0,1142.723
3023617,8/28/17,46,PERSONAL CARE,11,555
3023619,8/28/17,46,PLAYERS AND ELECTRONICS,2,38
3023620,8/28/17,46,POULTRY,1,1074.8201
3023621,8/28/17,46,PREPARED FOODS,0,170.36499
3023622,8/28/17,46,PRODUCE,0,2508.452
3023624,8/28/17,46,SEAFOOD,0,47.05
3023625,8/28/17,47,AUTOMOTIVE,0,33
3023628,8/28/17,47,BEVERAGES,36,3052
3023630,8/28/17,47,BREAD/BAKERY,16,1381.06
3023631,8/28/17,47,CELEBRATION,0,16
3023632,8/28/17,47,CLEANING,18,2076
3023633,8/28/17,47,DAIRY,16,2038
3023634,8/28/17,47,DELI,10,715.537
3023635,8/28/17,47,EGGS,0,345
3023636,8/28/17,47,FROZEN FOODS,0,260.854
3023637,8/28/17,47,GROCERY I,57,8134
3023643,8/28/17,47,HOME CARE,5,852
3023645,8/28/17,47,LAWN AND GARDEN,0,25
3023649,8/28/17,47,MEATS,0,1231.028
3023650,8/28/17,47,PERSONAL CARE,18,880
3023652,8/28/17,47,PLAYERS AND ELECTRONICS,0,10
3023653,8/28/17,47,POULTRY,0,1592.196
3023654,8/28/17,47,PREPARED FOODS,0,339.046
3023655,8/28/17,47,PRODUCE,3,8630.106
3023657,8/28/17,47,SEAFOOD,1,96.708
3023658,8/28/17,48,AUTOMOTIVE,0,11
3023661,8/28/17,48,BEVERAGES,38,1390
3023663,8/28/17,48,BREAD/BAKERY,10,437.845
3023664,8/28/17,48,CELEBRATION,0,25
3023665,8/28/17,48,CLEANING,19,1315
3023666,8/28/17,48,DAIRY,15,872
3023667,8/28/17,48,DELI,10,404.964
3023668,8/28/17,48,EGGS,0,62
3023669,8/28/17,48,FROZEN FOODS,0,119.081
3023670,8/28/17,48,GROCERY I,61,4600
3023672,8/28/17,48,HARDWARE,0,3
3023676,8/28/17,48,HOME CARE,5,822
3023682,8/28/17,48,MEATS,0,1003.731
3023683,8/28/17,48,PERSONAL CARE,14,500
3023685,8/28/17,48,PLAYERS AND ELECTRONICS,2,22
3023686,8/28/17,48,POULTRY,1,754.414
3023687,8/28/17,48,PREPARED FOODS,0,117.881
3023688,8/28/17,48,PRODUCE,3,2135.061
3023690,8/28/17,48,SEAFOOD,1,11.071
3023691,8/28/17,49,AUTOMOTIVE,0,12
3023694,8/28/17,49,BEVERAGES,40,6090
3023696,8/28/17,49,BREAD/BAKERY,13,716.128
3023698,8/28/17,49,CLEANING,17,1550
3023699,8/28/17,49,DAIRY,17,1716
3023700,8/28/17,49,DELI,10,313.102
3023701,8/28/17,49,EGGS,0,375
3023702,8/28/17,49,FROZEN FOODS,0,307.788
3023703,8/28/17,49,GROCERY I,61,5463
3023709,8/28/17,49,HOME CARE,5,358
3023711,8/28/17,49,LAWN AND GARDEN,0,15
3023715,8/28/17,49,MEATS,0,983.105
3023716,8/28/17,49,PERSONAL CARE,17,270
3023718,8/28/17,49,PLAYERS AND ELECTRONICS,0,30
3023719,8/28/17,49,POULTRY,0,1041.163
3023720,8/28/17,49,PREPARED FOODS,0,326.18
3023721,8/28/17,49,PRODUCE,3,8248.459
3023723,8/28/17,49,SEAFOOD,1,96.911
3023727,8/28/17,5,BEVERAGES,31,681
3023729,8/28/17,5,BREAD/BAKERY,10,275.637
3023730,8/28/17,5,CELEBRATION,0,27
3023731,8/28/17,5,CLEANING,13,838
3023732,8/28/17,5,DAIRY,11,510
3023733,8/28/17,5,DELI,9,305.384
3023734,8/28/17,5,EGGS,0,117
3023735,8/28/17,5,FROZEN FOODS,0,125.135
3023736,8/28/17,5,GROCERY I,59,2713
3023742,8/28/17,5,HOME CARE,5,337
3023744,8/28/17,5,LAWN AND GARDEN,0,1
3023748,8/28/17,5,MEATS,0,279.986
3023749,8/28/17,5,PERSONAL CARE,9,256
3023752,8/28/17,5,POULTRY,0,241.7
3023753,8/28/17,5,PREPARED FOODS,0,78.573
3023754,8/28/17,5,PRODUCE,1,4
3023756,8/28/17,5,SEAFOOD,1,30.582
3023757,8/28/17,50,AUTOMOTIVE,0,17
3023760,8/28/17,50,BEVERAGES,31,1463
3023762,8/28/17,50,BREAD/BAKERY,13,466.783
3023763,8/28/17,50,CELEBRATION,0,29
3023764,8/28/17,50,CLEANING,11,1421
3023765,8/28/17,50,DAIRY,15,1094
3023766,8/28/17,50,DELI,11,368.328
3023767,8/28/17,50,EGGS,0,103
3023768,8/28/17,50,FROZEN FOODS,0,123
3023769,8/28/17,50,GROCERY I,58,5329
3023773,8/28/17,50,HOME AND KITCHEN II,0,29
3023775,8/28/17,50,HOME CARE,3,505
3023781,8/28/17,50,MEATS,0,521.215
3023782,8/28/17,50,PERSONAL CARE,11,295
3023784,8/28/17,50,PLAYERS AND ELECTRONICS,0,21
3023785,8/28/17,50,POULTRY,0,531.095
3023786,8/28/17,50,PREPARED FOODS,0,116.573
3023787,8/28/17,50,PRODUCE,2,2931.032
3023789,8/28/17,50,SEAFOOD,0,29.085001
3023793,8/28/17,51,BEVERAGES,37,7311
3023795,8/28/17,51,BREAD/BAKERY,9,1148.096
3023796,8/28/17,51,CELEBRATION,0,8
3023797,8/28/17,51,CLEANING,11,2098
3023798,8/28/17,51,DAIRY,13,2104
3023799,8/28/17,51,DELI,7,328.069
3023800,8/28/17,51,EGGS,0,367
3023801,8/28/17,51,FROZEN FOODS,0,628.92
3023802,8/28/17,51,GROCERY I,63,6223
3023805,8/28/17,51,HOME AND KITCHEN I,1,5
3023808,8/28/17,51,HOME CARE,0,400
3023810,8/28/17,51,LAWN AND GARDEN,0,6
3023814,8/28/17,51,MEATS,0,509.478
3023815,8/28/17,51,PERSONAL CARE,14,544
3023817,8/28/17,51,PLAYERS AND ELECTRONICS,1,20
3023818,8/28/17,51,POULTRY,0,694.898
3023819,8/28/17,51,PREPARED FOODS,0,200
3023820,8/28/17,51,PRODUCE,1,9940.145
3023822,8/28/17,51,SEAFOOD,1,111.006
3023859,8/28/17,53,BEVERAGES,28,510
3023861,8/28/17,53,BREAD/BAKERY,12,335.096
3023862,8/28/17,53,CELEBRATION,0,6
3023863,8/28/17,53,CLEANING,11,489
3023864,8/28/17,53,DAIRY,12,335
3023865,8/28/17,53,DELI,10,110.476
3023866,8/28/17,53,EGGS,0,48
3023867,8/28/17,53,FROZEN FOODS,0,141
3023868,8/28/17,53,GROCERY I,48,1557
3023874,8/28/17,53,HOME CARE,2,204
3023880,8/28/17,53,MEATS,0,236.905
3023881,8/28/17,53,PERSONAL CARE,6,136
3023883,8/28/17,53,PLAYERS AND ELECTRONICS,0,12
3023884,8/28/17,53,POULTRY,0,164.829
3023885,8/28/17,53,PREPARED FOODS,0,56.444
3023886,8/28/17,53,PRODUCE,1,2711.263
3023888,8/28/17,53,SEAFOOD,0,5
3023889,8/28/17,54,AUTOMOTIVE,0,2
3023891,8/28/17,54,BEAUTY,0,1
3023892,8/28/17,54,BEVERAGES,27,872
3023894,8/28/17,54,BREAD/BAKERY,2,136
3023895,8/28/17,54,CELEBRATION,0,1
3023896,8/28/17,54,CLEANING,19,611
3023897,8/28/17,54,DAIRY,3,154
3023898,8/28/17,54,DELI,4,143
3023899,8/28/17,54,EGGS,9,30
3023900,8/28/17,54,FROZEN FOODS,0,10.166
3023901,8/28/17,54,GROCERY I,54,1519
3023902,8/28/17,54,GROCERY II,0,6
3023903,8/28/17,54,HARDWARE,0,2
3023904,8/28/17,54,HOME AND KITCHEN I,0,14
3023905,8/28/17,54,HOME AND KITCHEN II,0,11
3023907,8/28/17,54,HOME CARE,7,138
3023910,8/28/17,54,LINGERIE,0,9
3023913,8/28/17,54,MEATS,0,58.312
3023914,8/28/17,54,PERSONAL CARE,10,122
3023917,8/28/17,54,POULTRY,0,34.337
3023918,8/28/17,54,PREPARED FOODS,0,99
3023919,8/28/17,54,PRODUCE,1,653.491
3023921,8/28/17,54,SEAFOOD,0,3
3023924,8/28/17,6,BEAUTY,1,3
3023925,8/28/17,6,BEVERAGES,38,1050
3023927,8/28/17,6,BREAD/BAKERY,13,346.316
3023928,8/28/17,6,CELEBRATION,0,11
3023929,8/28/17,6,CLEANING,11,797
3023930,8/28/17,6,DAIRY,15,715
3023931,8/28/17,6,DELI,9,230.665
3023932,8/28/17,6,EGGS,0,144
3023933,8/28/17,6,FROZEN FOODS,0,135
3023934,8/28/17,6,GROCERY I,63,3073
3023940,8/28/17,6,HOME CARE,2,373
3023942,8/28/17,6,LAWN AND GARDEN,0,7
3023944,8/28/17,6,LIQUOR WINE BEER,3,59
3023946,8/28/17,6,MEATS,0,595.626
3023947,8/28/17,6,PERSONAL CARE,11,401
3023950,8/28/17,6,POULTRY,0,870.827
3023951,8/28/17,6,PREPARED FOODS,0,162.702
3023952,8/28/17,6,PRODUCE,1,29
3023954,8/28/17,6,SEAFOOD,1,40.726
3023958,8/28/17,7,BEVERAGES,34,2272
3023960,8/28/17,7,BREAD/BAKERY,10,518.276
3023961,8/28/17,7,CELEBRATION,0,17
3023962,8/28/17,7,CLEANING,9,1059
3023963,8/28/17,7,DAIRY,14,1025
3023964,8/28/17,7,DELI,10,163.209
3023965,8/28/17,7,EGGS,0,263
3023966,8/28/17,7,FROZEN FOODS,0,208
3023967,8/28/17,7,GROCERY I,55,3906
3023973,8/28/17,7,HOME CARE,3,308
3023975,8/28/17,7,LAWN AND GARDEN,0,24
3023979,8/28/17,7,MEATS,0,696.255
3023980,8/28/17,7,PERSONAL CARE,14,230
3023982,8/28/17,7,PLAYERS AND ELECTRONICS,1,14
3023983,8/28/17,7,POULTRY,0,887.265
3023984,8/28/17,7,PREPARED FOODS,0,212.95801
3023985,8/28/17,7,PRODUCE,1,2
3023987,8/28/17,7,SEAFOOD,1,72.985
3023991,8/28/17,8,BEVERAGES,36,1600
3023993,8/28/17,8,BREAD/BAKERY,13,509.29102
3023995,8/28/17,8,CLEANING,12,1200
3023996,8/28/17,8,DAIRY,15,1376
3023997,8/28/17,8,DELI,11,282.744
3023998,8/28/17,8,EGGS,0,358
3023999,8/28/17,8,FROZEN FOODS,0,170
3024000,8/28/17,8,GROCERY I,59,3998
3024006,8/28/17,8,HOME CARE,4,365
3024008,8/28/17,8,LAWN AND GARDEN,0,15
3024012,8/28/17,8,MEATS,0,1129.43
3024013,8/28/17,8,PERSONAL CARE,9,254
3024015,8/28/17,8,PLAYERS AND ELECTRONICS,0,12
3024016,8/28/17,8,POULTRY,0,588.473
3024017,8/28/17,8,PREPARED FOODS,0,226.95
3024018,8/28/17,8,PRODUCE,3,1
3024020,8/28/17,8,SEAFOOD,1,73.304
3024021,8/28/17,9,AUTOMOTIVE,0,21
3024024,8/28/17,9,BEVERAGES,24,2217
3024026,8/28/17,9,BREAD/BAKERY,3,521
3024028,8/28/17,9,CLEANING,23,1752
3024029,8/28/17,9,DAIRY,9,584
3024030,8/28/17,9,DELI,10,602.9347
3024031,8/28/17,9,EGGS,17,136
3024032,8/28/17,9,FROZEN FOODS,0,61.495
3024033,8/28/17,9,GROCERY I,65,7685
3024034,8/28/17,9,GROCERY II,0,18
3024036,8/28/17,9,HOME AND KITCHEN I,0,44
3024039,8/28/17,9,HOME CARE,9,696
3024040,8/28/17,9,LADIESWEAR,0,14
3024041,8/28/17,9,LAWN AND GARDEN,0,3
3024045,8/28/17,9,MEATS,0,404.3831
3024046,8/28/17,9,PERSONAL CARE,11,334
3024049,8/28/17,9,POULTRY,0,613.71704
3024050,8/28/17,9,PREPARED FOODS,0,56.86
3024051,8/28/17,9,PRODUCE,1,1906.603
3024053,8/28/17,9,SEAFOOD,0,22.9274
3024057,8/29/17,1,BEVERAGES,31,2803
3024059,8/29/17,1,BREAD/BAKERY,5,232.343
3024060,8/29/17,1,CELEBRATION,0,13
3024061,8/29/17,1,CLEANING,13,720
3024062,8/29/17,1,DAIRY,13,710
3024063,8/29/17,1,DELI,7,144.572
3024064,8/29/17,1,EGGS,0,163
3024065,8/29/17,1,FROZEN FOODS,0,97
3024066,8/29/17,1,GROCERY I,47,2327
3024072,8/29/17,1,HOME CARE,4,211
3024074,8/29/17,1,LAWN AND GARDEN,0,20
3024078,8/29/17,1,MEATS,0,712.06
3024079,8/29/17,1,PERSONAL CARE,5,145
3024081,8/29/17,1,PLAYERS AND ELECTRONICS,1,7
3024082,8/29/17,1,POULTRY,0,709.636
3024083,8/29/17,1,PREPARED FOODS,0,127.85
3024084,8/29/17,1,PRODUCE,1,3951.501
3024086,8/29/17,1,SEAFOOD,0,30.559
3024087,8/29/17,10,AUTOMOTIVE,0,5
3024089,8/29/17,10,BEAUTY,0,1
3024090,8/29/17,10,BEVERAGES,16,370
3024092,8/29/17,10,BREAD/BAKERY,2,112
3024094,8/29/17,10,CLEANING,17,776
3024095,8/29/17,10,DAIRY,6,336
3024096,8/29/17,10,DELI,2,205
3024097,8/29/17,10,EGGS,1,11
3024098,8/29/17,10,FROZEN FOODS,0,50.571
3024099,8/29/17,10,GROCERY I,44,2463
3024101,8/29/17,10,HARDWARE,0,2
3024102,8/29/17,10,HOME AND KITCHEN I,0,24
3024105,8/29/17,10,HOME CARE,5,310
3024108,8/29/17,10,LINGERIE,0,6
3024111,8/29/17,10,MEATS,0,205.056
3024112,8/29/17,10,PERSONAL CARE,10,131
3024115,8/29/17,10,POULTRY,0,216.878
3024116,8/29/17,10,PREPARED FOODS,0,19
3024117,8/29/17,10,PRODUCE,64,351.215
3024119,8/29/17,10,SEAFOOD,0,5
3024120,8/29/17,11,AUTOMOTIVE,0,6
3024123,8/29/17,11,BEVERAGES,25,1836
3024125,8/29/17,11,BREAD/BAKERY,4,576
3024126,8/29/17,11,CELEBRATION,0,31
3024127,8/29/17,11,CLEANING,24,1189
3024128,8/29/17,11,DAIRY,14,320
3024129,8/29/17,11,DELI,12,244.813
3024130,8/29/17,11,EGGS,1,88
3024131,8/29/17,11,FROZEN FOODS,0,52
3024132,8/29/17,11,GROCERY I,67,6304.683
3024133,8/29/17,11,GROCERY II,0,21
3024135,8/29/17,11,HOME AND KITCHEN I,1,13
3024136,8/29/17,11,HOME AND KITCHEN II,0,13
3024138,8/29/17,11,HOME CARE,5,933
3024139,8/29/17,11,LADIESWEAR,0,16
3024141,8/29/17,11,LINGERIE,0,14
3024142,8/29/17,11,LIQUOR WINE BEER,2,81
3024144,8/29/17,11,MEATS,0,694.64
3024145,8/29/17,11,PERSONAL CARE,14,234
3024147,8/29/17,11,PLAYERS AND ELECTRONICS,0,10
3024148,8/29/17,11,POULTRY,0,776.195
3024149,8/29/17,11,PREPARED FOODS,0,41
3024150,8/29/17,11,PRODUCE,141,1988.468
3024152,8/29/17,11,SEAFOOD,0,14
3024153,8/29/17,12,AUTOMOTIVE,0,9
3024156,8/29/17,12,BEVERAGES,16,517
3024158,8/29/17,12,BREAD/BAKERY,3,152
3024160,8/29/17,12,CLEANING,17,695
3024161,8/29/17,12,DAIRY,8,272
3024162,8/29/17,12,DELI,4,120
3024163,8/29/17,12,EGGS,1,70
3024164,8/29/17,12,FROZEN FOODS,1,52
3024165,8/29/17,12,GROCERY I,49,2088
3024177,8/29/17,12,MEATS,0,159.299
3024178,8/29/17,12,PERSONAL CARE,7,213
3024180,8/29/17,12,PLAYERS AND ELECTRONICS,0,6
3024181,8/29/17,12,POULTRY,0,305.056
3024183,8/29/17,12,PRODUCE,82,341.653
3024189,8/29/17,13,BEVERAGES,14,453
3024191,8/29/17,13,BREAD/BAKERY,2,103
3024193,8/29/17,13,CLEANING,21,594
3024194,8/29/17,13,DAIRY,7,238
3024195,8/29/17,13,DELI,2,85
3024196,8/29/17,13,EGGS,1,54
3024197,8/29/17,13,FROZEN FOODS,1,15
3024198,8/29/17,13,GROCERY I,46,1654
3024205,8/29/17,13,LADIESWEAR,0,5
3024210,8/29/17,13,MEATS,0,131.586
3024211,8/29/17,13,PERSONAL CARE,8,143
3024214,8/29/17,13,POULTRY,0,135.026
3024215,8/29/17,13,PREPARED FOODS,0,14
3024216,8/29/17,13,PRODUCE,43,299.712
3024219,8/29/17,14,AUTOMOTIVE,0,4
3024222,8/29/17,14,BEVERAGES,16,441
3024224,8/29/17,14,BREAD/BAKERY,2,174
3024225,8/29/17,14,CELEBRATION,0,4
3024226,8/29/17,14,CLEANING,18,816
3024227,8/29/17,14,DAIRY,7,483
3024228,8/29/17,14,DELI,5,131
3024229,8/29/17,14,EGGS,1,41
3024230,8/29/17,14,FROZEN FOODS,0,13
3024231,8/29/17,14,GROCERY I,54,1907
3024234,8/29/17,14,HOME AND KITCHEN I,0,8
3024240,8/29/17,14,LINGERIE,0,5
3024241,8/29/17,14,LIQUOR WINE BEER,0,7
3024243,8/29/17,14,MEATS,0,381.589
3024244,8/29/17,14,PERSONAL CARE,8,194
3024247,8/29/17,14,POULTRY,0,86.333
3024248,8/29/17,14,PREPARED FOODS,0,38
3024249,8/29/17,14,PRODUCE,77,479.677
3024252,8/29/17,15,AUTOMOTIVE,0,8
3024254,8/29/17,15,BEAUTY,0,1
3024255,8/29/17,15,BEVERAGES,22,612
3024257,8/29/17,15,BREAD/BAKERY,3,199
3024258,8/29/17,15,CELEBRATION,0,4
3024259,8/29/17,15,CLEANING,22,620
3024260,8/29/17,15,DAIRY,8,329
3024261,8/29/17,15,DELI,6,262
3024262,8/29/17,15,EGGS,1,55
3024263,8/29/17,15,FROZEN FOODS,0,23
3024264,8/29/17,15,GROCERY I,64,3720
3024270,8/29/17,15,HOME CARE,6,233
3024271,8/29/17,15,LADIESWEAR,0,12
3024273,8/29/17,15,LINGERIE,0,1
3024274,8/29/17,15,LIQUOR WINE BEER,0,35
3024276,8/29/17,15,MEATS,0,149.201
3024277,8/29/17,15,PERSONAL CARE,12,180
3024280,8/29/17,15,POULTRY,0,97.654
3024281,8/29/17,15,PREPARED FOODS,0,20
3024282,8/29/17,15,PRODUCE,92,903.658
3024284,8/29/17,15,SEAFOOD,0,3
3024285,8/29/17,16,AUTOMOTIVE,0,5
3024288,8/29/17,16,BEVERAGES,20,401
3024290,8/29/17,16,BREAD/BAKERY,2,181
3024292,8/29/17,16,CLEANING,17,838
3024293,8/29/17,16,DAIRY,7,508
3024294,8/29/17,16,DELI,6,221
3024295,8/29/17,16,EGGS,1,258
3024296,8/29/17,16,FROZEN FOODS,1,12
3024297,8/29/17,16,GROCERY I,40,2578
3024301,8/29/17,16,HOME AND KITCHEN II,0,9
3024309,8/29/17,16,MEATS,0,68.885
3024310,8/29/17,16,PERSONAL CARE,7,164
3024313,8/29/17,16,POULTRY,0,76.512
3024314,8/29/17,16,PREPARED FOODS,0,62
3024315,8/29/17,16,PRODUCE,83,1062.49
3024317,8/29/17,16,SEAFOOD,0,5
3024318,8/29/17,17,AUTOMOTIVE,0,5
3024321,8/29/17,17,BEVERAGES,19,1173
3024323,8/29/17,17,BREAD/BAKERY,3,204
3024325,8/29/17,17,CLEANING,19,772
3024326,8/29/17,17,DAIRY,12,404
3024327,8/29/17,17,DELI,7,232
3024328,8/29/17,17,EGGS,1,72
3024329,8/29/17,17,FROZEN FOODS,1,29
3024330,8/29/17,17,GROCERY I,56,2576
3024333,8/29/17,17,HOME AND KITCHEN I,1,19
3024336,8/29/17,17,HOME CARE,9,267
3024342,8/29/17,17,MEATS,0,220.509
3024343,8/29/17,17,PERSONAL CARE,11,130
3024346,8/29/17,17,POULTRY,1,348.53
3024347,8/29/17,17,PREPARED FOODS,0,59
3024348,8/29/17,17,PRODUCE,117,1054.232
3024350,8/29/17,17,SEAFOOD,0,20
3024351,8/29/17,18,AUTOMOTIVE,0,2
3024354,8/29/17,18,BEVERAGES,23,952
3024356,8/29/17,18,BREAD/BAKERY,3,656
3024358,8/29/17,18,CLEANING,23,602
3024359,8/29/17,18,DAIRY,12,444
3024360,8/29/17,18,DELI,10,154.771
3024361,8/29/17,18,EGGS,1,112
3024362,8/29/17,18,FROZEN FOODS,0,28
3024363,8/29/17,18,GROCERY I,64,1607.357
3024369,8/29/17,18,HOME CARE,7,204
3024375,8/29/17,18,MEATS,0,162.8255
3024376,8/29/17,18,PERSONAL CARE,8,118
3024379,8/29/17,18,POULTRY,1,165.4432
3024380,8/29/17,18,PREPARED FOODS,0,45
3024381,8/29/17,18,PRODUCE,146,2035.715
3024383,8/29/17,18,SEAFOOD,0,7.6296
3024387,8/29/17,19,BEVERAGES,19,1060
3024389,8/29/17,19,BREAD/BAKERY,1,222
3024391,8/29/17,19,CLEANING,15,1342
3024392,8/29/17,19,DAIRY,8,444
3024393,8/29/17,19,DELI,6,146
3024394,8/29/17,19,EGGS,1,243
3024395,8/29/17,19,FROZEN FOODS,1,31
3024396,8/29/17,19,GROCERY I,55,1987
3024402,8/29/17,19,HOME CARE,5,258
3024408,8/29/17,19,MEATS,0,140.98401
3024409,8/29/17,19,PERSONAL CARE,11,175
3024410,8/29/17,19,PET SUPPLIES,0,1
3024412,8/29/17,19,POULTRY,0,96.194
3024413,8/29/17,19,PREPARED FOODS,0,26
3024414,8/29/17,19,PRODUCE,75,424.717
3024420,8/29/17,2,BEVERAGES,34,1044
3024422,8/29/17,2,BREAD/BAKERY,10,338.022
3024423,8/29/17,2,CELEBRATION,2,10
3024424,8/29/17,2,CLEANING,11,838
3024425,8/29/17,2,DAIRY,12,827
3024426,8/29/17,2,DELI,10,232.299
3024427,8/29/17,2,EGGS,0,187
3024428,8/29/17,2,FROZEN FOODS,0,117
3024429,8/29/17,2,GROCERY I,56,3052
3024435,8/29/17,2,HOME CARE,3,294
3024437,8/29/17,2,LAWN AND GARDEN,0,9
3024440,8/29/17,2,MAGAZINES,0,3
3024441,8/29/17,2,MEATS,1,388.863
3024442,8/29/17,2,PERSONAL CARE,11,242
3024444,8/29/17,2,PLAYERS AND ELECTRONICS,0,8
3024445,8/29/17,2,POULTRY,0,713.881
3024446,8/29/17,2,PREPARED FOODS,0,122.783005
3024447,8/29/17,2,PRODUCE,3,37
3024449,8/29/17,2,SEAFOOD,1,33.77
3024552,8/29/17,23,BEVERAGES,32,397
3024554,8/29/17,23,BREAD/BAKERY,9,226.65
3024556,8/29/17,23,CLEANING,7,589
3024557,8/29/17,23,DAIRY,10,494
3024558,8/29/17,23,DELI,6,102.628
3024559,8/29/17,23,EGGS,0,45
3024560,8/29/17,23,FROZEN FOODS,1,81
3024561,8/29/17,23,GROCERY I,43,1557
3024567,8/29/17,23,HOME CARE,1,178
3024573,8/29/17,23,MEATS,0,555.362
3024574,8/29/17,23,PERSONAL CARE,12,218
3024576,8/29/17,23,PLAYERS AND ELECTRONICS,0,8
3024577,8/29/17,23,POULTRY,0,460.176
3024578,8/29/17,23,PREPARED FOODS,0,53.551
3024579,8/29/17,23,PRODUCE,2,3
3024581,8/29/17,23,SEAFOOD,1,21.391
3024585,8/29/17,24,BEVERAGES,33,2678
3024587,8/29/17,24,BREAD/BAKERY,13,720.787
3024589,8/29/17,24,CLEANING,12,858
3024590,8/29/17,24,DAIRY,17,905
3024591,8/29/17,24,DELI,10,193.168
3024592,8/29/17,24,EGGS,0,181
3024593,8/29/17,24,FROZEN FOODS,1,171.753
3024594,8/29/17,24,GROCERY I,42,2829
3024600,8/29/17,24,HOME CARE,2,294
3024602,8/29/17,24,LAWN AND GARDEN,0,8
3024606,8/29/17,24,MEATS,0,415.47
3024607,8/29/17,24,PERSONAL CARE,7,271
3024610,8/29/17,24,POULTRY,0,541.872
3024611,8/29/17,24,PREPARED FOODS,0,101.526
3024612,8/29/17,24,PRODUCE,2,6300.022
3024614,8/29/17,24,SEAFOOD,0,54.814
3024618,8/29/17,25,BEVERAGES,32,659
3024620,8/29/17,25,BREAD/BAKERY,10,289.614
3024621,8/29/17,25,CELEBRATION,0,9
3024622,8/29/17,25,CLEANING,11,392
3024623,8/29/17,25,DAIRY,13,388
3024624,8/29/17,25,DELI,8,132.409
3024625,8/29/17,25,EGGS,0,130
3024626,8/29/17,25,FROZEN FOODS,1,61
3024627,8/29/17,25,GROCERY I,33,945
3024633,8/29/17,25,HOME CARE,1,82
3024635,8/29/17,25,LAWN AND GARDEN,0,4
3024639,8/29/17,25,MEATS,0,284.116
3024640,8/29/17,25,PERSONAL CARE,9,84
3024643,8/29/17,25,POULTRY,0,244.18
3024644,8/29/17,25,PREPARED FOODS,0,70.653
3024645,8/29/17,25,PRODUCE,0,1920.234
3024647,8/29/17,25,SEAFOOD,1,5
3024651,8/29/17,26,BEVERAGES,29,307
3024653,8/29/17,26,BREAD/BAKERY,5,221
3024654,8/29/17,26,CELEBRATION,0,10
3024655,8/29/17,26,CLEANING,4,361
3024656,8/29/17,26,DAIRY,8,177
3024657,8/29/17,26,DELI,2,110.341
3024658,8/29/17,26,EGGS,0,37
3024659,8/29/17,26,FROZEN FOODS,0,25
3024660,8/29/17,26,GROCERY I,35,1101
3024666,8/29/17,26,HOME CARE,2,154
3024672,8/29/17,26,MEATS,0,328.973
3024673,8/29/17,26,PERSONAL CARE,4,108
3024675,8/29/17,26,PLAYERS AND ELECTRONICS,0,6
3024676,8/29/17,26,POULTRY,1,90.538
3024677,8/29/17,26,PREPARED FOODS,0,5
3024678,8/29/17,26,PRODUCE,1,623.403
3024680,8/29/17,26,SEAFOOD,0,3.53
3024684,8/29/17,27,BEVERAGES,31,2801
3024686,8/29/17,27,BREAD/BAKERY,11,402.836
3024687,8/29/17,27,CELEBRATION,0,18
3024688,8/29/17,27,CLEANING,13,444
3024689,8/29/17,27,DAIRY,13,507
3024690,8/29/17,27,DELI,9,192.817
3024691,8/29/17,27,EGGS,0,127
3024692,8/29/17,27,FROZEN FOODS,1,87
3024693,8/29/17,27,GROCERY I,53,2053
3024699,8/29/17,27,HOME CARE,3,213
3024701,8/29/17,27,LAWN AND GARDEN,0,7
3024705,8/29/17,27,MEATS,0,180.439
3024706,8/29/17,27,PERSONAL CARE,15,134
3024708,8/29/17,27,PLAYERS AND ELECTRONICS,0,3
3024709,8/29/17,27,POULTRY,1,278.428
3024710,8/29/17,27,PREPARED FOODS,0,89.805
3024711,8/29/17,27,PRODUCE,0,5
3024713,8/29/17,27,SEAFOOD,0,26.337
3024714,8/29/17,28,AUTOMOTIVE,0,15
3024717,8/29/17,28,BEVERAGES,28,938
3024719,8/29/17,28,BREAD/BAKERY,3,379
3024721,8/29/17,28,CLEANING,27,742
3024722,8/29/17,28,DAIRY,11,593
3024723,8/29/17,28,DELI,9,207.552
3024724,8/29/17,28,EGGS,1,576
3024725,8/29/17,28,FROZEN FOODS,1,25
3024726,8/29/17,28,GROCERY I,61,3055.992
3024727,8/29/17,28,GROCERY II,0,4
3024729,8/29/17,28,HOME AND KITCHEN I,0,27
3024731,8/29/17,28,HOME APPLIANCES,0,1
3024732,8/29/17,28,HOME CARE,9,247
3024735,8/29/17,28,LINGERIE,0,22
3024736,8/29/17,28,LIQUOR WINE BEER,0,226
3024738,8/29/17,28,MEATS,0,93.684
3024739,8/29/17,28,PERSONAL CARE,13,212
3024740,8/29/17,28,PET SUPPLIES,0,4
3024742,8/29/17,28,POULTRY,1,171.098
3024743,8/29/17,28,PREPARED FOODS,0,38.507
3024744,8/29/17,28,PRODUCE,118,2646.4429
3024746,8/29/17,28,SEAFOOD,0,3
3024783,8/29/17,3,BEVERAGES,36,3384
3024785,8/29/17,3,BREAD/BAKERY,11,877.256
3024786,8/29/17,3,CELEBRATION,0,16
3024787,8/29/17,3,CLEANING,13,1950
3024788,8/29/17,3,DAIRY,18,1697
3024789,8/29/17,3,DELI,7,328.706
3024790,8/29/17,3,EGGS,0,502
3024791,8/29/17,3,FROZEN FOODS,1,286.856
3024792,8/29/17,3,GROCERY I,66,6162
3024798,8/29/17,3,HOME CARE,8,560
3024800,8/29/17,3,LAWN AND GARDEN,0,22
3024804,8/29/17,3,MEATS,0,1135.474
3024805,8/29/17,3,PERSONAL CARE,17,323
3024807,8/29/17,3,PLAYERS AND ELECTRONICS,0,21
3024808,8/29/17,3,POULTRY,0,1613.129
3024809,8/29/17,3,PREPARED FOODS,0,487.036
3024810,8/29/17,3,PRODUCE,2,5
3024812,8/29/17,3,SEAFOOD,1,122.735
3024816,8/29/17,30,BEVERAGES,22,516
3024818,8/29/17,30,BREAD/BAKERY,3,115
3024820,8/29/17,30,CLEANING,19,337
3024821,8/29/17,30,DAIRY,5,207
3024822,8/29/17,30,DELI,3,92
3024823,8/29/17,30,EGGS,1,154
3024824,8/29/17,30,FROZEN FOODS,1,28
3024825,8/29/17,30,GROCERY I,52,1120
3024837,8/29/17,30,MEATS,0,83.821
3024838,8/29/17,30,PERSONAL CARE,6,84
3024841,8/29/17,30,POULTRY,0,123.522995
3024843,8/29/17,30,PRODUCE,94,823.68
3024846,8/29/17,31,AUTOMOTIVE,0,12
3024849,8/29/17,31,BEVERAGES,22,791
3024851,8/29/17,31,BREAD/BAKERY,3,288
3024852,8/29/17,31,CELEBRATION,0,6
3024853,8/29/17,31,CLEANING,26,754
3024854,8/29/17,31,DAIRY,7,877
3024855,8/29/17,31,DELI,7,199.965
3024856,8/29/17,31,EGGS,1,185
3024857,8/29/17,31,FROZEN FOODS,1,47.727
3024858,8/29/17,31,GROCERY I,59,2346.024
3024859,8/29/17,31,GROCERY II,0,7
3024861,8/29/17,31,HOME AND KITCHEN I,0,18
3024862,8/29/17,31,HOME AND KITCHEN II,1,8
3024864,8/29/17,31,HOME CARE,9,304
3024870,8/29/17,31,MEATS,0,399.5386
3024871,8/29/17,31,PERSONAL CARE,10,278
3024874,8/29/17,31,POULTRY,0,146.829
3024875,8/29/17,31,PREPARED FOODS,0,49
3024876,8/29/17,31,PRODUCE,127,2304.033
3024878,8/29/17,31,SEAFOOD,0,1
3024882,8/29/17,32,BEVERAGES,15,208
3024884,8/29/17,32,BREAD/BAKERY,2,101
3024886,8/29/17,32,CLEANING,9,231
3024887,8/29/17,32,DAIRY,2,84
3024888,8/29/17,32,DELI,0,80
3024889,8/29/17,32,EGGS,1,93
3024890,8/29/17,32,FROZEN FOODS,0,5
3024891,8/29/17,32,GROCERY I,40,807
3024894,8/29/17,32,HOME AND KITCHEN I,0,17
3024897,8/29/17,32,HOME CARE,4,81
3024900,8/29/17,32,LINGERIE,0,1
3024903,8/29/17,32,MEATS,0,60.69
3024904,8/29/17,32,PERSONAL CARE,5,64
3024907,8/29/17,32,POULTRY,0,82.32
3024909,8/29/17,32,PRODUCE,61,325.106
3024912,8/29/17,33,AUTOMOTIVE,0,3
3024914,8/29/17,33,BEAUTY,0,1
3024915,8/29/17,33,BEVERAGES,21,431
3024917,8/29/17,33,BREAD/BAKERY,3,231
3024918,8/29/17,33,CELEBRATION,0,5
3024919,8/29/17,33,CLEANING,18,692
3024920,8/29/17,33,DAIRY,5,380
3024921,8/29/17,33,DELI,6,160
3024922,8/29/17,33,EGGS,1,194
3024923,8/29/17,33,FROZEN FOODS,1,39
3024924,8/29/17,33,GROCERY I,55,2189
3024926,8/29/17,33,HARDWARE,0,1
3024927,8/29/17,33,HOME AND KITCHEN I,1,25
3024928,8/29/17,33,HOME AND KITCHEN II,0,5
3024929,8/29/17,33,HOME APPLIANCES,0,1
3024930,8/29/17,33,HOME CARE,8,190
3024933,8/29/17,33,LINGERIE,0,18
3024934,8/29/17,33,LIQUOR WINE BEER,0,111
3024936,8/29/17,33,MEATS,0,291.105
3024937,8/29/17,33,PERSONAL CARE,8,256
3024939,8/29/17,33,PLAYERS AND ELECTRONICS,0,4
3024940,8/29/17,33,POULTRY,0,245.133
3024941,8/29/17,33,PREPARED FOODS,0,31
3024942,8/29/17,33,PRODUCE,101,2103.285
3024944,8/29/17,33,SEAFOOD,0,8
3024945,8/29/17,34,AUTOMOTIVE,0,5
3024948,8/29/17,34,BEVERAGES,21,1064
3024950,8/29/17,34,BREAD/BAKERY,3,470
3024951,8/29/17,34,CELEBRATION,0,28
3024952,8/29/17,34,CLEANING,22,844
3024953,8/29/17,34,DAIRY,7,526
3024954,8/29/17,34,DELI,6,185.98
3024955,8/29/17,34,EGGS,1,135
3024956,8/29/17,34,FROZEN FOODS,1,111.486
3024957,8/29/17,34,GROCERY I,64,2515.524
3024958,8/29/17,34,GROCERY II,0,5
3024960,8/29/17,34,HOME AND KITCHEN I,1,25
3024961,8/29/17,34,HOME AND KITCHEN II,1,44
3024962,8/29/17,34,HOME APPLIANCES,0,1
3024963,8/29/17,34,HOME CARE,6,343
3024966,8/29/17,34,LINGERIE,0,18
3024969,8/29/17,34,MEATS,0,198.817
3024970,8/29/17,34,PERSONAL CARE,13,304
3024973,8/29/17,34,POULTRY,1,157.826
3024974,8/29/17,34,PREPARED FOODS,0,27
3024975,8/29/17,34,PRODUCE,103,1492.19
3024977,8/29/17,34,SEAFOOD,0,9
3024978,8/29/17,35,AUTOMOTIVE,0,1
3024980,8/29/17,35,BEAUTY,0,1
3024981,8/29/17,35,BEVERAGES,19,374
3024983,8/29/17,35,BREAD/BAKERY,3,50
3024984,8/29/17,35,CELEBRATION,0,7
3024985,8/29/17,35,CLEANING,13,205
3024986,8/29/17,35,DAIRY,6,109
3024987,8/29/17,35,DELI,4,26
3024988,8/29/17,35,EGGS,1,108
3024989,8/29/17,35,FROZEN FOODS,1,11.877
3024990,8/29/17,35,GROCERY I,47,862
3024991,8/29/17,35,GROCERY II,0,3
3024992,8/29/17,35,HARDWARE,0,1
3024993,8/29/17,35,HOME AND KITCHEN I,0,11
3024994,8/29/17,35,HOME AND KITCHEN II,0,13
3024995,8/29/17,35,HOME APPLIANCES,0,1
3024996,8/29/17,35,HOME CARE,4,104
3024999,8/29/17,35,LINGERIE,0,7
3025002,8/29/17,35,MEATS,0,193.307
3025003,8/29/17,35,PERSONAL CARE,6,43
3025006,8/29/17,35,POULTRY,0,81.097
3025007,8/29/17,35,PREPARED FOODS,0,19
3025008,8/29/17,35,PRODUCE,84,627.733
3025010,8/29/17,35,SEAFOOD,0,1
3025011,8/29/17,36,AUTOMOTIVE,0,5
3025014,8/29/17,36,BEVERAGES,21,1025
3025016,8/29/17,36,BREAD/BAKERY,2,465
3025017,8/29/17,36,CELEBRATION,0,9
3025018,8/29/17,36,CLEANING,24,859
3025019,8/29/17,36,DAIRY,10,528
3025020,8/29/17,36,DELI,8,154.806
3025021,8/29/17,36,EGGS,1,115
3025022,8/29/17,36,FROZEN FOODS,1,78.06
3025023,8/29/17,36,GROCERY I,56,1881.333
3025026,8/29/17,36,HOME AND KITCHEN I,0,31
3025027,8/29/17,36,HOME AND KITCHEN II,0,5
3025029,8/29/17,36,HOME CARE,5,269
3025031,8/29/17,36,LAWN AND GARDEN,3,4
3025032,8/29/17,36,LINGERIE,0,14
3025035,8/29/17,36,MEATS,0,107.645
3025036,8/29/17,36,PERSONAL CARE,11,169
3025039,8/29/17,36,POULTRY,0,76.678
3025040,8/29/17,36,PREPARED FOODS,0,30.554
3025041,8/29/17,36,PRODUCE,139,2792.749
3025043,8/29/17,36,SEAFOOD,0,1
3025047,8/29/17,37,BEVERAGES,34,1064
3025049,8/29/17,37,BREAD/BAKERY,9,488.135
3025050,8/29/17,37,CELEBRATION,0,11
3025051,8/29/17,37,CLEANING,8,1074
3025052,8/29/17,37,DAIRY,14,938
3025053,8/29/17,37,DELI,10,116.798996
3025054,8/29/17,37,EGGS,0,181
3025055,8/29/17,37,FROZEN FOODS,1,191
3025056,8/29/17,37,GROCERY I,51,3404
3025062,8/29/17,37,HOME CARE,5,376
3025064,8/29/17,37,LAWN AND GARDEN,0,10
3025068,8/29/17,37,MEATS,0,543.763
3025069,8/29/17,37,PERSONAL CARE,13,212
3025071,8/29/17,37,PLAYERS AND ELECTRONICS,0,13
3025072,8/29/17,37,POULTRY,0,264.094
3025073,8/29/17,37,PREPARED FOODS,0,164.836
3025074,8/29/17,37,PRODUCE,1,7
3025076,8/29/17,37,SEAFOOD,0,17.774
3025080,8/29/17,38,BEVERAGES,31,611
3025082,8/29/17,38,BREAD/BAKERY,10,698.825
3025083,8/29/17,38,CELEBRATION,0,14
3025084,8/29/17,38,CLEANING,17,847
3025085,8/29/17,38,DAIRY,13,827
3025086,8/29/17,38,DELI,8,180.008
3025087,8/29/17,38,EGGS,0,98
3025088,8/29/17,38,FROZEN FOODS,0,160
3025089,8/29/17,38,GROCERY I,65,2870
3025095,8/29/17,38,HOME CARE,4,443
3025097,8/29/17,38,LAWN AND GARDEN,0,7
3025099,8/29/17,38,LIQUOR WINE BEER,2,32
3025101,8/29/17,38,MEATS,0,155.259
3025102,8/29/17,38,PERSONAL CARE,12,269
3025104,8/29/17,38,PLAYERS AND ELECTRONICS,0,11
3025105,8/29/17,38,POULTRY,0,172.089
3025106,8/29/17,38,PREPARED FOODS,0,165.418
3025107,8/29/17,38,PRODUCE,1,1
3025109,8/29/17,38,SEAFOOD,0,19.067001
3025110,8/29/17,39,AUTOMOTIVE,0,4
3025112,8/29/17,39,BEAUTY,1,3
3025113,8/29/17,39,BEVERAGES,21,658
3025115,8/29/17,39,BREAD/BAKERY,3,539
3025117,8/29/17,39,CLEANING,22,1056
3025118,8/29/17,39,DAIRY,12,535
3025119,8/29/17,39,DELI,9,134.31
3025120,8/29/17,39,EGGS,1,221
3025121,8/29/17,39,FROZEN FOODS,1,43
3025122,8/29/17,39,GROCERY I,57,3484.952
3025124,8/29/17,39,HARDWARE,0,1
3025126,8/29/17,39,HOME AND KITCHEN II,0,14
3025128,8/29/17,39,HOME CARE,9,292
3025129,8/29/17,39,LADIESWEAR,0,14
3025130,8/29/17,39,LAWN AND GARDEN,3,8
3025131,8/29/17,39,LINGERIE,0,8
3025134,8/29/17,39,MEATS,0,112.365
3025135,8/29/17,39,PERSONAL CARE,10,203
3025138,8/29/17,39,POULTRY,1,167.5024
3025139,8/29/17,39,PREPARED FOODS,0,84.007
3025140,8/29/17,39,PRODUCE,154,2463.323
3025142,8/29/17,39,SEAFOOD,0,11
3025146,8/29/17,4,BEVERAGES,36,1821
3025148,8/29/17,4,BREAD/BAKERY,10,267.395
3025149,8/29/17,4,CELEBRATION,0,5
3025150,8/29/17,4,CLEANING,12,542
3025151,8/29/17,4,DAIRY,15,558
3025152,8/29/17,4,DELI,8,178.768
3025153,8/29/17,4,EGGS,0,135
3025154,8/29/17,4,FROZEN FOODS,0,104.375
3025155,8/29/17,4,GROCERY I,48,2055
3025161,8/29/17,4,HOME CARE,4,364
3025163,8/29/17,4,LAWN AND GARDEN,0,10
3025167,8/29/17,4,MEATS,0,231.781
3025170,8/29/17,4,PLAYERS AND ELECTRONICS,0,8
3025171,8/29/17,4,POULTRY,0,530.02
3025172,8/29/17,4,PREPARED FOODS,0,88.19
3025173,8/29/17,4,PRODUCE,3,3832.635
3025175,8/29/17,4,SEAFOOD,1,41.473
3025176,8/29/17,40,AUTOMOTIVE,0,6
3025179,8/29/17,40,BEVERAGES,24,863
3025181,8/29/17,40,BREAD/BAKERY,3,292
3025182,8/29/17,40,CELEBRATION,0,21
3025183,8/29/17,40,CLEANING,22,807
3025184,8/29/17,40,DAIRY,4,555
3025185,8/29/17,40,DELI,7,216
3025186,8/29/17,40,EGGS,1,102
3025187,8/29/17,40,FROZEN FOODS,1,36.973
3025188,8/29/17,40,GROCERY I,59,3122
3025189,8/29/17,40,GROCERY II,0,12
3025191,8/29/17,40,HOME AND KITCHEN I,1,36
3025192,8/29/17,40,HOME AND KITCHEN II,3,9
3025193,8/29/17,40,HOME APPLIANCES,0,1
3025194,8/29/17,40,HOME CARE,8,210
3025197,8/29/17,40,LINGERIE,0,20
3025200,8/29/17,40,MEATS,0,120.335
3025201,8/29/17,40,PERSONAL CARE,14,144
3025204,8/29/17,40,POULTRY,0,145.491
3025205,8/29/17,40,PREPARED FOODS,0,43
3025206,8/29/17,40,PRODUCE,119,1946.614
3025208,8/29/17,40,SEAFOOD,0,5
3025212,8/29/17,41,BEVERAGES,35,618
3025214,8/29/17,41,BREAD/BAKERY,11,289.626
3025215,8/29/17,41,CELEBRATION,0,4
3025216,8/29/17,41,CLEANING,14,640
3025217,8/29/17,41,DAIRY,13,391
3025218,8/29/17,41,DELI,9,200.048
3025219,8/29/17,41,EGGS,0,94
3025220,8/29/17,41,FROZEN FOODS,1,118.998
3025221,8/29/17,41,GROCERY I,48,1913
3025227,8/29/17,41,HOME CARE,6,222
3025229,8/29/17,41,LAWN AND GARDEN,0,5
3025233,8/29/17,41,MEATS,0,103.837
3025234,8/29/17,41,PERSONAL CARE,8,389
3025235,8/29/17,41,PET SUPPLIES,0,6
3025237,8/29/17,41,POULTRY,0,145.053
3025238,8/29/17,41,PREPARED FOODS,0,46.353
3025239,8/29/17,41,PRODUCE,1,2
3025241,8/29/17,41,SEAFOOD,1,12
3025275,8/29/17,43,AUTOMOTIVE,0,4
3025278,8/29/17,43,BEVERAGES,23,1480
3025280,8/29/17,43,BREAD/BAKERY,3,164
3025282,8/29/17,43,CLEANING,22,611
3025283,8/29/17,43,DAIRY,12,300
3025284,8/29/17,43,DELI,8,127
3025285,8/29/17,43,EGGS,1,92
3025286,8/29/17,43,FROZEN FOODS,1,18.630001
3025287,8/29/17,43,GROCERY I,62,2158
3025291,8/29/17,43,HOME AND KITCHEN II,1,12
3025293,8/29/17,43,HOME CARE,5,228
3025299,8/29/17,43,MEATS,0,80.836
3025300,8/29/17,43,PERSONAL CARE,11,142
3025303,8/29/17,43,POULTRY,0,118.133995
3025304,8/29/17,43,PREPARED FOODS,0,84
3025305,8/29/17,43,PRODUCE,127,890.72
3025308,8/29/17,44,AUTOMOTIVE,0,34
3025311,8/29/17,44,BEVERAGES,42,8783
3025313,8/29/17,44,BREAD/BAKERY,12,1080.753
3025314,8/29/17,44,CELEBRATION,0,11
3025315,8/29/17,44,CLEANING,15,2404
3025316,8/29/17,44,DAIRY,20,2129
3025317,8/29/17,44,DELI,11,605.141
3025318,8/29/17,44,EGGS,0,745
3025319,8/29/17,44,FROZEN FOODS,1,525.873
3025320,8/29/17,44,GROCERY I,68,7764
3025321,8/29/17,44,GROCERY II,0,75
3025326,8/29/17,44,HOME CARE,6,615
3025332,8/29/17,44,MEATS,0,1504.193
3025333,8/29/17,44,PERSONAL CARE,17,416
3025335,8/29/17,44,PLAYERS AND ELECTRONICS,0,36
3025336,8/29/17,44,POULTRY,0,1565.993
3025337,8/29/17,44,PREPARED FOODS,0,613.183
3025338,8/29/17,44,PRODUCE,1,15184.537
3025340,8/29/17,44,SEAFOOD,1,145.82199
3025341,8/29/17,45,AUTOMOTIVE,0,14
3025344,8/29/17,45,BEVERAGES,41,3022
3025346,8/29/17,45,BREAD/BAKERY,14,861.942
3025347,8/29/17,45,CELEBRATION,0,26
3025348,8/29/17,45,CLEANING,17,1790
3025349,8/29/17,45,DAIRY,18,1741
3025350,8/29/17,45,DELI,9,592.109
3025351,8/29/17,45,EGGS,0,363
3025352,8/29/17,45,FROZEN FOODS,1,223.435
3025353,8/29/17,45,GROCERY I,65,6509
3025359,8/29/17,45,HOME CARE,9,789
3025365,8/29/17,45,MEATS,0,1599.408
3025366,8/29/17,45,PERSONAL CARE,17,409
3025368,8/29/17,45,PLAYERS AND ELECTRONICS,0,18
3025369,8/29/17,45,POULTRY,0,1571.412
3025370,8/29/17,45,PREPARED FOODS,0,276.04
3025371,8/29/17,45,PRODUCE,3,16
3025373,8/29/17,45,SEAFOOD,1,121.899
3025374,8/29/17,46,AUTOMOTIVE,0,17
3025377,8/29/17,46,BEVERAGES,31,4793
3025379,8/29/17,46,BREAD/BAKERY,12,748.534
3025380,8/29/17,46,CELEBRATION,0,17
3025381,8/29/17,46,CLEANING,15,1887
3025382,8/29/17,46,DAIRY,19,1540
3025383,8/29/17,46,DELI,10,851.216
3025384,8/29/17,46,EGGS,0,153
3025385,8/29/17,46,FROZEN FOODS,1,257.501
3025386,8/29/17,46,GROCERY I,55,6903
3025389,8/29/17,46,HOME AND KITCHEN I,1,43
3025392,8/29/17,46,HOME CARE,5,757
3025394,8/29/17,46,LAWN AND GARDEN,0,10
3025398,8/29/17,46,MEATS,0,1142.723
3025399,8/29/17,46,PERSONAL CARE,12,555
3025401,8/29/17,46,PLAYERS AND ELECTRONICS,2,38
3025402,8/29/17,46,POULTRY,0,1074.8201
3025403,8/29/17,46,PREPARED FOODS,0,170.36499
3025404,8/29/17,46,PRODUCE,2,2508.452
3025406,8/29/17,46,SEAFOOD,0,47.05
3025407,8/29/17,47,AUTOMOTIVE,0,33
3025410,8/29/17,47,BEVERAGES,37,3052
3025412,8/29/17,47,BREAD/BAKERY,15,1381.06
3025413,8/29/17,47,CELEBRATION,0,16
3025414,8/29/17,47,CLEANING,19,2076
3025415,8/29/17,47,DAIRY,19,2038
3025416,8/29/17,47,DELI,9,715.537
3025417,8/29/17,47,EGGS,0,345
3025418,8/29/17,47,FROZEN FOODS,1,260.854
3025419,8/29/17,47,GROCERY I,68,8134
3025425,8/29/17,47,HOME CARE,7,852
3025427,8/29/17,47,LAWN AND GARDEN,0,25
3025431,8/29/17,47,MEATS,0,1231.028
3025432,8/29/17,47,PERSONAL CARE,18,880
3025434,8/29/17,47,PLAYERS AND ELECTRONICS,0,10
3025435,8/29/17,47,POULTRY,0,1592.196
3025436,8/29/17,47,PREPARED FOODS,0,339.046
3025437,8/29/17,47,PRODUCE,3,8630.106
3025439,8/29/17,47,SEAFOOD,1,96.708
3025440,8/29/17,48,AUTOMOTIVE,0,11
3025443,8/29/17,48,BEVERAGES,36,1390
3025445,8/29/17,48,BREAD/BAKERY,9,437.845
3025446,8/29/17,48,CELEBRATION,0,25
3025447,8/29/17,48,CLEANING,18,1315
3025448,8/29/17,48,DAIRY,17,872
3025449,8/29/17,48,DELI,10,404.964
3025450,8/29/17,48,EGGS,0,62
3025451,8/29/17,48,FROZEN FOODS,1,119.081
3025452,8/29/17,48,GROCERY I,59,4600
3025454,8/29/17,48,HARDWARE,0,3
3025458,8/29/17,48,HOME CARE,3,822
3025464,8/29/17,48,MEATS,0,1003.731
3025465,8/29/17,48,PERSONAL CARE,14,500
3025467,8/29/17,48,PLAYERS AND ELECTRONICS,2,22
3025468,8/29/17,48,POULTRY,0,754.414
3025469,8/29/17,48,PREPARED FOODS,0,117.881
3025470,8/29/17,48,PRODUCE,1,2135.061
3025472,8/29/17,48,SEAFOOD,1,11.071
3025473,8/29/17,49,AUTOMOTIVE,0,12
3025476,8/29/17,49,BEVERAGES,34,6090
3025478,8/29/17,49,BREAD/BAKERY,12,716.128
3025480,8/29/17,49,CLEANING,15,1550
3025481,8/29/17,49,DAIRY,20,1716
3025482,8/29/17,49,DELI,10,313.102
3025483,8/29/17,49,EGGS,0,375
3025484,8/29/17,49,FROZEN FOODS,1,307.788
3025485,8/29/17,49,GROCERY I,57,5463
3025491,8/29/17,49,HOME CARE,6,358
3025493,8/29/17,49,LAWN AND GARDEN,0,15
3025497,8/29/17,49,MEATS,0,983.105
3025498,8/29/17,49,PERSONAL CARE,15,270
3025500,8/29/17,49,PLAYERS AND ELECTRONICS,0,30
3025501,8/29/17,49,POULTRY,1,1041.163
3025502,8/29/17,49,PREPARED FOODS,0,326.18
3025503,8/29/17,49,PRODUCE,3,8248.459
3025505,8/29/17,49,SEAFOOD,1,96.911
3025509,8/29/17,5,BEVERAGES,28,681
3025511,8/29/17,5,BREAD/BAKERY,12,275.637
3025512,8/29/17,5,CELEBRATION,0,27
3025513,8/29/17,5,CLEANING,16,838
3025514,8/29/17,5,DAIRY,16,510
3025515,8/29/17,5,DELI,10,305.384
3025516,8/29/17,5,EGGS,0,117
3025517,8/29/17,5,FROZEN FOODS,0,125.135
3025518,8/29/17,5,GROCERY I,46,2713
3025524,8/29/17,5,HOME CARE,4,337
3025526,8/29/17,5,LAWN AND GARDEN,0,1
3025530,8/29/17,5,MEATS,0,279.986
3025531,8/29/17,5,PERSONAL CARE,14,256
3025534,8/29/17,5,POULTRY,0,241.7
3025535,8/29/17,5,PREPARED FOODS,0,78.573
3025536,8/29/17,5,PRODUCE,1,4
3025538,8/29/17,5,SEAFOOD,1,30.582
3025539,8/29/17,50,AUTOMOTIVE,0,17
3025542,8/29/17,50,BEVERAGES,27,1463
3025544,8/29/17,50,BREAD/BAKERY,10,466.783
3025545,8/29/17,50,CELEBRATION,0,29
3025546,8/29/17,50,CLEANING,12,1421
3025547,8/29/17,50,DAIRY,18,1094
3025548,8/29/17,50,DELI,11,368.328
3025549,8/29/17,50,EGGS,0,103
3025550,8/29/17,50,FROZEN FOODS,1,123
3025551,8/29/17,50,GROCERY I,54,5329
3025555,8/29/17,50,HOME AND KITCHEN II,2,29
3025557,8/29/17,50,HOME CARE,4,505
3025563,8/29/17,50,MEATS,0,521.215
3025564,8/29/17,50,PERSONAL CARE,8,295
3025566,8/29/17,50,PLAYERS AND ELECTRONICS,0,21
3025567,8/29/17,50,POULTRY,0,531.095
3025568,8/29/17,50,PREPARED FOODS,0,116.573
3025569,8/29/17,50,PRODUCE,1,2931.032
3025571,8/29/17,50,SEAFOOD,1,29.085001
3025575,8/29/17,51,BEVERAGES,36,7311
3025577,8/29/17,51,BREAD/BAKERY,9,1148.096
3025578,8/29/17,51,CELEBRATION,0,8
3025579,8/29/17,51,CLEANING,12,2098
3025580,8/29/17,51,DAIRY,18,2104
3025581,8/29/17,51,DELI,10,328.069
3025582,8/29/17,51,EGGS,0,367
3025583,8/29/17,51,FROZEN FOODS,1,628.92
3025584,8/29/17,51,GROCERY I,55,6223
3025587,8/29/17,51,HOME AND KITCHEN I,1,5
3025590,8/29/17,51,HOME CARE,3,400
3025592,8/29/17,51,LAWN AND GARDEN,0,6
3025596,8/29/17,51,MEATS,0,509.478
3025597,8/29/17,51,PERSONAL CARE,9,544
3025599,8/29/17,51,PLAYERS AND ELECTRONICS,1,20
3025600,8/29/17,51,POULTRY,0,694.898
3025601,8/29/17,51,PREPARED FOODS,0,200
3025602,8/29/17,51,PRODUCE,1,9940.145
3025604,8/29/17,51,SEAFOOD,1,111.006
3025641,8/29/17,53,BEVERAGES,31,510
3025643,8/29/17,53,BREAD/BAKERY,9,335.096
3025644,8/29/17,53,CELEBRATION,0,6
3025645,8/29/17,53,CLEANING,9,489
3025646,8/29/17,53,DAIRY,16,335
3025647,8/29/17,53,DELI,8,110.476
3025648,8/29/17,53,EGGS,0,48
3025649,8/29/17,53,FROZEN FOODS,1,141
3025650,8/29/17,53,GROCERY I,48,1557
3025656,8/29/17,53,HOME CARE,2,204
3025662,8/29/17,53,MEATS,0,236.905
3025663,8/29/17,53,PERSONAL CARE,9,136
3025665,8/29/17,53,PLAYERS AND ELECTRONICS,0,12
3025666,8/29/17,53,POULTRY,0,164.829
3025667,8/29/17,53,PREPARED FOODS,0,56.444
3025668,8/29/17,53,PRODUCE,1,2711.263
3025670,8/29/17,53,SEAFOOD,1,5
3025671,8/29/17,54,AUTOMOTIVE,0,2
3025673,8/29/17,54,BEAUTY,1,1
3025674,8/29/17,54,BEVERAGES,22,872
3025676,8/29/17,54,BREAD/BAKERY,1,136
3025677,8/29/17,54,CELEBRATION,0,1
3025678,8/29/17,54,CLEANING,14,611
3025679,8/29/17,54,DAIRY,3,154
3025680,8/29/17,54,DELI,5,143
3025681,8/29/17,54,EGGS,1,30
3025682,8/29/17,54,FROZEN FOODS,1,10.166
3025683,8/29/17,54,GROCERY I,52,1519
3025684,8/29/17,54,GROCERY II,0,6
3025685,8/29/17,54,HARDWARE,0,2
3025686,8/29/17,54,HOME AND KITCHEN I,1,14
3025687,8/29/17,54,HOME AND KITCHEN II,0,11
3025689,8/29/17,54,HOME CARE,5,138
3025692,8/29/17,54,LINGERIE,0,9
3025695,8/29/17,54,MEATS,0,58.312
3025696,8/29/17,54,PERSONAL CARE,9,122
3025699,8/29/17,54,POULTRY,0,34.337
3025700,8/29/17,54,PREPARED FOODS,0,99
3025701,8/29/17,54,PRODUCE,68,653.491
3025703,8/29/17,54,SEAFOOD,0,3
3025706,8/29/17,6,BEAUTY,1,3
3025707,8/29/17,6,BEVERAGES,34,1050
3025709,8/29/17,6,BREAD/BAKERY,12,346.316
3025710,8/29/17,6,CELEBRATION,0,11
3025711,8/29/17,6,CLEANING,12,797
3025712,8/29/17,6,DAIRY,17,715
3025713,8/29/17,6,DELI,10,230.665
3025714,8/29/17,6,EGGS,0,144
3025715,8/29/17,6,FROZEN FOODS,0,135
3025716,8/29/17,6,GROCERY I,59,3073
3025722,8/29/17,6,HOME CARE,2,373
3025724,8/29/17,6,LAWN AND GARDEN,0,7
3025726,8/29/17,6,LIQUOR WINE BEER,1,59
3025728,8/29/17,6,MEATS,0,595.626
3025729,8/29/17,6,PERSONAL CARE,15,401
3025732,8/29/17,6,POULTRY,0,870.827
3025733,8/29/17,6,PREPARED FOODS,0,162.702
3025734,8/29/17,6,PRODUCE,1,29
3025736,8/29/17,6,SEAFOOD,1,40.726
3025740,8/29/17,7,BEVERAGES,36,2272
3025742,8/29/17,7,BREAD/BAKERY,10,518.276
3025743,8/29/17,7,CELEBRATION,0,17
3025744,8/29/17,7,CLEANING,14,1059
3025745,8/29/17,7,DAIRY,17,1025
3025746,8/29/17,7,DELI,11,163.209
3025747,8/29/17,7,EGGS,0,263
3025748,8/29/17,7,FROZEN FOODS,1,208
3025749,8/29/17,7,GROCERY I,57,3906
3025755,8/29/17,7,HOME CARE,4,308
3025757,8/29/17,7,LAWN AND GARDEN,0,24
3025761,8/29/17,7,MEATS,0,696.255
3025762,8/29/17,7,PERSONAL CARE,11,230
3025764,8/29/17,7,PLAYERS AND ELECTRONICS,0,14
3025765,8/29/17,7,POULTRY,0,887.265
3025766,8/29/17,7,PREPARED FOODS,0,212.95801
3025767,8/29/17,7,PRODUCE,1,2
3025769,8/29/17,7,SEAFOOD,1,72.985
3025773,8/29/17,8,BEVERAGES,0,1600
3025775,8/29/17,8,BREAD/BAKERY,0,509.29102
3025777,8/29/17,8,CLEANING,0,1200
3025778,8/29/17,8,DAIRY,0,1376
3025779,8/29/17,8,DELI,0,282.744
3025780,8/29/17,8,EGGS,0,358
3025781,8/29/17,8,FROZEN FOODS,0,170
3025782,8/29/17,8,GROCERY I,0,3998
3025788,8/29/17,8,HOME CARE,0,365
3025790,8/29/17,8,LAWN AND GARDEN,0,15
3025794,8/29/17,8,MEATS,0,1129.43
3025795,8/29/17,8,PERSONAL CARE,0,254
3025797,8/29/17,8,PLAYERS AND ELECTRONICS,0,12
3025798,8/29/17,8,POULTRY,0,588.473
3025799,8/29/17,8,PREPARED FOODS,0,226.95
3025800,8/29/17,8,PRODUCE,0,1
3025802,8/29/17,8,SEAFOOD,0,73.304
3025803,8/29/17,9,AUTOMOTIVE,0,21
3025806,8/29/17,9,BEVERAGES,22,2217
3025808,8/29/17,9,BREAD/BAKERY,3,521
3025810,8/29/17,9,CLEANING,25,1752
3025811,8/29/17,9,DAIRY,10,584
3025812,8/29/17,9,DELI,9,602.9347
3025813,8/29/17,9,EGGS,1,136
3025814,8/29/17,9,FROZEN FOODS,0,61.495
3025815,8/29/17,9,GROCERY I,63,7685
3025816,8/29/17,9,GROCERY II,0,18
3025818,8/29/17,9,HOME AND KITCHEN I,2,44
3025821,8/29/17,9,HOME CARE,8,696
3025822,8/29/17,9,LADIESWEAR,0,14
3025823,8/29/17,9,LAWN AND GARDEN,1,3
3025827,8/29/17,9,MEATS,0,404.3831
3025828,8/29/17,9,PERSONAL CARE,12,334
3025831,8/29/17,9,POULTRY,0,613.71704
3025832,8/29/17,9,PREPARED FOODS,0,56.86
3025833,8/29/17,9,PRODUCE,141,1906.603
3025835,8/29/17,9,SEAFOOD,0,22.9274
3025839,8/30/17,1,BEVERAGES,35,2803
3025841,8/30/17,1,BREAD/BAKERY,7,232.343
3025842,8/30/17,1,CELEBRATION,0,13
3025843,8/30/17,1,CLEANING,11,720
3025844,8/30/17,1,DAIRY,16,710
3025845,8/30/17,1,DELI,5,144.572
3025846,8/30/17,1,EGGS,0,163
3025847,8/30/17,1,FROZEN FOODS,1,97
3025848,8/30/17,1,GROCERY I,65,2327
3025854,8/30/17,1,HOME CARE,3,211
3025856,8/30/17,1,LAWN AND GARDEN,6,20
3025860,8/30/17,1,MEATS,0,712.06
3025861,8/30/17,1,PERSONAL CARE,6,145
3025863,8/30/17,1,PLAYERS AND ELECTRONICS,1,7
3025864,8/30/17,1,POULTRY,0,709.636
3025865,8/30/17,1,PREPARED FOODS,0,127.85
3025866,8/30/17,1,PRODUCE,208,3951.501
3025868,8/30/17,1,SEAFOOD,1,30.559
3025869,8/30/17,10,AUTOMOTIVE,2,5
3025871,8/30/17,10,BEAUTY,1,1
3025872,8/30/17,10,BEVERAGES,214,370
3025874,8/30/17,10,BREAD/BAKERY,23,112
3025876,8/30/17,10,CLEANING,165,776
3025877,8/30/17,10,DAIRY,81,336
3025878,8/30/17,10,DELI,37,205
3025879,8/30/17,10,EGGS,8,11
3025880,8/30/17,10,FROZEN FOODS,8,50.571
3025881,8/30/17,10,GROCERY I,490,2463
3025883,8/30/17,10,HARDWARE,0,2
3025884,8/30/17,10,HOME AND KITCHEN I,6,24
3025887,8/30/17,10,HOME CARE,46,310
3025890,8/30/17,10,LINGERIE,1,6
3025893,8/30/17,10,MEATS,18,205.056
3025894,8/30/17,10,PERSONAL CARE,43,131
3025897,8/30/17,10,POULTRY,10,216.878
3025898,8/30/17,10,PREPARED FOODS,5,19
3025899,8/30/17,10,PRODUCE,59,351.215
3025901,8/30/17,10,SEAFOOD,1,5
3025902,8/30/17,11,AUTOMOTIVE,0,6
3025905,8/30/17,11,BEVERAGES,27,1836
3025907,8/30/17,11,BREAD/BAKERY,4,576
3025908,8/30/17,11,CELEBRATION,0,31
3025909,8/30/17,11,CLEANING,26,1189
3025910,8/30/17,11,DAIRY,122,320
3025911,8/30/17,11,DELI,11,244.813
3025912,8/30/17,11,EGGS,1,88
3025913,8/30/17,11,FROZEN FOODS,1,52
3025914,8/30/17,11,GROCERY I,87,6304.683
3025915,8/30/17,11,GROCERY II,0,21
3025917,8/30/17,11,HOME AND KITCHEN I,1,13
3025918,8/30/17,11,HOME AND KITCHEN II,1,13
3025920,8/30/17,11,HOME CARE,8,933
3025921,8/30/17,11,LADIESWEAR,1,16
3025923,8/30/17,11,LINGERIE,0,14
3025924,8/30/17,11,LIQUOR WINE BEER,1,81
3025926,8/30/17,11,MEATS,0,694.64
3025927,8/30/17,11,PERSONAL CARE,11,234
3025929,8/30/17,11,PLAYERS AND ELECTRONICS,0,10
3025930,8/30/17,11,POULTRY,0,776.195
3025931,8/30/17,11,PREPARED FOODS,0,41
3025932,8/30/17,11,PRODUCE,3,1988.468
3025934,8/30/17,11,SEAFOOD,0,14
3025935,8/30/17,12,AUTOMOTIVE,0,9
3025938,8/30/17,12,BEVERAGES,20,517
3025940,8/30/17,12,BREAD/BAKERY,3,152
3025942,8/30/17,12,CLEANING,18,695
3025943,8/30/17,12,DAIRY,103,272
3025944,8/30/17,12,DELI,6,120
3025945,8/30/17,12,EGGS,1,70
3025946,8/30/17,12,FROZEN FOODS,0,52
3025947,8/30/17,12,GROCERY I,69,2088
3025959,8/30/17,12,MEATS,0,159.299
3025960,8/30/17,12,PERSONAL CARE,9,213
3025962,8/30/17,12,PLAYERS AND ELECTRONICS,0,6
3025963,8/30/17,12,POULTRY,0,305.056
3025965,8/30/17,12,PRODUCE,1,341.653
3025971,8/30/17,13,BEVERAGES,16,453
3025973,8/30/17,13,BREAD/BAKERY,2,103
3025975,8/30/17,13,CLEANING,17,594
3025976,8/30/17,13,DAIRY,79,238
3025977,8/30/17,13,DELI,3,85
3025978,8/30/17,13,EGGS,1,54
3025979,8/30/17,13,FROZEN FOODS,1,15
3025980,8/30/17,13,GROCERY I,66,1654
3025987,8/30/17,13,LADIESWEAR,0,5
3025992,8/30/17,13,MEATS,0,131.586
3025993,8/30/17,13,PERSONAL CARE,10,143
3025996,8/30/17,13,POULTRY,0,135.026
3025997,8/30/17,13,PREPARED FOODS,0,14
3025998,8/30/17,13,PRODUCE,1,299.712
3026001,8/30/17,14,AUTOMOTIVE,0,4
3026004,8/30/17,14,BEVERAGES,17,441
3026006,8/30/17,14,BREAD/BAKERY,2,174
3026007,8/30/17,14,CELEBRATION,0,4
3026008,8/30/17,14,CLEANING,18,816
3026009,8/30/17,14,DAIRY,81,483
3026010,8/30/17,14,DELI,2,131
3026011,8/30/17,14,EGGS,1,41
3026012,8/30/17,14,FROZEN FOODS,0,13
3026013,8/30/17,14,GROCERY I,70,1907
3026016,8/30/17,14,HOME AND KITCHEN I,1,8
3026022,8/30/17,14,LINGERIE,0,5
3026023,8/30/17,14,LIQUOR WINE BEER,0,7
3026025,8/30/17,14,MEATS,0,381.589
3026026,8/30/17,14,PERSONAL CARE,7,194
3026029,8/30/17,14,POULTRY,0,86.333
3026030,8/30/17,14,PREPARED FOODS,0,38
3026031,8/30/17,14,PRODUCE,2,479.677
3026034,8/30/17,15,AUTOMOTIVE,0,8
3026036,8/30/17,15,BEAUTY,0,1
3026037,8/30/17,15,BEVERAGES,25,612
3026039,8/30/17,15,BREAD/BAKERY,3,199
3026040,8/30/17,15,CELEBRATION,0,4
3026041,8/30/17,15,CLEANING,22,620
3026042,8/30/17,15,DAIRY,95,329
3026043,8/30/17,15,DELI,7,262
3026044,8/30/17,15,EGGS,1,55
3026045,8/30/17,15,FROZEN FOODS,1,23
3026046,8/30/17,15,GROCERY I,70,3720
3026052,8/30/17,15,HOME CARE,6,233
3026053,8/30/17,15,LADIESWEAR,0,12
3026055,8/30/17,15,LINGERIE,0,1
3026056,8/30/17,15,LIQUOR WINE BEER,1,35
3026058,8/30/17,15,MEATS,0,149.201
3026059,8/30/17,15,PERSONAL CARE,10,180
3026062,8/30/17,15,POULTRY,0,97.654
3026063,8/30/17,15,PREPARED FOODS,1,20
3026064,8/30/17,15,PRODUCE,2,903.658
3026066,8/30/17,15,SEAFOOD,0,3
3026067,8/30/17,16,AUTOMOTIVE,3,5
3026070,8/30/17,16,BEVERAGES,217,401
3026072,8/30/17,16,BREAD/BAKERY,36,181
3026074,8/30/17,16,CLEANING,184,838
3026075,8/30/17,16,DAIRY,84,508
3026076,8/30/17,16,DELI,46,221
3026077,8/30/17,16,EGGS,11,258
3026078,8/30/17,16,FROZEN FOODS,11,12
3026079,8/30/17,16,GROCERY I,494,2578
3026083,8/30/17,16,HOME AND KITCHEN II,7,9
3026091,8/30/17,16,MEATS,13,68.885
3026092,8/30/17,16,PERSONAL CARE,53,164
3026095,8/30/17,16,POULTRY,9,76.512
3026096,8/30/17,16,PREPARED FOODS,5,62
3026097,8/30/17,16,PRODUCE,78,1062.49
3026099,8/30/17,16,SEAFOOD,1,5
3026100,8/30/17,17,AUTOMOTIVE,0,5
3026103,8/30/17,17,BEVERAGES,23,1173
3026105,8/30/17,17,BREAD/BAKERY,3,204
3026107,8/30/17,17,CLEANING,18,772
3026108,8/30/17,17,DAIRY,123,404
3026109,8/30/17,17,DELI,7,232
3026110,8/30/17,17,EGGS,1,72
3026111,8/30/17,17,FROZEN FOODS,0,29
3026112,8/30/17,17,GROCERY I,71,2576
3026115,8/30/17,17,HOME AND KITCHEN I,1,19
3026118,8/30/17,17,HOME CARE,8,267
3026124,8/30/17,17,MEATS,0,220.509
3026125,8/30/17,17,PERSONAL CARE,12,130
3026128,8/30/17,17,POULTRY,0,348.53
3026129,8/30/17,17,PREPARED FOODS,0,59
3026130,8/30/17,17,PRODUCE,1,1054.232
3026132,8/30/17,17,SEAFOOD,0,20
3026133,8/30/17,18,AUTOMOTIVE,0,2
3026136,8/30/17,18,BEVERAGES,26,952
3026138,8/30/17,18,BREAD/BAKERY,3,656
3026140,8/30/17,18,CLEANING,18,602
3026141,8/30/17,18,DAIRY,129,444
3026142,8/30/17,18,DELI,8,154.771
3026143,8/30/17,18,EGGS,1,112
3026144,8/30/17,18,FROZEN FOODS,0,28
3026145,8/30/17,18,GROCERY I,71,1607.357
3026151,8/30/17,18,HOME CARE,8,204
3026157,8/30/17,18,MEATS,0,162.8255
3026158,8/30/17,18,PERSONAL CARE,10,118
3026161,8/30/17,18,POULTRY,1,165.4432
3026162,8/30/17,18,PREPARED FOODS,0,45
3026163,8/30/17,18,PRODUCE,2,2035.715
3026165,8/30/17,18,SEAFOOD,0,7.6296
3026169,8/30/17,19,BEVERAGES,22,1060
3026171,8/30/17,19,BREAD/BAKERY,2,222
3026173,8/30/17,19,CLEANING,16,1342
3026174,8/30/17,19,DAIRY,95,444
3026175,8/30/17,19,DELI,6,146
3026176,8/30/17,19,EGGS,1,243
3026177,8/30/17,19,FROZEN FOODS,1,31
3026178,8/30/17,19,GROCERY I,69,1987
3026184,8/30/17,19,HOME CARE,5,258
3026190,8/30/17,19,MEATS,0,140.98401
3026191,8/30/17,19,PERSONAL CARE,8,175
3026192,8/30/17,19,PET SUPPLIES,0,1
3026194,8/30/17,19,POULTRY,0,96.194
3026195,8/30/17,19,PREPARED FOODS,0,26
3026196,8/30/17,19,PRODUCE,1,424.717
3026202,8/30/17,2,BEVERAGES,39,1044
3026204,8/30/17,2,BREAD/BAKERY,12,338.022
3026205,8/30/17,2,CELEBRATION,0,10
3026206,8/30/17,2,CLEANING,12,838
3026207,8/30/17,2,DAIRY,13,827
3026208,8/30/17,2,DELI,10,232.299
3026209,8/30/17,2,EGGS,0,187
3026210,8/30/17,2,FROZEN FOODS,1,117
3026211,8/30/17,2,GROCERY I,73,3052
3026217,8/30/17,2,HOME CARE,2,294
3026219,8/30/17,2,LAWN AND GARDEN,5,9
3026222,8/30/17,2,MAGAZINES,0,3
3026223,8/30/17,2,MEATS,0,388.863
3026224,8/30/17,2,PERSONAL CARE,10,242
3026226,8/30/17,2,PLAYERS AND ELECTRONICS,0,8
3026227,8/30/17,2,POULTRY,0,713.881
3026228,8/30/17,2,PREPARED FOODS,0,122.783005
3026229,8/30/17,2,PRODUCE,214,37
3026231,8/30/17,2,SEAFOOD,1,33.77
3026334,8/30/17,23,BEVERAGES,30,397
3026336,8/30/17,23,BREAD/BAKERY,12,226.65
3026338,8/30/17,23,CLEANING,8,589
3026339,8/30/17,23,DAIRY,11,494
3026340,8/30/17,23,DELI,8,102.628
3026341,8/30/17,23,EGGS,0,45
3026342,8/30/17,23,FROZEN FOODS,0,81
3026343,8/30/17,23,GROCERY I,65,1557
3026349,8/30/17,23,HOME CARE,1,178
3026355,8/30/17,23,MEATS,0,555.362
3026356,8/30/17,23,PERSONAL CARE,10,218
3026358,8/30/17,23,PLAYERS AND ELECTRONICS,0,8
3026359,8/30/17,23,POULTRY,0,460.176
3026360,8/30/17,23,PREPARED FOODS,0,53.551
3026361,8/30/17,23,PRODUCE,184,3
3026363,8/30/17,23,SEAFOOD,1,21.391
3026367,8/30/17,24,BEVERAGES,36,2678
3026369,8/30/17,24,BREAD/BAKERY,12,720.787
3026371,8/30/17,24,CLEANING,9,858
3026372,8/30/17,24,DAIRY,18,905
3026373,8/30/17,24,DELI,9,193.168
3026374,8/30/17,24,EGGS,0,181
3026375,8/30/17,24,FROZEN FOODS,1,171.753
3026376,8/30/17,24,GROCERY I,66,2829
3026382,8/30/17,24,HOME CARE,1,294
3026384,8/30/17,24,LAWN AND GARDEN,9,8
3026388,8/30/17,24,MEATS,0,415.47
3026389,8/30/17,24,PERSONAL CARE,9,271
3026392,8/30/17,24,POULTRY,0,541.872
3026393,8/30/17,24,PREPARED FOODS,0,101.526
3026394,8/30/17,24,PRODUCE,218,6300.022
3026396,8/30/17,24,SEAFOOD,0,54.814
3026400,8/30/17,25,BEVERAGES,37,659
3026402,8/30/17,25,BREAD/BAKERY,11,289.614
3026403,8/30/17,25,CELEBRATION,0,9
3026404,8/30/17,25,CLEANING,9,392
3026405,8/30/17,25,DAIRY,19,388
3026406,8/30/17,25,DELI,10,132.409
3026407,8/30/17,25,EGGS,0,130
3026408,8/30/17,25,FROZEN FOODS,0,61
3026409,8/30/17,25,GROCERY I,57,945
3026415,8/30/17,25,HOME CARE,1,82
3026417,8/30/17,25,LAWN AND GARDEN,9,4
3026421,8/30/17,25,MEATS,0,284.116
3026422,8/30/17,25,PERSONAL CARE,10,84
3026425,8/30/17,25,POULTRY,0,244.18
3026426,8/30/17,25,PREPARED FOODS,0,70.653
3026427,8/30/17,25,PRODUCE,155,1920.234
3026429,8/30/17,25,SEAFOOD,1,5
3026433,8/30/17,26,BEVERAGES,30,307
3026435,8/30/17,26,BREAD/BAKERY,5,221
3026436,8/30/17,26,CELEBRATION,0,10
3026437,8/30/17,26,CLEANING,9,361
3026438,8/30/17,26,DAIRY,10,177
3026439,8/30/17,26,DELI,4,110.341
3026440,8/30/17,26,EGGS,0,37
3026441,8/30/17,26,FROZEN FOODS,1,25
3026442,8/30/17,26,GROCERY I,44,1101
3026448,8/30/17,26,HOME CARE,2,154
3026454,8/30/17,26,MEATS,0,328.973
3026455,8/30/17,26,PERSONAL CARE,9,108
3026457,8/30/17,26,PLAYERS AND ELECTRONICS,0,6
3026458,8/30/17,26,POULTRY,0,90.538
3026459,8/30/17,26,PREPARED FOODS,0,5
3026460,8/30/17,26,PRODUCE,128,623.403
3026462,8/30/17,26,SEAFOOD,0,3.53
3026466,8/30/17,27,BEVERAGES,43,2801
3026468,8/30/17,27,BREAD/BAKERY,13,402.836
3026469,8/30/17,27,CELEBRATION,0,18
3026470,8/30/17,27,CLEANING,10,444
3026471,8/30/17,27,DAIRY,15,507
3026472,8/30/17,27,DELI,10,192.817
3026473,8/30/17,27,EGGS,0,127
3026474,8/30/17,27,FROZEN FOODS,1,87
3026475,8/30/17,27,GROCERY I,72,2053
3026481,8/30/17,27,HOME CARE,3,213
3026483,8/30/17,27,LAWN AND GARDEN,9,7
3026487,8/30/17,27,MEATS,0,180.439
3026488,8/30/17,27,PERSONAL CARE,11,134
3026490,8/30/17,27,PLAYERS AND ELECTRONICS,0,3
3026491,8/30/17,27,POULTRY,0,278.428
3026492,8/30/17,27,PREPARED FOODS,0,89.805
3026493,8/30/17,27,PRODUCE,212,5
3026495,8/30/17,27,SEAFOOD,1,26.337
3026496,8/30/17,28,AUTOMOTIVE,0,15
3026499,8/30/17,28,BEVERAGES,28,938
3026501,8/30/17,28,BREAD/BAKERY,3,379
3026503,8/30/17,28,CLEANING,23,742
3026504,8/30/17,28,DAIRY,141,593
3026505,8/30/17,28,DELI,8,207.552
3026506,8/30/17,28,EGGS,1,576
3026507,8/30/17,28,FROZEN FOODS,1,25
3026508,8/30/17,28,GROCERY I,81,3055.992
3026509,8/30/17,28,GROCERY II,0,4
3026511,8/30/17,28,HOME AND KITCHEN I,1,27
3026513,8/30/17,28,HOME APPLIANCES,0,1
3026514,8/30/17,28,HOME CARE,8,247
3026517,8/30/17,28,LINGERIE,0,22
3026518,8/30/17,28,LIQUOR WINE BEER,1,226
3026520,8/30/17,28,MEATS,0,93.684
3026521,8/30/17,28,PERSONAL CARE,10,212
3026522,8/30/17,28,PET SUPPLIES,0,4
3026524,8/30/17,28,POULTRY,0,171.098
3026525,8/30/17,28,PREPARED FOODS,0,38.507
3026526,8/30/17,28,PRODUCE,2,2646.4429
3026528,8/30/17,28,SEAFOOD,0,3
3026565,8/30/17,3,BEVERAGES,42,3384
3026567,8/30/17,3,BREAD/BAKERY,12,877.256
3026568,8/30/17,3,CELEBRATION,0,16
3026569,8/30/17,3,CLEANING,16,1950
3026570,8/30/17,3,DAIRY,19,1697
3026571,8/30/17,3,DELI,8,328.706
3026572,8/30/17,3,EGGS,0,502
3026573,8/30/17,3,FROZEN FOODS,1,286.856
3026574,8/30/17,3,GROCERY I,93,6162
3026580,8/30/17,3,HOME CARE,4,560
3026582,8/30/17,3,LAWN AND GARDEN,9,22
3026586,8/30/17,3,MEATS,0,1135.474
3026587,8/30/17,3,PERSONAL CARE,15,323
3026589,8/30/17,3,PLAYERS AND ELECTRONICS,0,21
3026590,8/30/17,3,POULTRY,0,1613.129
3026591,8/30/17,3,PREPARED FOODS,0,487.036
3026592,8/30/17,3,PRODUCE,229,5
3026594,8/30/17,3,SEAFOOD,1,122.735
3026598,8/30/17,30,BEVERAGES,27,516
3026600,8/30/17,30,BREAD/BAKERY,2,115
3026602,8/30/17,30,CLEANING,15,337
3026603,8/30/17,30,DAIRY,77,207
3026604,8/30/17,30,DELI,4,92
3026605,8/30/17,30,EGGS,1,154
3026606,8/30/17,30,FROZEN FOODS,0,28
3026607,8/30/17,30,GROCERY I,64,1120
3026619,8/30/17,30,MEATS,0,83.821
3026620,8/30/17,30,PERSONAL CARE,5,84
3026623,8/30/17,30,POULTRY,0,123.522995
3026625,8/30/17,30,PRODUCE,1,823.68
3026628,8/30/17,31,AUTOMOTIVE,0,12
3026631,8/30/17,31,BEVERAGES,32,791
3026633,8/30/17,31,BREAD/BAKERY,3,288
3026634,8/30/17,31,CELEBRATION,0,6
3026635,8/30/17,31,CLEANING,22,754
3026636,8/30/17,31,DAIRY,130,877
3026637,8/30/17,31,DELI,7,199.965
3026638,8/30/17,31,EGGS,1,185
3026639,8/30/17,31,FROZEN FOODS,1,47.727
3026640,8/30/17,31,GROCERY I,84,2346.024
3026641,8/30/17,31,GROCERY II,0,7
3026643,8/30/17,31,HOME AND KITCHEN I,1,18
3026644,8/30/17,31,HOME AND KITCHEN II,2,8
3026646,8/30/17,31,HOME CARE,9,304
3026652,8/30/17,31,MEATS,0,399.5386
3026653,8/30/17,31,PERSONAL CARE,11,278
3026656,8/30/17,31,POULTRY,0,146.829
3026657,8/30/17,31,PREPARED FOODS,0,49
3026658,8/30/17,31,PRODUCE,2,2304.033
3026660,8/30/17,31,SEAFOOD,1,1
3026664,8/30/17,32,BEVERAGES,16,208
3026666,8/30/17,32,BREAD/BAKERY,2,101
3026668,8/30/17,32,CLEANING,14,231
3026669,8/30/17,32,DAIRY,64,84
3026670,8/30/17,32,DELI,1,80
3026671,8/30/17,32,EGGS,1,93
3026672,8/30/17,32,FROZEN FOODS,1,5
3026673,8/30/17,32,GROCERY I,53,807
3026676,8/30/17,32,HOME AND KITCHEN I,1,17
3026679,8/30/17,32,HOME CARE,5,81
3026682,8/30/17,32,LINGERIE,0,1
3026685,8/30/17,32,MEATS,0,60.69
3026686,8/30/17,32,PERSONAL CARE,6,64
3026689,8/30/17,32,POULTRY,0,82.32
3026691,8/30/17,32,PRODUCE,1,325.106
3026694,8/30/17,33,AUTOMOTIVE,0,3
3026696,8/30/17,33,BEAUTY,0,1
3026697,8/30/17,33,BEVERAGES,24,431
3026699,8/30/17,33,BREAD/BAKERY,1,231
3026700,8/30/17,33,CELEBRATION,0,5
3026701,8/30/17,33,CLEANING,16,692
3026702,8/30/17,33,DAIRY,110,380
3026703,8/30/17,33,DELI,5,160
3026704,8/30/17,33,EGGS,1,194
3026705,8/30/17,33,FROZEN FOODS,1,39
3026706,8/30/17,33,GROCERY I,71,2189
3026708,8/30/17,33,HARDWARE,0,1
3026709,8/30/17,33,HOME AND KITCHEN I,1,25
3026710,8/30/17,33,HOME AND KITCHEN II,0,5
3026711,8/30/17,33,HOME APPLIANCES,0,1
3026712,8/30/17,33,HOME CARE,8,190
3026715,8/30/17,33,LINGERIE,0,18
3026716,8/30/17,33,LIQUOR WINE BEER,1,111
3026718,8/30/17,33,MEATS,0,291.105
3026719,8/30/17,33,PERSONAL CARE,10,256
3026721,8/30/17,33,PLAYERS AND ELECTRONICS,0,4
3026722,8/30/17,33,POULTRY,1,245.133
3026723,8/30/17,33,PREPARED FOODS,0,31
3026724,8/30/17,33,PRODUCE,1,2103.285
3026726,8/30/17,33,SEAFOOD,0,8
3026727,8/30/17,34,AUTOMOTIVE,0,5
3026730,8/30/17,34,BEVERAGES,32,1064
3026732,8/30/17,34,BREAD/BAKERY,2,470
3026733,8/30/17,34,CELEBRATION,0,28
3026734,8/30/17,34,CLEANING,22,844
3026735,8/30/17,34,DAIRY,127,526
3026736,8/30/17,34,DELI,6,185.98
3026737,8/30/17,34,EGGS,1,135
3026738,8/30/17,34,FROZEN FOODS,1,111.486
3026739,8/30/17,34,GROCERY I,70,2515.524
3026740,8/30/17,34,GROCERY II,0,5
3026742,8/30/17,34,HOME AND KITCHEN I,2,25
3026743,8/30/17,34,HOME AND KITCHEN II,1,44
3026744,8/30/17,34,HOME APPLIANCES,0,1
3026745,8/30/17,34,HOME CARE,6,343
3026748,8/30/17,34,LINGERIE,0,18
3026751,8/30/17,34,MEATS,0,198.817
3026752,8/30/17,34,PERSONAL CARE,12,304
3026755,8/30/17,34,POULTRY,0,157.826
3026756,8/30/17,34,PREPARED FOODS,0,27
3026757,8/30/17,34,PRODUCE,0,1492.19
3026759,8/30/17,34,SEAFOOD,0,9
3026760,8/30/17,35,AUTOMOTIVE,0,1
3026762,8/30/17,35,BEAUTY,0,1
3026763,8/30/17,35,BEVERAGES,22,374
3026765,8/30/17,35,BREAD/BAKERY,2,50
3026766,8/30/17,35,CELEBRATION,0,7
3026767,8/30/17,35,CLEANING,16,205
3026768,8/30/17,35,DAIRY,60,109
3026769,8/30/17,35,DELI,1,26
3026770,8/30/17,35,EGGS,1,108
3026771,8/30/17,35,FROZEN FOODS,0,11.877
3026772,8/30/17,35,GROCERY I,62,862
3026773,8/30/17,35,GROCERY II,0,3
3026774,8/30/17,35,HARDWARE,0,1
3026775,8/30/17,35,HOME AND KITCHEN I,0,11
3026776,8/30/17,35,HOME AND KITCHEN II,0,13
3026777,8/30/17,35,HOME APPLIANCES,0,1
3026778,8/30/17,35,HOME CARE,3,104
3026781,8/30/17,35,LINGERIE,0,7
3026784,8/30/17,35,MEATS,0,193.307
3026785,8/30/17,35,PERSONAL CARE,6,43
3026788,8/30/17,35,POULTRY,0,81.097
3026789,8/30/17,35,PREPARED FOODS,0,19
3026790,8/30/17,35,PRODUCE,2,627.733
3026792,8/30/17,35,SEAFOOD,0,1
3026793,8/30/17,36,AUTOMOTIVE,2,5
3026796,8/30/17,36,BEVERAGES,278,1025
3026798,8/30/17,36,BREAD/BAKERY,72,465
3026799,8/30/17,36,CELEBRATION,6,9
3026800,8/30/17,36,CLEANING,215,859
3026801,8/30/17,36,DAIRY,124,528
3026802,8/30/17,36,DELI,59,154.806
3026803,8/30/17,36,EGGS,9,115
3026804,8/30/17,36,FROZEN FOODS,11,78.06
3026805,8/30/17,36,GROCERY I,646,1881.333
3026808,8/30/17,36,HOME AND KITCHEN I,12,31
3026809,8/30/17,36,HOME AND KITCHEN II,9,5
3026811,8/30/17,36,HOME CARE,59,269
3026813,8/30/17,36,LAWN AND GARDEN,8,4
3026814,8/30/17,36,LINGERIE,4,14
3026817,8/30/17,36,MEATS,18,107.645
3026818,8/30/17,36,PERSONAL CARE,58,169
3026821,8/30/17,36,POULTRY,13,76.678
3026822,8/30/17,36,PREPARED FOODS,7,30.554
3026823,8/30/17,36,PRODUCE,119,2792.749
3026825,8/30/17,36,SEAFOOD,0,1
3026829,8/30/17,37,BEVERAGES,42,1064
3026831,8/30/17,37,BREAD/BAKERY,12,488.135
3026832,8/30/17,37,CELEBRATION,0,11
3026833,8/30/17,37,CLEANING,8,1074
3026834,8/30/17,37,DAIRY,12,938
3026835,8/30/17,37,DELI,9,116.798996
3026836,8/30/17,37,EGGS,0,181
3026837,8/30/17,37,FROZEN FOODS,1,191
3026838,8/30/17,37,GROCERY I,77,3404
3026844,8/30/17,37,HOME CARE,6,376
3026846,8/30/17,37,LAWN AND GARDEN,7,10
3026850,8/30/17,37,MEATS,0,543.763
3026851,8/30/17,37,PERSONAL CARE,13,212
3026853,8/30/17,37,PLAYERS AND ELECTRONICS,0,13
3026854,8/30/17,37,POULTRY,0,264.094
3026855,8/30/17,37,PREPARED FOODS,0,164.836
3026856,8/30/17,37,PRODUCE,209,7
3026858,8/30/17,37,SEAFOOD,0,17.774
3026862,8/30/17,38,BEVERAGES,37,611
3026864,8/30/17,38,BREAD/BAKERY,12,698.825
3026865,8/30/17,38,CELEBRATION,0,14
3026866,8/30/17,38,CLEANING,16,847
3026867,8/30/17,38,DAIRY,18,827
3026868,8/30/17,38,DELI,9,180.008
3026869,8/30/17,38,EGGS,0,98
3026870,8/30/17,38,FROZEN FOODS,0,160
3026871,8/30/17,38,GROCERY I,75,2870
3026877,8/30/17,38,HOME CARE,5,443
3026879,8/30/17,38,LAWN AND GARDEN,7,7
3026881,8/30/17,38,LIQUOR WINE BEER,2,32
3026883,8/30/17,38,MEATS,1,155.259
3026884,8/30/17,38,PERSONAL CARE,10,269
3026886,8/30/17,38,PLAYERS AND ELECTRONICS,0,11
3026887,8/30/17,38,POULTRY,0,172.089
3026888,8/30/17,38,PREPARED FOODS,0,165.418
3026889,8/30/17,38,PRODUCE,186,1
3026891,8/30/17,38,SEAFOOD,1,19.067001
3026892,8/30/17,39,AUTOMOTIVE,0,4
3026894,8/30/17,39,BEAUTY,1,3
3026895,8/30/17,39,BEVERAGES,24,658
3026897,8/30/17,39,BREAD/BAKERY,3,539
3026899,8/30/17,39,CLEANING,22,1056
3026900,8/30/17,39,DAIRY,143,535
3026901,8/30/17,39,DELI,8,134.31
3026902,8/30/17,39,EGGS,1,221
3026903,8/30/17,39,FROZEN FOODS,1,43
3026904,8/30/17,39,GROCERY I,74,3484.952
3026906,8/30/17,39,HARDWARE,0,1
3026908,8/30/17,39,HOME AND KITCHEN II,0,14
3026910,8/30/17,39,HOME CARE,7,292
3026911,8/30/17,39,LADIESWEAR,0,14
3026912,8/30/17,39,LAWN AND GARDEN,0,8
3026913,8/30/17,39,LINGERIE,0,8
3026916,8/30/17,39,MEATS,0,112.365
3026917,8/30/17,39,PERSONAL CARE,11,203
3026920,8/30/17,39,POULTRY,0,167.5024
3026921,8/30/17,39,PREPARED FOODS,0,84.007
3026922,8/30/17,39,PRODUCE,1,2463.323
3026924,8/30/17,39,SEAFOOD,0,11
3026928,8/30/17,4,BEVERAGES,35,1821
3026930,8/30/17,4,BREAD/BAKERY,13,267.395
3026931,8/30/17,4,CELEBRATION,0,5
3026932,8/30/17,4,CLEANING,14,542
3026933,8/30/17,4,DAIRY,16,558
3026934,8/30/17,4,DELI,11,178.768
3026935,8/30/17,4,EGGS,0,135
3026936,8/30/17,4,FROZEN FOODS,0,104.375
3026937,8/30/17,4,GROCERY I,73,2055
3026943,8/30/17,4,HOME CARE,4,364
3026945,8/30/17,4,LAWN AND GARDEN,5,10
3026949,8/30/17,4,MEATS,1,231.781
3026952,8/30/17,4,PLAYERS AND ELECTRONICS,0,8
3026953,8/30/17,4,POULTRY,0,530.02
3026954,8/30/17,4,PREPARED FOODS,0,88.19
3026955,8/30/17,4,PRODUCE,184,3832.635
3026957,8/30/17,4,SEAFOOD,1,41.473
3026958,8/30/17,40,AUTOMOTIVE,0,6
3026961,8/30/17,40,BEVERAGES,25,863
3026963,8/30/17,40,BREAD/BAKERY,3,292
3026964,8/30/17,40,CELEBRATION,1,21
3026965,8/30/17,40,CLEANING,20,807
3026966,8/30/17,40,DAIRY,118,555
3026967,8/30/17,40,DELI,6,216
3026968,8/30/17,40,EGGS,1,102
3026969,8/30/17,40,FROZEN FOODS,0,36.973
3026970,8/30/17,40,GROCERY I,77,3122
3026971,8/30/17,40,GROCERY II,0,12
3026973,8/30/17,40,HOME AND KITCHEN I,1,36
3026974,8/30/17,40,HOME AND KITCHEN II,1,9
3026975,8/30/17,40,HOME APPLIANCES,0,1
3026976,8/30/17,40,HOME CARE,7,210
3026979,8/30/17,40,LINGERIE,0,20
3026982,8/30/17,40,MEATS,0,120.335
3026983,8/30/17,40,PERSONAL CARE,13,144
3026986,8/30/17,40,POULTRY,1,145.491
3026987,8/30/17,40,PREPARED FOODS,0,43
3026988,8/30/17,40,PRODUCE,1,1946.614
3026990,8/30/17,40,SEAFOOD,0,5
3026994,8/30/17,41,BEVERAGES,35,618
3026996,8/30/17,41,BREAD/BAKERY,10,289.626
3026997,8/30/17,41,CELEBRATION,0,4
3026998,8/30/17,41,CLEANING,12,640
3026999,8/30/17,41,DAIRY,11,391
3027000,8/30/17,41,DELI,10,200.048
3027001,8/30/17,41,EGGS,0,94
3027002,8/30/17,41,FROZEN FOODS,1,118.998
3027003,8/30/17,41,GROCERY I,72,1913
3027009,8/30/17,41,HOME CARE,3,222
3027011,8/30/17,41,LAWN AND GARDEN,5,5
3027015,8/30/17,41,MEATS,0,103.837
3027016,8/30/17,41,PERSONAL CARE,8,389
3027017,8/30/17,41,PET SUPPLIES,0,6
3027019,8/30/17,41,POULTRY,0,145.053
3027020,8/30/17,41,PREPARED FOODS,0,46.353
3027021,8/30/17,41,PRODUCE,190,2
3027023,8/30/17,41,SEAFOOD,0,12
3027057,8/30/17,43,AUTOMOTIVE,0,4
3027060,8/30/17,43,BEVERAGES,22,1480
3027062,8/30/17,43,BREAD/BAKERY,3,164
3027064,8/30/17,43,CLEANING,23,611
3027065,8/30/17,43,DAIRY,120,300
3027066,8/30/17,43,DELI,8,127
3027067,8/30/17,43,EGGS,1,92
3027068,8/30/17,43,FROZEN FOODS,1,18.630001
3027069,8/30/17,43,GROCERY I,70,2158
3027073,8/30/17,43,HOME AND KITCHEN II,1,12
3027075,8/30/17,43,HOME CARE,5,228
3027081,8/30/17,43,MEATS,0,80.836
3027082,8/30/17,43,PERSONAL CARE,10,142
3027085,8/30/17,43,POULTRY,0,118.133995
3027086,8/30/17,43,PREPARED FOODS,0,84
3027087,8/30/17,43,PRODUCE,0,890.72
3027090,8/30/17,44,AUTOMOTIVE,0,34
3027093,8/30/17,44,BEVERAGES,51,8783
3027095,8/30/17,44,BREAD/BAKERY,13,1080.753
3027096,8/30/17,44,CELEBRATION,0,11
3027097,8/30/17,44,CLEANING,17,2404
3027098,8/30/17,44,DAIRY,19,2129
3027099,8/30/17,44,DELI,11,605.141
3027100,8/30/17,44,EGGS,0,745
3027101,8/30/17,44,FROZEN FOODS,1,525.873
3027102,8/30/17,44,GROCERY I,95,7764
3027103,8/30/17,44,GROCERY II,0,75
3027108,8/30/17,44,HOME CARE,5,615
3027114,8/30/17,44,MEATS,0,1504.193
3027115,8/30/17,44,PERSONAL CARE,18,416
3027117,8/30/17,44,PLAYERS AND ELECTRONICS,1,36
3027118,8/30/17,44,POULTRY,1,1565.993
3027119,8/30/17,44,PREPARED FOODS,0,613.183
3027120,8/30/17,44,PRODUCE,236,15184.537
3027122,8/30/17,44,SEAFOOD,1,145.82199
3027123,8/30/17,45,AUTOMOTIVE,0,14
3027126,8/30/17,45,BEVERAGES,47,3022
3027128,8/30/17,45,BREAD/BAKERY,14,861.942
3027129,8/30/17,45,CELEBRATION,0,26
3027130,8/30/17,45,CLEANING,16,1790
3027131,8/30/17,45,DAIRY,19,1741
3027132,8/30/17,45,DELI,10,592.109
3027133,8/30/17,45,EGGS,0,363
3027134,8/30/17,45,FROZEN FOODS,1,223.435
3027135,8/30/17,45,GROCERY I,99,6509
3027141,8/30/17,45,HOME CARE,8,789
3027147,8/30/17,45,MEATS,0,1599.408
3027148,8/30/17,45,PERSONAL CARE,18,409
3027150,8/30/17,45,PLAYERS AND ELECTRONICS,2,18
3027151,8/30/17,45,POULTRY,0,1571.412
3027152,8/30/17,45,PREPARED FOODS,0,276.04
3027153,8/30/17,45,PRODUCE,226,16
3027155,8/30/17,45,SEAFOOD,1,121.899
3027156,8/30/17,46,AUTOMOTIVE,0,17
3027159,8/30/17,46,BEVERAGES,42,4793
3027161,8/30/17,46,BREAD/BAKERY,15,748.534
3027162,8/30/17,46,CELEBRATION,0,17
3027163,8/30/17,46,CLEANING,18,1887
3027164,8/30/17,46,DAIRY,20,1540
3027165,8/30/17,46,DELI,10,851.216
3027166,8/30/17,46,EGGS,0,153
3027167,8/30/17,46,FROZEN FOODS,1,257.501
3027168,8/30/17,46,GROCERY I,88,6903
3027171,8/30/17,46,HOME AND KITCHEN I,1,43
3027174,8/30/17,46,HOME CARE,7,757
3027176,8/30/17,46,LAWN AND GARDEN,9,10
3027180,8/30/17,46,MEATS,0,1142.723
3027181,8/30/17,46,PERSONAL CARE,14,555
3027183,8/30/17,46,PLAYERS AND ELECTRONICS,2,38
3027184,8/30/17,46,POULTRY,1,1074.8201
3027185,8/30/17,46,PREPARED FOODS,0,170.36499
3027186,8/30/17,46,PRODUCE,216,2508.452
3027188,8/30/17,46,SEAFOOD,1,47.05
3027189,8/30/17,47,AUTOMOTIVE,0,33
3027192,8/30/17,47,BEVERAGES,40,3052
3027194,8/30/17,47,BREAD/BAKERY,13,1381.06
3027195,8/30/17,47,CELEBRATION,0,16
3027196,8/30/17,47,CLEANING,24,2076
3027197,8/30/17,47,DAIRY,19,2038
3027198,8/30/17,47,DELI,10,715.537
3027199,8/30/17,47,EGGS,0,345
3027200,8/30/17,47,FROZEN FOODS,1,260.854
3027201,8/30/17,47,GROCERY I,87,8134
3027207,8/30/17,47,HOME CARE,7,852
3027209,8/30/17,47,LAWN AND GARDEN,4,25
3027213,8/30/17,47,MEATS,0,1231.028
3027214,8/30/17,47,PERSONAL CARE,19,880
3027216,8/30/17,47,PLAYERS AND ELECTRONICS,0,10
3027217,8/30/17,47,POULTRY,0,1592.196
3027218,8/30/17,47,PREPARED FOODS,0,339.046
3027219,8/30/17,47,PRODUCE,224,8630.106
3027221,8/30/17,47,SEAFOOD,1,96.708
3027222,8/30/17,48,AUTOMOTIVE,0,11
3027225,8/30/17,48,BEVERAGES,42,1390
3027227,8/30/17,48,BREAD/BAKERY,11,437.845
3027228,8/30/17,48,CELEBRATION,0,25
3027229,8/30/17,48,CLEANING,17,1315
3027230,8/30/17,48,DAIRY,17,872
3027231,8/30/17,48,DELI,10,404.964
3027232,8/30/17,48,EGGS,0,62
3027233,8/30/17,48,FROZEN FOODS,1,119.081
3027234,8/30/17,48,GROCERY I,87,4600
3027236,8/30/17,48,HARDWARE,0,3
3027240,8/30/17,48,HOME CARE,5,822
3027246,8/30/17,48,MEATS,0,1003.731
3027247,8/30/17,48,PERSONAL CARE,15,500
3027249,8/30/17,48,PLAYERS AND ELECTRONICS,0,22
3027250,8/30/17,48,POULTRY,0,754.414
3027251,8/30/17,48,PREPARED FOODS,0,117.881
3027252,8/30/17,48,PRODUCE,202,2135.061
3027254,8/30/17,48,SEAFOOD,1,11.071
3027255,8/30/17,49,AUTOMOTIVE,0,12
3027258,8/30/17,49,BEVERAGES,37,6090
3027260,8/30/17,49,BREAD/BAKERY,13,716.128
3027262,8/30/17,49,CLEANING,14,1550
3027263,8/30/17,49,DAIRY,19,1716
3027264,8/30/17,49,DELI,10,313.102
3027265,8/30/17,49,EGGS,0,375
3027266,8/30/17,49,FROZEN FOODS,1,307.788
3027267,8/30/17,49,GROCERY I,90,5463
3027273,8/30/17,49,HOME CARE,6,358
3027275,8/30/17,49,LAWN AND GARDEN,8,15
3027279,8/30/17,49,MEATS,0,983.105
3027280,8/30/17,49,PERSONAL CARE,13,270
3027282,8/30/17,49,PLAYERS AND ELECTRONICS,0,30
3027283,8/30/17,49,POULTRY,0,1041.163
3027284,8/30/17,49,PREPARED FOODS,0,326.18
3027285,8/30/17,49,PRODUCE,248,8248.459
3027287,8/30/17,49,SEAFOOD,1,96.911
3027291,8/30/17,5,BEVERAGES,34,681
3027293,8/30/17,5,BREAD/BAKERY,11,275.637
3027294,8/30/17,5,CELEBRATION,0,27
3027295,8/30/17,5,CLEANING,14,838
3027296,8/30/17,5,DAIRY,17,510
3027297,8/30/17,5,DELI,10,305.384
3027298,8/30/17,5,EGGS,0,117
3027299,8/30/17,5,FROZEN FOODS,0,125.135
3027300,8/30/17,5,GROCERY I,83,2713
3027306,8/30/17,5,HOME CARE,5,337
3027308,8/30/17,5,LAWN AND GARDEN,3,1
3027312,8/30/17,5,MEATS,0,279.986
3027313,8/30/17,5,PERSONAL CARE,15,256
3027316,8/30/17,5,POULTRY,0,241.7
3027317,8/30/17,5,PREPARED FOODS,0,78.573
3027318,8/30/17,5,PRODUCE,170,4
3027320,8/30/17,5,SEAFOOD,1,30.582
3027321,8/30/17,50,AUTOMOTIVE,0,17
3027324,8/30/17,50,BEVERAGES,39,1463
3027326,8/30/17,50,BREAD/BAKERY,12,466.783
3027327,8/30/17,50,CELEBRATION,0,29
3027328,8/30/17,50,CLEANING,12,1421
3027329,8/30/17,50,DAIRY,17,1094
3027330,8/30/17,50,DELI,11,368.328
3027331,8/30/17,50,EGGS,0,103
3027332,8/30/17,50,FROZEN FOODS,1,123
3027333,8/30/17,50,GROCERY I,76,5329
3027337,8/30/17,50,HOME AND KITCHEN II,3,29
3027339,8/30/17,50,HOME CARE,4,505
3027345,8/30/17,50,MEATS,0,521.215
3027346,8/30/17,50,PERSONAL CARE,12,295
3027348,8/30/17,50,PLAYERS AND ELECTRONICS,0,21
3027349,8/30/17,50,POULTRY,0,531.095
3027350,8/30/17,50,PREPARED FOODS,0,116.573
3027351,8/30/17,50,PRODUCE,231,2931.032
3027353,8/30/17,50,SEAFOOD,1,29.085001
3027357,8/30/17,51,BEVERAGES,37,7311
3027359,8/30/17,51,BREAD/BAKERY,11,1148.096
3027360,8/30/17,51,CELEBRATION,0,8
3027361,8/30/17,51,CLEANING,14,2098
3027362,8/30/17,51,DAIRY,18,2104
3027363,8/30/17,51,DELI,10,328.069
3027364,8/30/17,51,EGGS,0,367
3027365,8/30/17,51,FROZEN FOODS,1,628.92
3027366,8/30/17,51,GROCERY I,81,6223
3027369,8/30/17,51,HOME AND KITCHEN I,1,5
3027372,8/30/17,51,HOME CARE,3,400
3027374,8/30/17,51,LAWN AND GARDEN,10,6
3027378,8/30/17,51,MEATS,0,509.478
3027379,8/30/17,51,PERSONAL CARE,10,544
3027381,8/30/17,51,PLAYERS AND ELECTRONICS,0,20
3027382,8/30/17,51,POULTRY,0,694.898
3027383,8/30/17,51,PREPARED FOODS,0,200
3027384,8/30/17,51,PRODUCE,214,9940.145
3027386,8/30/17,51,SEAFOOD,1,111.006
3027423,8/30/17,53,BEVERAGES,29,510
3027425,8/30/17,53,BREAD/BAKERY,7,335.096
3027426,8/30/17,53,CELEBRATION,0,6
3027427,8/30/17,53,CLEANING,14,489
3027428,8/30/17,53,DAIRY,16,335
3027429,8/30/17,53,DELI,10,110.476
3027430,8/30/17,53,EGGS,0,48
3027431,8/30/17,53,FROZEN FOODS,0,141
3027432,8/30/17,53,GROCERY I,68,1557
3027438,8/30/17,53,HOME CARE,2,204
3027444,8/30/17,53,MEATS,0,236.905
3027445,8/30/17,53,PERSONAL CARE,7,136
3027447,8/30/17,53,PLAYERS AND ELECTRONICS,0,12
3027448,8/30/17,53,POULTRY,0,164.829
3027449,8/30/17,53,PREPARED FOODS,0,56.444
3027450,8/30/17,53,PRODUCE,163,2711.263
3027452,8/30/17,53,SEAFOOD,1,5
3027453,8/30/17,54,AUTOMOTIVE,0,2
3027455,8/30/17,54,BEAUTY,0,1
3027456,8/30/17,54,BEVERAGES,27,872
3027458,8/30/17,54,BREAD/BAKERY,1,136
3027459,8/30/17,54,CELEBRATION,0,1
3027460,8/30/17,54,CLEANING,18,611
3027461,8/30/17,54,DAIRY,53,154
3027462,8/30/17,54,DELI,6,143
3027463,8/30/17,54,EGGS,1,30
3027464,8/30/17,54,FROZEN FOODS,0,10.166
3027465,8/30/17,54,GROCERY I,56,1519
3027466,8/30/17,54,GROCERY II,0,6
3027467,8/30/17,54,HARDWARE,0,2
3027468,8/30/17,54,HOME AND KITCHEN I,0,14
3027469,8/30/17,54,HOME AND KITCHEN II,0,11
3027471,8/30/17,54,HOME CARE,7,138
3027474,8/30/17,54,LINGERIE,0,9
3027477,8/30/17,54,MEATS,0,58.312
3027478,8/30/17,54,PERSONAL CARE,5,122
3027481,8/30/17,54,POULTRY,0,34.337
3027482,8/30/17,54,PREPARED FOODS,0,99
3027483,8/30/17,54,PRODUCE,1,653.491
3027485,8/30/17,54,SEAFOOD,0,3
3027488,8/30/17,6,BEAUTY,0,3
3027489,8/30/17,6,BEVERAGES,42,1050
3027491,8/30/17,6,BREAD/BAKERY,14,346.316
3027492,8/30/17,6,CELEBRATION,0,11
3027493,8/30/17,6,CLEANING,14,797
3027494,8/30/17,6,DAIRY,16,715
3027495,8/30/17,6,DELI,10,230.665
3027496,8/30/17,6,EGGS,0,144
3027497,8/30/17,6,FROZEN FOODS,1,135
3027498,8/30/17,6,GROCERY I,78,3073
3027504,8/30/17,6,HOME CARE,2,373
3027506,8/30/17,6,LAWN AND GARDEN,5,7
3027508,8/30/17,6,LIQUOR WINE BEER,3,59
3027510,8/30/17,6,MEATS,2,595.626
3027511,8/30/17,6,PERSONAL CARE,12,401
3027514,8/30/17,6,POULTRY,0,870.827
3027515,8/30/17,6,PREPARED FOODS,0,162.702
3027516,8/30/17,6,PRODUCE,189,29
3027518,8/30/17,6,SEAFOOD,1,40.726
3027522,8/30/17,7,BEVERAGES,36,2272
3027524,8/30/17,7,BREAD/BAKERY,11,518.276
3027525,8/30/17,7,CELEBRATION,0,17
3027526,8/30/17,7,CLEANING,11,1059
3027527,8/30/17,7,DAIRY,19,1025
3027528,8/30/17,7,DELI,11,163.209
3027529,8/30/17,7,EGGS,0,263
3027530,8/30/17,7,FROZEN FOODS,1,208
3027531,8/30/17,7,GROCERY I,81,3906
3027537,8/30/17,7,HOME CARE,5,308
3027539,8/30/17,7,LAWN AND GARDEN,13,24
3027543,8/30/17,7,MEATS,0,696.255
3027544,8/30/17,7,PERSONAL CARE,10,230
3027546,8/30/17,7,PLAYERS AND ELECTRONICS,0,14
3027547,8/30/17,7,POULTRY,0,887.265
3027548,8/30/17,7,PREPARED FOODS,0,212.95801
3027549,8/30/17,7,PRODUCE,229,2
3027551,8/30/17,7,SEAFOOD,1,72.985
3027555,8/30/17,8,BEVERAGES,38,1600
3027557,8/30/17,8,BREAD/BAKERY,10,509.29102
3027559,8/30/17,8,CLEANING,15,1200
3027560,8/30/17,8,DAIRY,16,1376
3027561,8/30/17,8,DELI,10,282.744
3027562,8/30/17,8,EGGS,0,358
3027563,8/30/17,8,FROZEN FOODS,0,170
3027564,8/30/17,8,GROCERY I,89,3998
3027570,8/30/17,8,HOME CARE,6,365
3027572,8/30/17,8,LAWN AND GARDEN,7,15
3027576,8/30/17,8,MEATS,0,1129.43
3027577,8/30/17,8,PERSONAL CARE,12,254
3027579,8/30/17,8,PLAYERS AND ELECTRONICS,0,12
3027580,8/30/17,8,POULTRY,0,588.473
3027581,8/30/17,8,PREPARED FOODS,0,226.95
3027582,8/30/17,8,PRODUCE,236,1
3027584,8/30/17,8,SEAFOOD,1,73.304
3027585,8/30/17,9,AUTOMOTIVE,0,21
3027588,8/30/17,9,BEVERAGES,31,2217
3027590,8/30/17,9,BREAD/BAKERY,3,521
3027592,8/30/17,9,CLEANING,24,1752
3027593,8/30/17,9,DAIRY,146,584
3027594,8/30/17,9,DELI,8,602.9347
3027595,8/30/17,9,EGGS,1,136
3027596,8/30/17,9,FROZEN FOODS,0,61.495
3027597,8/30/17,9,GROCERY I,82,7685
3027598,8/30/17,9,GROCERY II,0,18
3027600,8/30/17,9,HOME AND KITCHEN I,1,44
3027603,8/30/17,9,HOME CARE,9,696
3027604,8/30/17,9,LADIESWEAR,0,14
3027605,8/30/17,9,LAWN AND GARDEN,0,3
3027609,8/30/17,9,MEATS,0,404.3831
3027610,8/30/17,9,PERSONAL CARE,12,334
3027613,8/30/17,9,POULTRY,0,613.71704
3027614,8/30/17,9,PREPARED FOODS,0,56.86
3027615,8/30/17,9,PRODUCE,1,1906.603
3027617,8/30/17,9,SEAFOOD,0,22.9274
3027621,8/31/17,1,BEVERAGES,33,2803
3027623,8/31/17,1,BREAD/BAKERY,4,232.343
3027624,8/31/17,1,CELEBRATION,0,13
3027625,8/31/17,1,CLEANING,12,720
3027626,8/31/17,1,DAIRY,11,710
3027627,8/31/17,1,DELI,5,144.572
3027628,8/31/17,1,EGGS,0,163
3027629,8/31/17,1,FROZEN FOODS,1,97
3027630,8/31/17,1,GROCERY I,67,2327
3027636,8/31/17,1,HOME CARE,3,211
3027638,8/31/17,1,LAWN AND GARDEN,0,20
3027642,8/31/17,1,MEATS,0,712.06
3027643,8/31/17,1,PERSONAL CARE,8,145
3027645,8/31/17,1,PLAYERS AND ELECTRONICS,0,7
3027646,8/31/17,1,POULTRY,0,709.636
3027647,8/31/17,1,PREPARED FOODS,0,127.85
3027648,8/31/17,1,PRODUCE,3,3951.501
3027650,8/31/17,1,SEAFOOD,0,30.559
3027651,8/31/17,10,AUTOMOTIVE,0,5
3027653,8/31/17,10,BEAUTY,0,1
3027654,8/31/17,10,BEVERAGES,20,370
3027656,8/31/17,10,BREAD/BAKERY,2,112
3027658,8/31/17,10,CLEANING,19,776
3027659,8/31/17,10,DAIRY,8,336
3027660,8/31/17,10,DELI,6,205
3027661,8/31/17,10,EGGS,1,11
3027662,8/31/17,10,FROZEN FOODS,1,50.571
3027663,8/31/17,10,GROCERY I,63,2463
3027665,8/31/17,10,HARDWARE,0,2
3027666,8/31/17,10,HOME AND KITCHEN I,1,24
3027669,8/31/17,10,HOME CARE,5,310
3027672,8/31/17,10,LINGERIE,0,6
3027675,8/31/17,10,MEATS,19,205.056
3027676,8/31/17,10,PERSONAL CARE,11,131
3027679,8/31/17,10,POULTRY,0,216.878
3027680,8/31/17,10,PREPARED FOODS,0,19
3027681,8/31/17,10,PRODUCE,2,351.215
3027683,8/31/17,10,SEAFOOD,0,5
3027684,8/31/17,11,AUTOMOTIVE,0,6
3027687,8/31/17,11,BEVERAGES,30,1836
3027689,8/31/17,11,BREAD/BAKERY,3,576
3027690,8/31/17,11,CELEBRATION,0,31
3027691,8/31/17,11,CLEANING,24,1189
3027692,8/31/17,11,DAIRY,12,320
3027693,8/31/17,11,DELI,10,244.813
3027694,8/31/17,11,EGGS,1,88
3027695,8/31/17,11,FROZEN FOODS,1,52
3027696,8/31/17,11,GROCERY I,87,6304.683
3027697,8/31/17,11,GROCERY II,0,21
3027699,8/31/17,11,HOME AND KITCHEN I,1,13
3027700,8/31/17,11,HOME AND KITCHEN II,0,13
3027702,8/31/17,11,HOME CARE,8,933
3027703,8/31/17,11,LADIESWEAR,0,16
3027705,8/31/17,11,LINGERIE,0,14
3027706,8/31/17,11,LIQUOR WINE BEER,0,81
3027708,8/31/17,11,MEATS,20,694.64
3027709,8/31/17,11,PERSONAL CARE,14,234
3027711,8/31/17,11,PLAYERS AND ELECTRONICS,0,10
3027712,8/31/17,11,POULTRY,1,776.195
3027713,8/31/17,11,PREPARED FOODS,0,41
3027714,8/31/17,11,PRODUCE,2,1988.468
3027716,8/31/17,11,SEAFOOD,0,14
3027717,8/31/17,12,AUTOMOTIVE,0,9
3027720,8/31/17,12,BEVERAGES,19,517
3027722,8/31/17,12,BREAD/BAKERY,3,152
3027724,8/31/17,12,CLEANING,16,695
3027725,8/31/17,12,DAIRY,11,272
3027726,8/31/17,12,DELI,5,120
3027727,8/31/17,12,EGGS,1,70
3027728,8/31/17,12,FROZEN FOODS,0,52
3027729,8/31/17,12,GROCERY I,65,2088
3027741,8/31/17,12,MEATS,17,159.299
3027742,8/31/17,12,PERSONAL CARE,12,213
3027744,8/31/17,12,PLAYERS AND ELECTRONICS,0,6
3027745,8/31/17,12,POULTRY,0,305.056
3027747,8/31/17,12,PRODUCE,1,341.653
3027753,8/31/17,13,BEVERAGES,17,453
3027755,8/31/17,13,BREAD/BAKERY,3,103
3027757,8/31/17,13,CLEANING,18,594
3027758,8/31/17,13,DAIRY,7,238
3027759,8/31/17,13,DELI,3,85
3027760,8/31/17,13,EGGS,1,54
3027761,8/31/17,13,FROZEN FOODS,1,15
3027762,8/31/17,13,GROCERY I,66,1654
3027769,8/31/17,13,LADIESWEAR,0,5
3027774,8/31/17,13,MEATS,16,131.586
3027775,8/31/17,13,PERSONAL CARE,7,143
3027778,8/31/17,13,POULTRY,0,135.026
3027779,8/31/17,13,PREPARED FOODS,0,14
3027780,8/31/17,13,PRODUCE,1,299.712
3027783,8/31/17,14,AUTOMOTIVE,0,4
3027786,8/31/17,14,BEVERAGES,15,441
3027788,8/31/17,14,BREAD/BAKERY,3,174
3027789,8/31/17,14,CELEBRATION,0,4
3027790,8/31/17,14,CLEANING,18,816
3027791,8/31/17,14,DAIRY,7,483
3027792,8/31/17,14,DELI,4,131
3027793,8/31/17,14,EGGS,1,41
3027794,8/31/17,14,FROZEN FOODS,0,13
3027795,8/31/17,14,GROCERY I,66,1907
3027798,8/31/17,14,HOME AND KITCHEN I,2,8
3027804,8/31/17,14,LINGERIE,0,5
3027805,8/31/17,14,LIQUOR WINE BEER,0,7
3027807,8/31/17,14,MEATS,12,381.589
3027808,8/31/17,14,PERSONAL CARE,10,194
3027811,8/31/17,14,POULTRY,0,86.333
3027812,8/31/17,14,PREPARED FOODS,0,38
3027813,8/31/17,14,PRODUCE,2,479.677
3027816,8/31/17,15,AUTOMOTIVE,0,8
3027818,8/31/17,15,BEAUTY,1,1
3027819,8/31/17,15,BEVERAGES,25,612
3027821,8/31/17,15,BREAD/BAKERY,2,199
3027822,8/31/17,15,CELEBRATION,0,4
3027823,8/31/17,15,CLEANING,21,620
3027824,8/31/17,15,DAIRY,9,329
3027825,8/31/17,15,DELI,5,262
3027826,8/31/17,15,EGGS,2,55
3027827,8/31/17,15,FROZEN FOODS,1,23
3027828,8/31/17,15,GROCERY I,65,3720
3027834,8/31/17,15,HOME CARE,5,233
3027835,8/31/17,15,LADIESWEAR,0,12
3027837,8/31/17,15,LINGERIE,1,1
3027838,8/31/17,15,LIQUOR WINE BEER,1,35
3027840,8/31/17,15,MEATS,16,149.201
3027841,8/31/17,15,PERSONAL CARE,9,180
3027844,8/31/17,15,POULTRY,0,97.654
3027845,8/31/17,15,PREPARED FOODS,1,20
3027846,8/31/17,15,PRODUCE,2,903.658
3027848,8/31/17,15,SEAFOOD,0,3
3027849,8/31/17,16,AUTOMOTIVE,0,5
3027852,8/31/17,16,BEVERAGES,16,401
3027854,8/31/17,16,BREAD/BAKERY,2,181
3027856,8/31/17,16,CLEANING,20,838
3027857,8/31/17,16,DAIRY,7,508
3027858,8/31/17,16,DELI,7,221
3027859,8/31/17,16,EGGS,1,258
3027860,8/31/17,16,FROZEN FOODS,1,12
3027861,8/31/17,16,GROCERY I,58,2578
3027865,8/31/17,16,HOME AND KITCHEN II,1,9
3027873,8/31/17,16,MEATS,15,68.885
3027874,8/31/17,16,PERSONAL CARE,8,164
3027877,8/31/17,16,POULTRY,0,76.512
3027878,8/31/17,16,PREPARED FOODS,0,62
3027879,8/31/17,16,PRODUCE,0,1062.49
3027881,8/31/17,16,SEAFOOD,0,5
3027882,8/31/17,17,AUTOMOTIVE,0,5
3027885,8/31/17,17,BEVERAGES,25,1173
3027887,8/31/17,17,BREAD/BAKERY,3,204
3027889,8/31/17,17,CLEANING,21,772
3027890,8/31/17,17,DAIRY,10,404
3027891,8/31/17,17,DELI,7,232
3027892,8/31/17,17,EGGS,1,72
3027893,8/31/17,17,FROZEN FOODS,1,29
3027894,8/31/17,17,GROCERY I,73,2576
3027897,8/31/17,17,HOME AND KITCHEN I,0,19
3027900,8/31/17,17,HOME CARE,5,267
3027906,8/31/17,17,MEATS,20,220.509
3027907,8/31/17,17,PERSONAL CARE,11,130
3027910,8/31/17,17,POULTRY,1,348.53
3027911,8/31/17,17,PREPARED FOODS,0,59
3027912,8/31/17,17,PRODUCE,1,1054.232
3027914,8/31/17,17,SEAFOOD,0,20
3027915,8/31/17,18,AUTOMOTIVE,0,2
3027918,8/31/17,18,BEVERAGES,22,952
3027920,8/31/17,18,BREAD/BAKERY,3,656
3027922,8/31/17,18,CLEANING,19,602
3027923,8/31/17,18,DAIRY,11,444
3027924,8/31/17,18,DELI,9,154.771
3027925,8/31/17,18,EGGS,1,112
3027926,8/31/17,18,FROZEN FOODS,1,28
3027927,8/31/17,18,GROCERY I,72,1607.357
3027933,8/31/17,18,HOME CARE,7,204
3027939,8/31/17,18,MEATS,19,162.8255
3027940,8/31/17,18,PERSONAL CARE,11,118
3027943,8/31/17,18,POULTRY,1,165.4432
3027944,8/31/17,18,PREPARED FOODS,0,45
3027945,8/31/17,18,PRODUCE,2,2035.715
3027947,8/31/17,18,SEAFOOD,0,7.6296
3027951,8/31/17,19,BEVERAGES,22,1060
3027953,8/31/17,19,BREAD/BAKERY,3,222
3027955,8/31/17,19,CLEANING,16,1342
3027956,8/31/17,19,DAIRY,7,444
3027957,8/31/17,19,DELI,5,146
3027958,8/31/17,19,EGGS,1,243
3027959,8/31/17,19,FROZEN FOODS,0,31
3027960,8/31/17,19,GROCERY I,69,1987
3027966,8/31/17,19,HOME CARE,6,258
3027972,8/31/17,19,MEATS,15,140.98401
3027973,8/31/17,19,PERSONAL CARE,8,175
3027974,8/31/17,19,PET SUPPLIES,0,1
3027976,8/31/17,19,POULTRY,0,96.194
3027977,8/31/17,19,PREPARED FOODS,0,26
3027978,8/31/17,19,PRODUCE,1,424.717
3027984,8/31/17,2,BEVERAGES,34,1044
3027986,8/31/17,2,BREAD/BAKERY,10,338.022
3027987,8/31/17,2,CELEBRATION,0,10
3027988,8/31/17,2,CLEANING,12,838
3027989,8/31/17,2,DAIRY,18,827
3027990,8/31/17,2,DELI,10,232.299
3027991,8/31/17,2,EGGS,0,187
3027992,8/31/17,2,FROZEN FOODS,0,117
3027993,8/31/17,2,GROCERY I,75,3052
3027999,8/31/17,2,HOME CARE,2,294
3028001,8/31/17,2,LAWN AND GARDEN,0,9
3028004,8/31/17,2,MAGAZINES,0,3
3028005,8/31/17,2,MEATS,0,388.863
3028006,8/31/17,2,PERSONAL CARE,12,242
3028008,8/31/17,2,PLAYERS AND ELECTRONICS,0,8
3028009,8/31/17,2,POULTRY,0,713.881
3028010,8/31/17,2,PREPARED FOODS,0,122.783005
3028011,8/31/17,2,PRODUCE,3,37
3028013,8/31/17,2,SEAFOOD,0,33.77
3028116,8/31/17,23,BEVERAGES,33,397
3028118,8/31/17,23,BREAD/BAKERY,11,226.65
3028120,8/31/17,23,CLEANING,10,589
3028121,8/31/17,23,DAIRY,10,494
3028122,8/31/17,23,DELI,8,102.628
3028123,8/31/17,23,EGGS,0,45
3028124,8/31/17,23,FROZEN FOODS,1,81
3028125,8/31/17,23,GROCERY I,66,1557
3028131,8/31/17,23,HOME CARE,1,178
3028137,8/31/17,23,MEATS,0,555.362
3028138,8/31/17,23,PERSONAL CARE,10,218
3028140,8/31/17,23,PLAYERS AND ELECTRONICS,0,8
3028141,8/31/17,23,POULTRY,0,460.176
3028142,8/31/17,23,PREPARED FOODS,0,53.551
3028143,8/31/17,23,PRODUCE,0,3
3028145,8/31/17,23,SEAFOOD,0,21.391
3028149,8/31/17,24,BEVERAGES,32,2678
3028151,8/31/17,24,BREAD/BAKERY,13,720.787
3028153,8/31/17,24,CLEANING,16,858
3028154,8/31/17,24,DAIRY,16,905
3028155,8/31/17,24,DELI,11,193.168
3028156,8/31/17,24,EGGS,0,181
3028157,8/31/17,24,FROZEN FOODS,1,171.753
3028158,8/31/17,24,GROCERY I,63,2829
3028164,8/31/17,24,HOME CARE,1,294
3028166,8/31/17,24,LAWN AND GARDEN,0,8
3028170,8/31/17,24,MEATS,0,415.47
3028171,8/31/17,24,PERSONAL CARE,7,271
3028174,8/31/17,24,POULTRY,0,541.872
3028175,8/31/17,24,PREPARED FOODS,0,101.526
3028176,8/31/17,24,PRODUCE,3,6300.022
3028178,8/31/17,24,SEAFOOD,1,54.814
3028182,8/31/17,25,BEVERAGES,30,659
3028184,8/31/17,25,BREAD/BAKERY,12,289.614
3028185,8/31/17,25,CELEBRATION,0,9
3028186,8/31/17,25,CLEANING,13,392
3028187,8/31/17,25,DAIRY,17,388
3028188,8/31/17,25,DELI,5,132.409
3028189,8/31/17,25,EGGS,1,130
3028190,8/31/17,25,FROZEN FOODS,0,61
3028191,8/31/17,25,GROCERY I,51,945
3028197,8/31/17,25,HOME CARE,0,82
3028199,8/31/17,25,LAWN AND GARDEN,0,4
3028203,8/31/17,25,MEATS,1,284.116
3028204,8/31/17,25,PERSONAL CARE,6,84
3028207,8/31/17,25,POULTRY,1,244.18
3028208,8/31/17,25,PREPARED FOODS,0,70.653
3028209,8/31/17,25,PRODUCE,0,1920.234
3028211,8/31/17,25,SEAFOOD,0,5
3028215,8/31/17,26,BEVERAGES,32,307
3028217,8/31/17,26,BREAD/BAKERY,6,221
3028218,8/31/17,26,CELEBRATION,0,10
3028219,8/31/17,26,CLEANING,5,361
3028220,8/31/17,26,DAIRY,8,177
3028221,8/31/17,26,DELI,1,110.341
3028222,8/31/17,26,EGGS,0,37
3028223,8/31/17,26,FROZEN FOODS,1,25
3028224,8/31/17,26,GROCERY I,52,1101
3028230,8/31/17,26,HOME CARE,2,154
3028236,8/31/17,26,MEATS,0,328.973
3028237,8/31/17,26,PERSONAL CARE,5,108
3028239,8/31/17,26,PLAYERS AND ELECTRONICS,0,6
3028240,8/31/17,26,POULTRY,0,90.538
3028241,8/31/17,26,PREPARED FOODS,0,5
3028242,8/31/17,26,PRODUCE,1,623.403
3028244,8/31/17,26,SEAFOOD,0,3.53
3028248,8/31/17,27,BEVERAGES,34,2801
3028250,8/31/17,27,BREAD/BAKERY,14,402.836
3028251,8/31/17,27,CELEBRATION,0,18
3028252,8/31/17,27,CLEANING,11,444
3028253,8/31/17,27,DAIRY,16,507
3028254,8/31/17,27,DELI,6,192.817
3028255,8/31/17,27,EGGS,0,127
3028256,8/31/17,27,FROZEN FOODS,1,87
3028257,8/31/17,27,GROCERY I,63,2053
3028263,8/31/17,27,HOME CARE,2,213
3028265,8/31/17,27,LAWN AND GARDEN,0,7
3028269,8/31/17,27,MEATS,0,180.439
3028270,8/31/17,27,PERSONAL CARE,10,134
3028272,8/31/17,27,PLAYERS AND ELECTRONICS,0,3
3028273,8/31/17,27,POULTRY,0,278.428
3028274,8/31/17,27,PREPARED FOODS,0,89.805
3028275,8/31/17,27,PRODUCE,2,5
3028277,8/31/17,27,SEAFOOD,1,26.337
3028278,8/31/17,28,AUTOMOTIVE,0,15
3028281,8/31/17,28,BEVERAGES,26,938
3028283,8/31/17,28,BREAD/BAKERY,3,379
3028285,8/31/17,28,CLEANING,22,742
3028286,8/31/17,28,DAIRY,12,593
3028287,8/31/17,28,DELI,8,207.552
3028288,8/31/17,28,EGGS,1,576
3028289,8/31/17,28,FROZEN FOODS,0,25
3028290,8/31/17,28,GROCERY I,80,3055.992
3028291,8/31/17,28,GROCERY II,0,4
3028293,8/31/17,28,HOME AND KITCHEN I,1,27
3028295,8/31/17,28,HOME APPLIANCES,0,1
3028296,8/31/17,28,HOME CARE,6,247
3028299,8/31/17,28,LINGERIE,0,22
3028300,8/31/17,28,LIQUOR WINE BEER,1,226
3028302,8/31/17,28,MEATS,24,93.684
3028303,8/31/17,28,PERSONAL CARE,12,212
3028304,8/31/17,28,PET SUPPLIES,0,4
3028306,8/31/17,28,POULTRY,0,171.098
3028307,8/31/17,28,PREPARED FOODS,0,38.507
3028308,8/31/17,28,PRODUCE,2,2646.4429
3028310,8/31/17,28,SEAFOOD,0,3
3028347,8/31/17,3,BEVERAGES,39,3384
3028349,8/31/17,3,BREAD/BAKERY,11,877.256
3028350,8/31/17,3,CELEBRATION,0,16
3028351,8/31/17,3,CLEANING,17,1950
3028352,8/31/17,3,DAIRY,19,1697
3028353,8/31/17,3,DELI,10,328.706
3028354,8/31/17,3,EGGS,0,502
3028355,8/31/17,3,FROZEN FOODS,1,286.856
3028356,8/31/17,3,GROCERY I,93,6162
3028362,8/31/17,3,HOME CARE,2,560
3028364,8/31/17,3,LAWN AND GARDEN,0,22
3028368,8/31/17,3,MEATS,0,1135.474
3028369,8/31/17,3,PERSONAL CARE,13,323
3028371,8/31/17,3,PLAYERS AND ELECTRONICS,0,21
3028372,8/31/17,3,POULTRY,0,1613.129
3028373,8/31/17,3,PREPARED FOODS,0,487.036
3028374,8/31/17,3,PRODUCE,3,5
3028376,8/31/17,3,SEAFOOD,1,122.735
3028380,8/31/17,30,BEVERAGES,26,516
3028382,8/31/17,30,BREAD/BAKERY,3,115
3028384,8/31/17,30,CLEANING,18,337
3028385,8/31/17,30,DAIRY,6,207
3028386,8/31/17,30,DELI,3,92
3028387,8/31/17,30,EGGS,1,154
3028388,8/31/17,30,FROZEN FOODS,1,28
3028389,8/31/17,30,GROCERY I,61,1120
3028401,8/31/17,30,MEATS,20,83.821
3028402,8/31/17,30,PERSONAL CARE,7,84
3028405,8/31/17,30,POULTRY,0,123.522995
3028407,8/31/17,30,PRODUCE,1,823.68
3028410,8/31/17,31,AUTOMOTIVE,0,12
3028413,8/31/17,31,BEVERAGES,28,791
3028415,8/31/17,31,BREAD/BAKERY,3,288
3028416,8/31/17,31,CELEBRATION,0,6
3028417,8/31/17,31,CLEANING,25,754
3028418,8/31/17,31,DAIRY,5,877
3028419,8/31/17,31,DELI,5,199.965
3028420,8/31/17,31,EGGS,1,185
3028421,8/31/17,31,FROZEN FOODS,1,47.727
3028422,8/31/17,31,GROCERY I,76,2346.024
3028423,8/31/17,31,GROCERY II,0,7
3028425,8/31/17,31,HOME AND KITCHEN I,1,18
3028426,8/31/17,31,HOME AND KITCHEN II,1,8
3028428,8/31/17,31,HOME CARE,7,304
3028434,8/31/17,31,MEATS,21,399.5386
3028435,8/31/17,31,PERSONAL CARE,10,278
3028438,8/31/17,31,POULTRY,0,146.829
3028439,8/31/17,31,PREPARED FOODS,0,49
3028440,8/31/17,31,PRODUCE,1,2304.033
3028442,8/31/17,31,SEAFOOD,0,1
3028446,8/31/17,32,BEVERAGES,19,208
3028448,8/31/17,32,BREAD/BAKERY,2,101
3028450,8/31/17,32,CLEANING,15,231
3028451,8/31/17,32,DAIRY,1,84
3028452,8/31/17,32,DELI,1,80
3028453,8/31/17,32,EGGS,1,93
3028454,8/31/17,32,FROZEN FOODS,0,5
3028455,8/31/17,32,GROCERY I,61,807
3028458,8/31/17,32,HOME AND KITCHEN I,0,17
3028461,8/31/17,32,HOME CARE,5,81
3028464,8/31/17,32,LINGERIE,0,1
3028467,8/31/17,32,MEATS,17,60.69
3028468,8/31/17,32,PERSONAL CARE,5,64
3028471,8/31/17,32,POULTRY,0,82.32
3028473,8/31/17,32,PRODUCE,0,325.106
3028476,8/31/17,33,AUTOMOTIVE,7,3
3028478,8/31/17,33,BEAUTY,1,1
3028479,8/31/17,33,BEVERAGES,258,431
3028481,8/31/17,33,BREAD/BAKERY,46,231
3028482,8/31/17,33,CELEBRATION,7,5
3028483,8/31/17,33,CLEANING,213,692
3028484,8/31/17,33,DAIRY,111,380
3028485,8/31/17,33,DELI,52,160
3028486,8/31/17,33,EGGS,15,194
3028487,8/31/17,33,FROZEN FOODS,11,39
3028488,8/31/17,33,GROCERY I,592,2189
3028490,8/31/17,33,HARDWARE,0,1
3028491,8/31/17,33,HOME AND KITCHEN I,16,25
3028492,8/31/17,33,HOME AND KITCHEN II,9,5
3028493,8/31/17,33,HOME APPLIANCES,0,1
3028494,8/31/17,33,HOME CARE,61,190
3028497,8/31/17,33,LINGERIE,12,18
3028498,8/31/17,33,LIQUOR WINE BEER,12,111
3028500,8/31/17,33,MEATS,22,291.105
3028501,8/31/17,33,PERSONAL CARE,70,256
3028503,8/31/17,33,PLAYERS AND ELECTRONICS,1,4
3028504,8/31/17,33,POULTRY,15,245.133
3028505,8/31/17,33,PREPARED FOODS,5,31
3028506,8/31/17,33,PRODUCE,97,2103.285
3028508,8/31/17,33,SEAFOOD,1,8
3028509,8/31/17,34,AUTOMOTIVE,0,5
3028512,8/31/17,34,BEVERAGES,26,1064
3028514,8/31/17,34,BREAD/BAKERY,2,470
3028515,8/31/17,34,CELEBRATION,0,28
3028516,8/31/17,34,CLEANING,23,844
3028517,8/31/17,34,DAIRY,5,526
3028518,8/31/17,34,DELI,4,185.98
3028519,8/31/17,34,EGGS,1,135
3028520,8/31/17,34,FROZEN FOODS,0,111.486
3028521,8/31/17,34,GROCERY I,77,2515.524
3028522,8/31/17,34,GROCERY II,0,5
3028524,8/31/17,34,HOME AND KITCHEN I,0,25
3028525,8/31/17,34,HOME AND KITCHEN II,2,44
3028526,8/31/17,34,HOME APPLIANCES,0,1
3028527,8/31/17,34,HOME CARE,8,343
3028530,8/31/17,34,LINGERIE,0,18
3028533,8/31/17,34,MEATS,22,198.817
3028534,8/31/17,34,PERSONAL CARE,10,304
3028537,8/31/17,34,POULTRY,0,157.826
3028538,8/31/17,34,PREPARED FOODS,0,27
3028539,8/31/17,34,PRODUCE,0,1492.19
3028541,8/31/17,34,SEAFOOD,0,9
3028542,8/31/17,35,AUTOMOTIVE,0,1
3028544,8/31/17,35,BEAUTY,1,1
3028545,8/31/17,35,BEVERAGES,28,374
3028547,8/31/17,35,BREAD/BAKERY,1,50
3028548,8/31/17,35,CELEBRATION,0,7
3028549,8/31/17,35,CLEANING,16,205
3028550,8/31/17,35,DAIRY,4,109
3028551,8/31/17,35,DELI,2,26
3028552,8/31/17,35,EGGS,1,108
3028553,8/31/17,35,FROZEN FOODS,0,11.877
3028554,8/31/17,35,GROCERY I,69,862
3028555,8/31/17,35,GROCERY II,0,3
3028556,8/31/17,35,HARDWARE,0,1
3028557,8/31/17,35,HOME AND KITCHEN I,1,11
3028558,8/31/17,35,HOME AND KITCHEN II,0,13
3028559,8/31/17,35,HOME APPLIANCES,0,1
3028560,8/31/17,35,HOME CARE,7,104
3028563,8/31/17,35,LINGERIE,0,7
3028566,8/31/17,35,MEATS,20,193.307
3028567,8/31/17,35,PERSONAL CARE,6,43
3028570,8/31/17,35,POULTRY,0,81.097
3028571,8/31/17,35,PREPARED FOODS,0,19
3028572,8/31/17,35,PRODUCE,1,627.733
3028574,8/31/17,35,SEAFOOD,0,1
3028575,8/31/17,36,AUTOMOTIVE,0,5
3028578,8/31/17,36,BEVERAGES,26,1025
3028580,8/31/17,36,BREAD/BAKERY,1,465
3028581,8/31/17,36,CELEBRATION,0,9
3028582,8/31/17,36,CLEANING,20,859
3028583,8/31/17,36,DAIRY,7,528
3028584,8/31/17,36,DELI,8,154.806
3028585,8/31/17,36,EGGS,1,115
3028586,8/31/17,36,FROZEN FOODS,1,78.06
3028587,8/31/17,36,GROCERY I,69,1881.333
3028590,8/31/17,36,HOME AND KITCHEN I,1,31
3028591,8/31/17,36,HOME AND KITCHEN II,1,5
3028593,8/31/17,36,HOME CARE,5,269
3028595,8/31/17,36,LAWN AND GARDEN,0,4
3028596,8/31/17,36,LINGERIE,0,14
3028599,8/31/17,36,MEATS,22,107.645
3028600,8/31/17,36,PERSONAL CARE,7,169
3028603,8/31/17,36,POULTRY,0,76.678
3028604,8/31/17,36,PREPARED FOODS,0,30.554
3028605,8/31/17,36,PRODUCE,1,2792.749
3028607,8/31/17,36,SEAFOOD,0,1
3028611,8/31/17,37,BEVERAGES,41,1064
3028613,8/31/17,37,BREAD/BAKERY,12,488.135
3028614,8/31/17,37,CELEBRATION,0,11
3028615,8/31/17,37,CLEANING,9,1074
3028616,8/31/17,37,DAIRY,11,938
3028617,8/31/17,37,DELI,9,116.798996
3028618,8/31/17,37,EGGS,0,181
3028619,8/31/17,37,FROZEN FOODS,0,191
3028620,8/31/17,37,GROCERY I,73,3404
3028626,8/31/17,37,HOME CARE,3,376
3028628,8/31/17,37,LAWN AND GARDEN,0,10
3028632,8/31/17,37,MEATS,0,543.763
3028633,8/31/17,37,PERSONAL CARE,14,212
3028635,8/31/17,37,PLAYERS AND ELECTRONICS,0,13
3028636,8/31/17,37,POULTRY,0,264.094
3028637,8/31/17,37,PREPARED FOODS,0,164.836
3028638,8/31/17,37,PRODUCE,1,7
3028640,8/31/17,37,SEAFOOD,0,17.774
3028644,8/31/17,38,BEVERAGES,35,611
3028646,8/31/17,38,BREAD/BAKERY,11,698.825
3028647,8/31/17,38,CELEBRATION,0,14
3028648,8/31/17,38,CLEANING,14,847
3028649,8/31/17,38,DAIRY,16,827
3028650,8/31/17,38,DELI,9,180.008
3028651,8/31/17,38,EGGS,0,98
3028652,8/31/17,38,FROZEN FOODS,1,160
3028653,8/31/17,38,GROCERY I,70,2870
3028659,8/31/17,38,HOME CARE,3,443
3028661,8/31/17,38,LAWN AND GARDEN,0,7
3028663,8/31/17,38,LIQUOR WINE BEER,2,32
3028665,8/31/17,38,MEATS,0,155.259
3028666,8/31/17,38,PERSONAL CARE,13,269
3028668,8/31/17,38,PLAYERS AND ELECTRONICS,0,11
3028669,8/31/17,38,POULTRY,0,172.089
3028670,8/31/17,38,PREPARED FOODS,0,165.418
3028671,8/31/17,38,PRODUCE,1,1
3028673,8/31/17,38,SEAFOOD,0,19.067001
3028674,8/31/17,39,AUTOMOTIVE,0,4
3028676,8/31/17,39,BEAUTY,1,3
3028677,8/31/17,39,BEVERAGES,27,658
3028679,8/31/17,39,BREAD/BAKERY,3,539
3028681,8/31/17,39,CLEANING,25,1056
3028682,8/31/17,39,DAIRY,11,535
3028683,8/31/17,39,DELI,8,134.31
3028684,8/31/17,39,EGGS,1,221
3028685,8/31/17,39,FROZEN FOODS,1,43
3028686,8/31/17,39,GROCERY I,75,3484.952
3028688,8/31/17,39,HARDWARE,0,1
3028690,8/31/17,39,HOME AND KITCHEN II,2,14
3028692,8/31/17,39,HOME CARE,5,292
3028693,8/31/17,39,LADIESWEAR,0,14
3028694,8/31/17,39,LAWN AND GARDEN,0,8
3028695,8/31/17,39,LINGERIE,3,8
3028698,8/31/17,39,MEATS,21,112.365
3028699,8/31/17,39,PERSONAL CARE,11,203
3028702,8/31/17,39,POULTRY,0,167.5024
3028703,8/31/17,39,PREPARED FOODS,0,84.007
3028704,8/31/17,39,PRODUCE,1,2463.323
3028706,8/31/17,39,SEAFOOD,0,11
3028710,8/31/17,4,BEVERAGES,40,1821
3028712,8/31/17,4,BREAD/BAKERY,9,267.395
3028713,8/31/17,4,CELEBRATION,0,5
3028714,8/31/17,4,CLEANING,15,542
3028715,8/31/17,4,DAIRY,15,558
3028716,8/31/17,4,DELI,11,178.768
3028717,8/31/17,4,EGGS,0,135
3028718,8/31/17,4,FROZEN FOODS,1,104.375
3028719,8/31/17,4,GROCERY I,77,2055
3028725,8/31/17,4,HOME CARE,3,364
3028727,8/31/17,4,LAWN AND GARDEN,0,10
3028731,8/31/17,4,MEATS,0,231.781
3028734,8/31/17,4,PLAYERS AND ELECTRONICS,0,8
3028735,8/31/17,4,POULTRY,0,530.02
3028736,8/31/17,4,PREPARED FOODS,0,88.19
3028737,8/31/17,4,PRODUCE,1,3832.635
3028739,8/31/17,4,SEAFOOD,1,41.473
3028740,8/31/17,40,AUTOMOTIVE,0,6
3028743,8/31/17,40,BEVERAGES,28,863
3028745,8/31/17,40,BREAD/BAKERY,3,292
3028746,8/31/17,40,CELEBRATION,0,21
3028747,8/31/17,40,CLEANING,22,807
3028748,8/31/17,40,DAIRY,5,555
3028749,8/31/17,40,DELI,6,216
3028750,8/31/17,40,EGGS,1,102
3028751,8/31/17,40,FROZEN FOODS,1,36.973
3028752,8/31/17,40,GROCERY I,73,3122
3028753,8/31/17,40,GROCERY II,0,12
3028755,8/31/17,40,HOME AND KITCHEN I,1,36
3028756,8/31/17,40,HOME AND KITCHEN II,1,9
3028757,8/31/17,40,HOME APPLIANCES,0,1
3028758,8/31/17,40,HOME CARE,6,210
3028761,8/31/17,40,LINGERIE,0,20
3028764,8/31/17,40,MEATS,17,120.335
3028765,8/31/17,40,PERSONAL CARE,12,144
3028768,8/31/17,40,POULTRY,0,145.491
3028769,8/31/17,40,PREPARED FOODS,0,43
3028770,8/31/17,40,PRODUCE,1,1946.614
3028772,8/31/17,40,SEAFOOD,0,5
3028776,8/31/17,41,BEVERAGES,32,618
3028778,8/31/17,41,BREAD/BAKERY,13,289.626
3028779,8/31/17,41,CELEBRATION,0,4
3028780,8/31/17,41,CLEANING,13,640
3028781,8/31/17,41,DAIRY,13,391
3028782,8/31/17,41,DELI,8,200.048
3028783,8/31/17,41,EGGS,0,94
3028784,8/31/17,41,FROZEN FOODS,1,118.998
3028785,8/31/17,41,GROCERY I,63,1913
3028791,8/31/17,41,HOME CARE,2,222
3028793,8/31/17,41,LAWN AND GARDEN,0,5
3028797,8/31/17,41,MEATS,0,103.837
3028798,8/31/17,41,PERSONAL CARE,11,389
3028799,8/31/17,41,PET SUPPLIES,0,6
3028801,8/31/17,41,POULTRY,0,145.053
3028802,8/31/17,41,PREPARED FOODS,0,46.353
3028803,8/31/17,41,PRODUCE,0,2
3028805,8/31/17,41,SEAFOOD,0,12
3028839,8/31/17,43,AUTOMOTIVE,0,4
3028842,8/31/17,43,BEVERAGES,27,1480
3028844,8/31/17,43,BREAD/BAKERY,3,164
3028846,8/31/17,43,CLEANING,24,611
3028847,8/31/17,43,DAIRY,9,300
3028848,8/31/17,43,DELI,7,127
3028849,8/31/17,43,EGGS,1,92
3028850,8/31/17,43,FROZEN FOODS,0,18.630001
3028851,8/31/17,43,GROCERY I,74,2158
3028855,8/31/17,43,HOME AND KITCHEN II,0,12
3028857,8/31/17,43,HOME CARE,7,228
3028863,8/31/17,43,MEATS,20,80.836
3028864,8/31/17,43,PERSONAL CARE,10,142
3028867,8/31/17,43,POULTRY,0,118.133995
3028868,8/31/17,43,PREPARED FOODS,0,84
3028869,8/31/17,43,PRODUCE,0,890.72
3028872,8/31/17,44,AUTOMOTIVE,0,34
3028875,8/31/17,44,BEVERAGES,46,8783
3028877,8/31/17,44,BREAD/BAKERY,15,1080.753
3028878,8/31/17,44,CELEBRATION,0,11
3028879,8/31/17,44,CLEANING,15,2404
3028880,8/31/17,44,DAIRY,20,2129
3028881,8/31/17,44,DELI,11,605.141
3028882,8/31/17,44,EGGS,0,745
3028883,8/31/17,44,FROZEN FOODS,1,525.873
3028884,8/31/17,44,GROCERY I,92,7764
3028885,8/31/17,44,GROCERY II,0,75
3028890,8/31/17,44,HOME CARE,4,615
3028896,8/31/17,44,MEATS,0,1504.193
3028897,8/31/17,44,PERSONAL CARE,15,416
3028899,8/31/17,44,PLAYERS AND ELECTRONICS,0,36
3028900,8/31/17,44,POULTRY,0,1565.993
3028901,8/31/17,44,PREPARED FOODS,0,613.183
3028902,8/31/17,44,PRODUCE,3,15184.537
3028904,8/31/17,44,SEAFOOD,1,145.82199
3028905,8/31/17,45,AUTOMOTIVE,0,14
3028908,8/31/17,45,BEVERAGES,49,3022
3028910,8/31/17,45,BREAD/BAKERY,13,861.942
3028911,8/31/17,45,CELEBRATION,0,26
3028912,8/31/17,45,CLEANING,16,1790
3028913,8/31/17,45,DAIRY,17,1741
3028914,8/31/17,45,DELI,10,592.109
3028915,8/31/17,45,EGGS,0,363
3028916,8/31/17,45,FROZEN FOODS,0,223.435
3028917,8/31/17,45,GROCERY I,95,6509
3028923,8/31/17,45,HOME CARE,5,789
3028929,8/31/17,45,MEATS,0,1599.408
3028930,8/31/17,45,PERSONAL CARE,13,409
3028932,8/31/17,45,PLAYERS AND ELECTRONICS,0,18
3028933,8/31/17,45,POULTRY,0,1571.412
3028934,8/31/17,45,PREPARED FOODS,0,276.04
3028935,8/31/17,45,PRODUCE,4,16
3028937,8/31/17,45,SEAFOOD,1,121.899
3028938,8/31/17,46,AUTOMOTIVE,0,17
3028941,8/31/17,46,BEVERAGES,41,4793
3028943,8/31/17,46,BREAD/BAKERY,14,748.534
3028944,8/31/17,46,CELEBRATION,0,17
3028945,8/31/17,46,CLEANING,17,1887
3028946,8/31/17,46,DAIRY,19,1540
3028947,8/31/17,46,DELI,10,851.216
3028948,8/31/17,46,EGGS,0,153
3028949,8/31/17,46,FROZEN FOODS,1,257.501
3028950,8/31/17,46,GROCERY I,86,6903
3028953,8/31/17,46,HOME AND KITCHEN I,0,43
3028956,8/31/17,46,HOME CARE,3,757
3028958,8/31/17,46,LAWN AND GARDEN,0,10
3028962,8/31/17,46,MEATS,0,1142.723
3028963,8/31/17,46,PERSONAL CARE,14,555
3028965,8/31/17,46,PLAYERS AND ELECTRONICS,0,38
3028966,8/31/17,46,POULTRY,0,1074.8201
3028967,8/31/17,46,PREPARED FOODS,0,170.36499
3028968,8/31/17,46,PRODUCE,3,2508.452
3028970,8/31/17,46,SEAFOOD,1,47.05
3028971,8/31/17,47,AUTOMOTIVE,0,33
3028974,8/31/17,47,BEVERAGES,47,3052
3028976,8/31/17,47,BREAD/BAKERY,13,1381.06
3028977,8/31/17,47,CELEBRATION,0,16
3028978,8/31/17,47,CLEANING,18,2076
3028979,8/31/17,47,DAIRY,18,2038
3028980,8/31/17,47,DELI,10,715.537
3028981,8/31/17,47,EGGS,0,345
3028982,8/31/17,47,FROZEN FOODS,1,260.854
3028983,8/31/17,47,GROCERY I,87,8134
3028989,8/31/17,47,HOME CARE,3,852
3028991,8/31/17,47,LAWN AND GARDEN,0,25
3028995,8/31/17,47,MEATS,0,1231.028
3028996,8/31/17,47,PERSONAL CARE,20,880
3028998,8/31/17,47,PLAYERS AND ELECTRONICS,0,10
3028999,8/31/17,47,POULTRY,1,1592.196
3029000,8/31/17,47,PREPARED FOODS,0,339.046
3029001,8/31/17,47,PRODUCE,4,8630.106
3029003,8/31/17,47,SEAFOOD,1,96.708
3029004,8/31/17,48,AUTOMOTIVE,0,11
3029007,8/31/17,48,BEVERAGES,40,1390
3029009,8/31/17,48,BREAD/BAKERY,11,437.845
3029010,8/31/17,48,CELEBRATION,0,25
3029011,8/31/17,48,CLEANING,19,1315
3029012,8/31/17,48,DAIRY,14,872
3029013,8/31/17,48,DELI,10,404.964
3029014,8/31/17,48,EGGS,0,62
3029015,8/31/17,48,FROZEN FOODS,1,119.081
3029016,8/31/17,48,GROCERY I,85,4600
3029018,8/31/17,48,HARDWARE,0,3
3029022,8/31/17,48,HOME CARE,2,822
3029028,8/31/17,48,MEATS,0,1003.731
3029029,8/31/17,48,PERSONAL CARE,12,500
3029031,8/31/17,48,PLAYERS AND ELECTRONICS,0,22
3029032,8/31/17,48,POULTRY,0,754.414
3029033,8/31/17,48,PREPARED FOODS,0,117.881
3029034,8/31/17,48,PRODUCE,2,2135.061
3029036,8/31/17,48,SEAFOOD,1,11.071
3029037,8/31/17,49,AUTOMOTIVE,0,12
3029040,8/31/17,49,BEVERAGES,40,6090
3029042,8/31/17,49,BREAD/BAKERY,12,716.128
3029044,8/31/17,49,CLEANING,18,1550
3029045,8/31/17,49,DAIRY,19,1716
3029046,8/31/17,49,DELI,10,313.102
3029047,8/31/17,49,EGGS,0,375
3029048,8/31/17,49,FROZEN FOODS,1,307.788
3029049,8/31/17,49,GROCERY I,90,5463
3029055,8/31/17,49,HOME CARE,2,358
3029057,8/31/17,49,LAWN AND GARDEN,0,15
3029061,8/31/17,49,MEATS,0,983.105
3029062,8/31/17,49,PERSONAL CARE,15,270
3029064,8/31/17,49,PLAYERS AND ELECTRONICS,0,30
3029065,8/31/17,49,POULTRY,0,1041.163
3029066,8/31/17,49,PREPARED FOODS,0,326.18
3029067,8/31/17,49,PRODUCE,1,8248.459
3029069,8/31/17,49,SEAFOOD,1,96.911
3029073,8/31/17,5,BEVERAGES,32,681
3029075,8/31/17,5,BREAD/BAKERY,9,275.637
3029076,8/31/17,5,CELEBRATION,0,27
3029077,8/31/17,5,CLEANING,15,838
3029078,8/31/17,5,DAIRY,17,510
3029079,8/31/17,5,DELI,7,305.384
3029080,8/31/17,5,EGGS,0,117
3029081,8/31/17,5,FROZEN FOODS,0,125.135
3029082,8/31/17,5,GROCERY I,71,2713
3029088,8/31/17,5,HOME CARE,0,337
3029090,8/31/17,5,LAWN AND GARDEN,0,1
3029094,8/31/17,5,MEATS,0,279.986
3029095,8/31/17,5,PERSONAL CARE,11,256
3029098,8/31/17,5,POULTRY,0,241.7
3029099,8/31/17,5,PREPARED FOODS,0,78.573
3029100,8/31/17,5,PRODUCE,1,4
3029102,8/31/17,5,SEAFOOD,1,30.582
3029103,8/31/17,50,AUTOMOTIVE,0,17
3029106,8/31/17,50,BEVERAGES,33,1463
3029108,8/31/17,50,BREAD/BAKERY,11,466.783
3029109,8/31/17,50,CELEBRATION,0,29
3029110,8/31/17,50,CLEANING,14,1421
3029111,8/31/17,50,DAIRY,17,1094
3029112,8/31/17,50,DELI,11,368.328
3029113,8/31/17,50,EGGS,0,103
3029114,8/31/17,50,FROZEN FOODS,0,123
3029115,8/31/17,50,GROCERY I,74,5329
3029119,8/31/17,50,HOME AND KITCHEN II,3,29
3029121,8/31/17,50,HOME CARE,2,505
3029127,8/31/17,50,MEATS,0,521.215
3029128,8/31/17,50,PERSONAL CARE,9,295
3029130,8/31/17,50,PLAYERS AND ELECTRONICS,0,21
3029131,8/31/17,50,POULTRY,0,531.095
3029132,8/31/17,50,PREPARED FOODS,0,116.573
3029133,8/31/17,50,PRODUCE,3,2931.032
3029135,8/31/17,50,SEAFOOD,1,29.085001
3029139,8/31/17,51,BEVERAGES,37,7311
3029141,8/31/17,51,BREAD/BAKERY,9,1148.096
3029142,8/31/17,51,CELEBRATION,0,8
3029143,8/31/17,51,CLEANING,8,2098
3029144,8/31/17,51,DAIRY,15,2104
3029145,8/31/17,51,DELI,9,328.069
3029146,8/31/17,51,EGGS,0,367
3029147,8/31/17,51,FROZEN FOODS,1,628.92
3029148,8/31/17,51,GROCERY I,75,6223
3029151,8/31/17,51,HOME AND KITCHEN I,1,5
3029154,8/31/17,51,HOME CARE,0,400
3029156,8/31/17,51,LAWN AND GARDEN,0,6
3029160,8/31/17,51,MEATS,0,509.478
3029161,8/31/17,51,PERSONAL CARE,15,544
3029163,8/31/17,51,PLAYERS AND ELECTRONICS,0,20
3029164,8/31/17,51,POULTRY,0,694.898
3029165,8/31/17,51,PREPARED FOODS,0,200
3029166,8/31/17,51,PRODUCE,1,9940.145
3029168,8/31/17,51,SEAFOOD,1,111.006
3029205,8/31/17,53,BEVERAGES,32,510
3029207,8/31/17,53,BREAD/BAKERY,9,335.096
3029208,8/31/17,53,CELEBRATION,0,6
3029209,8/31/17,53,CLEANING,15,489
3029210,8/31/17,53,DAIRY,13,335
3029211,8/31/17,53,DELI,7,110.476
3029212,8/31/17,53,EGGS,0,48
3029213,8/31/17,53,FROZEN FOODS,0,141
3029214,8/31/17,53,GROCERY I,65,1557
3029220,8/31/17,53,HOME CARE,0,204
3029226,8/31/17,53,MEATS,0,236.905
3029227,8/31/17,53,PERSONAL CARE,7,136
3029229,8/31/17,53,PLAYERS AND ELECTRONICS,0,12
3029230,8/31/17,53,POULTRY,0,164.829
3029231,8/31/17,53,PREPARED FOODS,0,56.444
3029232,8/31/17,53,PRODUCE,1,2711.263
3029234,8/31/17,53,SEAFOOD,0,5
3029235,8/31/17,54,AUTOMOTIVE,0,2
3029237,8/31/17,54,BEAUTY,0,1
3029238,8/31/17,54,BEVERAGES,30,872
3029240,8/31/17,54,BREAD/BAKERY,3,136
3029241,8/31/17,54,CELEBRATION,0,1
3029242,8/31/17,54,CLEANING,16,611
3029243,8/31/17,54,DAIRY,2,154
3029244,8/31/17,54,DELI,5,143
3029245,8/31/17,54,EGGS,1,30
3029246,8/31/17,54,FROZEN FOODS,1,10.166
3029247,8/31/17,54,GROCERY I,60,1519
3029248,8/31/17,54,GROCERY II,0,6
3029249,8/31/17,54,HARDWARE,0,2
3029250,8/31/17,54,HOME AND KITCHEN I,0,14
3029251,8/31/17,54,HOME AND KITCHEN II,1,11
3029253,8/31/17,54,HOME CARE,5,138
3029256,8/31/17,54,LINGERIE,0,9
3029259,8/31/17,54,MEATS,9,58.312
3029260,8/31/17,54,PERSONAL CARE,9,122
3029263,8/31/17,54,POULTRY,0,34.337
3029264,8/31/17,54,PREPARED FOODS,0,99
3029265,8/31/17,54,PRODUCE,1,653.491
3029267,8/31/17,54,SEAFOOD,0,3
3029270,8/31/17,6,BEAUTY,1,3
3029271,8/31/17,6,BEVERAGES,42,1050
3029273,8/31/17,6,BREAD/BAKERY,12,346.316
3029274,8/31/17,6,CELEBRATION,0,11
3029275,8/31/17,6,CLEANING,15,797
3029276,8/31/17,6,DAIRY,18,715
3029277,8/31/17,6,DELI,10,230.665
3029278,8/31/17,6,EGGS,0,144
3029279,8/31/17,6,FROZEN FOODS,1,135
3029280,8/31/17,6,GROCERY I,75,3073
3029286,8/31/17,6,HOME CARE,2,373
3029288,8/31/17,6,LAWN AND GARDEN,0,7
3029290,8/31/17,6,LIQUOR WINE BEER,3,59
3029292,8/31/17,6,MEATS,0,595.626
3029293,8/31/17,6,PERSONAL CARE,13,401
3029296,8/31/17,6,POULTRY,0,870.827
3029297,8/31/17,6,PREPARED FOODS,0,162.702
3029298,8/31/17,6,PRODUCE,2,29
3029300,8/31/17,6,SEAFOOD,1,40.726
3029304,8/31/17,7,BEVERAGES,40,2272
3029306,8/31/17,7,BREAD/BAKERY,10,518.276
3029307,8/31/17,7,CELEBRATION,0,17
3029308,8/31/17,7,CLEANING,10,1059
3029309,8/31/17,7,DAIRY,19,1025
3029310,8/31/17,7,DELI,10,163.209
3029311,8/31/17,7,EGGS,0,263
3029312,8/31/17,7,FROZEN FOODS,1,208
3029313,8/31/17,7,GROCERY I,65,3906
3029319,8/31/17,7,HOME CARE,0,308
3029321,8/31/17,7,LAWN AND GARDEN,0,24
3029325,8/31/17,7,MEATS,0,696.255
3029326,8/31/17,7,PERSONAL CARE,10,230
3029328,8/31/17,7,PLAYERS AND ELECTRONICS,0,14
3029329,8/31/17,7,POULTRY,0,887.265
3029330,8/31/17,7,PREPARED FOODS,0,212.95801
3029331,8/31/17,7,PRODUCE,2,2
3029333,8/31/17,7,SEAFOOD,1,72.985
3029337,8/31/17,8,BEVERAGES,34,1600
3029339,8/31/17,8,BREAD/BAKERY,11,509.29102
3029341,8/31/17,8,CLEANING,8,1200
3029342,8/31/17,8,DAIRY,19,1376
3029343,8/31/17,8,DELI,10,282.744
3029344,8/31/17,8,EGGS,0,358
3029345,8/31/17,8,FROZEN FOODS,1,170
3029346,8/31/17,8,GROCERY I,82,3998
3029352,8/31/17,8,HOME CARE,1,365
3029354,8/31/17,8,LAWN AND GARDEN,0,15
3029358,8/31/17,8,MEATS,0,1129.43
3029359,8/31/17,8,PERSONAL CARE,9,254
3029361,8/31/17,8,PLAYERS AND ELECTRONICS,0,12
3029362,8/31/17,8,POULTRY,0,588.473
3029363,8/31/17,8,PREPARED FOODS,0,226.95
3029364,8/31/17,8,PRODUCE,3,1
3029366,8/31/17,8,SEAFOOD,1,73.304
3029367,8/31/17,9,AUTOMOTIVE,0,21
3029370,8/31/17,9,BEVERAGES,28,2217
3029372,8/31/17,9,BREAD/BAKERY,3,521
3029374,8/31/17,9,CLEANING,21,1752
3029375,8/31/17,9,DAIRY,10,584
3029376,8/31/17,9,DELI,10,602.9347
3029377,8/31/17,9,EGGS,1,136
3029378,8/31/17,9,FROZEN FOODS,0,61.495
3029379,8/31/17,9,GROCERY I,91,7685
3029380,8/31/17,9,GROCERY II,0,18
3029382,8/31/17,9,HOME AND KITCHEN I,1,44
3029385,8/31/17,9,HOME CARE,7,696
3029386,8/31/17,9,LADIESWEAR,0,14
3029387,8/31/17,9,LAWN AND GARDEN,0,3
3029391,8/31/17,9,MEATS,20,404.3831
3029392,8/31/17,9,PERSONAL CARE,14,334
3029395,8/31/17,9,POULTRY,1,613.71704
3029396,8/31/17,9,PREPARED FOODS,0,56.86
3029397,8/31/17,9,PRODUCE,1,1906.603
3029399,8/31/17,9,SEAFOOD,0,22.9274